id,ruta_relativa,carpeta_principal,subcarpeta,nombre_archivo,extension,tamano_bytes,tamano_mb,categoria_preliminar,prioridad_preliminar,estado_revision,notas
DOC-0001,antecedentes/1. RCA/1. CCMC/Adec Traza acueductos/DocumentoPertinencia201849.pdf,1. RCA,1. CCMC,DocumentoPertinencia201849.pdf,pdf,5433089,5.181,RCA / pertinencias / resoluciones,Alta,Pendiente,
DOC-0002,antecedentes/1. RCA/1. CCMC/Pertinencia Ajuste Los Diques/1714766552_1413CB42-8A76-4A7C-AB07-70F03CF5AEC9.pdf,1. RCA,1. CCMC,1714766552_1413CB42-8A76-4A7C-AB07-70F03CF5AEC9.pdf,pdf,473829,0.452,RCA / pertinencias / resoluciones,Alta,Pendiente,
DOC-0003,antecedentes/1. RCA/1. CCMC/Pertinencia Mina Subterránea/resolucion 62-17 aprobacion pertinencia.pdf,1. RCA,1. CCMC,resolucion 62-17 aprobacion pertinencia.pdf,pdf,489780,0.467,RCA / pertinencias / resoluciones,Alta,Pendiente,
DOC-0004,antecedentes/1. RCA/1. CCMC/Recep concentrado terceros/DocumentoPertinencia2020218.pdf,1. RCA,1. CCMC,DocumentoPertinencia2020218.pdf,pdf,541867,0.517,RCA / pertinencias / resoluciones,Alta,Pendiente,
DOC-0005,antecedentes/2. EIA 2040/1. EIA/Cap 1 Descripción Proyecto/5158-0000-MA-EIA-100_1_seia_final.pdf,2. EIA 2040,1. EIA,5158-0000-MA-EIA-100_1_seia_final.pdf,pdf,21132404,20.153,EIA 2040 / Adendas / Resolucion,Alta,Pendiente,
DOC-0006,antecedentes/2. EIA 2040/1. EIA/Cap 1 Descripción Proyecto/Anexos/Anexo 1.1 Antecedentes Legales/Portada Anexo 1.1.pdf,2. EIA 2040,1. EIA,Portada Anexo 1.1.pdf,pdf,6885,0.007,EIA 2040 / Adendas / Resolucion,Alta,Pendiente,
DOC-0007,antecedentes/2. EIA 2040/1. EIA/Cap 1 Descripción Proyecto/Anexos/Anexo 1.2 Modificaciones/Anexo 1.2 Modificaciones_0_seia.pdf,2. EIA 2040,1. EIA,Anexo 1.2 Modificaciones_0_seia.pdf,pdf,361879,0.345,EIA 2040 / Adendas / Resolucion,Alta,Pendiente,
DOC-0008,antecedentes/2. EIA 2040/1. EIA/Cap 1 Descripción Proyecto/Anexos/Anexo 1.3 Láminas/Anexo 1.3_seia.pdf,2. EIA 2040,1. EIA,Anexo 1.3_seia.pdf,pdf,58967251,56.236,EIA 2040 / Adendas / Resolucion,Alta,Pendiente,
DOC-0009,antecedentes/2. EIA 2040/1. EIA/Cap 1 Descripción Proyecto/Anexos/Anexo 1.4 Coordenadas/Anexo 1.4 Coordenadas_0_seia.pdf,2. EIA 2040,1. EIA,Anexo 1.4 Coordenadas_0_seia.pdf,pdf,140559,0.134,EIA 2040 / Adendas / Resolucion,Alta,Pendiente,
DOC-0010,antecedentes/2. EIA 2040/1. EIA/Cap 1 Descripción Proyecto/Anexos/Anexo 1.5 Informe Sombra/Anexo 1.5_seia.pdf,2. EIA 2040,1. EIA,Anexo 1.5_seia.pdf,pdf,5964745,5.688,EIA 2040 / Adendas / Resolucion,Alta,Pendiente,
DOC-0011,antecedentes/2. EIA 2040/1. EIA/Cap 1 Descripción Proyecto/Anexos/Anexo 1.6 Memoria Acueducto/Anexo 1.6_seia.pdf,2. EIA 2040,1. EIA,Anexo 1.6_seia.pdf,pdf,1358322,1.295,EIA 2040 / Adendas / Resolucion,Alta,Pendiente,
DOC-0012,antecedentes/2. EIA 2040/1. EIA/Cap 1 Descripción Proyecto/Anexos/Anexo 1.7 Archivos Digitales/Anexo 1.7 Portada.pdf,2. EIA 2040,1. EIA,Anexo 1.7 Portada.pdf,pdf,6926,0.007,EIA 2040 / Adendas / Resolucion,Alta,Pendiente,
DOC-0013,antecedentes/2. EIA 2040/1. EIA/Cap 1 Descripción Proyecto/Anexos/Anexo 1.7 Archivos Digitales/Archivos digitales/5158-20200219 Caso Base.kmz,2. EIA 2040,1. EIA,5158-20200219 Caso Base.kmz,kmz,613785,0.585,EIA 2040 / Adendas / Resolucion,Alta,Pendiente,
DOC-0014,antecedentes/2. EIA 2040/1. EIA/Cap 1 Descripción Proyecto/Anexos/Anexo 1.7 Archivos Digitales/Archivos digitales/5158-20200219 Obras Proyecto.kmz,2. EIA 2040,1. EIA,5158-20200219 Obras Proyecto.kmz,kmz,1530853,1.460,EIA 2040 / Adendas / Resolucion,Alta,Pendiente,
DOC-0015,antecedentes/2. EIA 2040/1. EIA/Cap 10 Comp Amb Volunt/5158-0000-MA-EIA-1000_1_seia.pdf,2. EIA 2040,1. EIA,5158-0000-MA-EIA-1000_1_seia.pdf,pdf,261222,0.249,EIA 2040 / Adendas / Resolucion,Alta,Pendiente,
DOC-0016,antecedentes/2. EIA 2040/1. EIA/Cap 11 Fichas Ambientales/Capítulo 11_seia.pdf,2. EIA 2040,1. EIA,Capítulo 11_seia.pdf,pdf,838840,0.800,EIA 2040 / Adendas / Resolucion,Alta,Pendiente,
DOC-0017,antecedentes/2. EIA 2040/1. EIA/Cap 12 Acciones Previas/5158-0000-MA-EIA-1200_0_seia.pdf,2. EIA 2040,1. EIA,5158-0000-MA-EIA-1200_0_seia.pdf,pdf,1008046,0.961,EIA 2040 / Adendas / Resolucion,Alta,Pendiente,
DOC-0018,antecedentes/2. EIA 2040/1. EIA/Cap 12 Acciones Previas/Anexos/Anexo 12.1 - Registro Fotográfico/Anexo 12.1- Registro Fotográfico_seia.pdf,2. EIA 2040,1. EIA,Anexo 12.1- Registro Fotográfico_seia.pdf,pdf,1459903,1.392,EIA 2040 / Adendas / Resolucion,Alta,Pendiente,
DOC-0019,antecedentes/2. EIA 2040/1. EIA/Cap 12 Acciones Previas/Anexos/Anexo 12.2 - Insertos en Diarios (convocatoria)/Anexo 12.2 - Insertos en Diarios (convocatoria)_seia.pdf,2. EIA 2040,1. EIA,Anexo 12.2 - Insertos en Diarios (convocatoria)_seia.pdf,pdf,7382394,7.040,EIA 2040 / Adendas / Resolucion,Alta,Pendiente,
DOC-0020,antecedentes/2. EIA 2040/1. EIA/Cap 12 Acciones Previas/Anexos/Anexo 12.3 - Listado Asistencia/Anexo 12.3 - Listado Asistencia_seia.pdf,2. EIA 2040,1. EIA,Anexo 12.3 - Listado Asistencia_seia.pdf,pdf,6075929,5.794,EIA 2040 / Adendas / Resolucion,Alta,Pendiente,
DOC-0021,antecedentes/2. EIA 2040/1. EIA/Cap 12 Acciones Previas/Anexos/Anexo 12.4 - Observ_Preg_Respuesta/Anexo 12.4 Preguntas_Respuestas_seia.pdf,2. EIA 2040,1. EIA,Anexo 12.4 Preguntas_Respuestas_seia.pdf,pdf,361240,0.345,EIA 2040 / Adendas / Resolucion,Alta,Pendiente,
DOC-0022,antecedentes/2. EIA 2040/1. EIA/Cap 12 Acciones Previas/Anexos/Anexo 12.5 - Preguntas (formato papel)/Anexo 12.5 - Preguntas (formato papel)_seia.pdf,2. EIA 2040,1. EIA,Anexo 12.5 - Preguntas (formato papel)_seia.pdf,pdf,14261634,13.601,EIA 2040 / Adendas / Resolucion,Alta,Pendiente,
DOC-0023,antecedentes/2. EIA 2040/1. EIA/Cap 12 Acciones Previas/Anexos/Anexo 12.6 - Paneles_PPT/Anexo 12.6 - Paneles_PPT_seia.pdf,2. EIA 2040,1. EIA,Anexo 12.6 - Paneles_PPT_seia.pdf,pdf,43030054,41.037,EIA 2040 / Adendas / Resolucion,Alta,Pendiente,
DOC-0024,antecedentes/2. EIA 2040/1. EIA/Cap 12 Acciones Previas/Anexos/Anexo 12.7 - Registro entrega invitaciones/Anexo 12.7 - Registro entrega invitaciones_seia.pdf,2. EIA 2040,1. EIA,Anexo 12.7 - Registro entrega invitaciones_seia.pdf,pdf,598288,0.571,EIA 2040 / Adendas / Resolucion,Alta,Pendiente,
DOC-0025,antecedentes/2. EIA 2040/1. EIA/Cap 12 Acciones Previas/Anexos/Anexo 12.8 - Pagina Web/Anexo 12.8 - Página web_seia.pdf,2. EIA 2040,1. EIA,Anexo 12.8 - Página web_seia.pdf,pdf,788627,0.752,EIA 2040 / Adendas / Resolucion,Alta,Pendiente,
DOC-0026,antecedentes/2. EIA 2040/1. EIA/Cap 13 PPP Regional y Comunal/5158-0000-MA-EIA-1300_0_seia.pdf,2. EIA 2040,1. EIA,5158-0000-MA-EIA-1300_0_seia.pdf,pdf,1489683,1.421,EIA 2040 / Adendas / Resolucion,Alta,Pendiente,
DOC-0027,antecedentes/2. EIA 2040/1. EIA/Cap 14 Políticas y Planes/5158-0000-MA-EIA-1400_0_seia_final.pdf,2. EIA 2040,1. EIA,5158-0000-MA-EIA-1400_0_seia_final.pdf,pdf,1299350,1.239,EIA 2040 / Adendas / Resolucion,Alta,Pendiente,
DOC-0028,antecedentes/2. EIA 2040/1. EIA/Cap 15 Negociaciones/5158-0000-MA-EIA-1500_0_seia.pdf,2. EIA 2040,1. EIA,5158-0000-MA-EIA-1500_0_seia.pdf,pdf,49224,0.047,EIA 2040 / Adendas / Resolucion,Alta,Pendiente,
DOC-0029,antecedentes/2. EIA 2040/1. EIA/Cap 16 Listado Profesionales/5158-0000-MA-EIA-1600_1_seia.pdf,2. EIA 2040,1. EIA,5158-0000-MA-EIA-1600_1_seia.pdf,pdf,117348,0.112,EIA 2040 / Adendas / Resolucion,Alta,Pendiente,
DOC-0030,antecedentes/2. EIA 2040/1. EIA/Cap 2 Area Influencia/5158-0000-MA-EIA-200_0_seia.pdf,2. EIA 2040,1. EIA,5158-0000-MA-EIA-200_0_seia.pdf,pdf,14050281,13.399,EIA 2040 / Adendas / Resolucion,Alta,Pendiente,
DOC-0031,antecedentes/2. EIA 2040/1. EIA/Cap 3 Línea Base/3.1 Clima y Meteorología/3.1 Clima y Meterología_seia.pdf,2. EIA 2040,1. EIA,3.1 Clima y Meterología_seia.pdf,pdf,4333139,4.132,EIA 2040 / Adendas / Resolucion,Alta,Pendiente,
DOC-0032,antecedentes/2. EIA 2040/1. EIA/Cap 3 Línea Base/3.10 Flora y Veg vascular/5158-0000-MA-EIA-310_1_seia.pdf,2. EIA 2040,1. EIA,5158-0000-MA-EIA-310_1_seia.pdf,pdf,14044846,13.394,EIA 2040 / Adendas / Resolucion,Alta,Pendiente,
DOC-0033,antecedentes/2. EIA 2040/1. EIA/Cap 3 Línea Base/3.10 Flora y Veg vascular/Anexos/Anexo 3.10.A_seia.pdf,2. EIA 2040,1. EIA,Anexo 3.10.A_seia.pdf,pdf,424692,0.405,EIA 2040 / Adendas / Resolucion,Alta,Pendiente,
DOC-0034,antecedentes/2. EIA 2040/1. EIA/Cap 3 Línea Base/3.10 Flora y Veg vascular/Anexos/Anexo 3.10.B_seia.pdf,2. EIA 2040,1. EIA,Anexo 3.10.B_seia.pdf,pdf,8976868,8.561,EIA 2040 / Adendas / Resolucion,Alta,Pendiente,
DOC-0035,"antecedentes/2. EIA 2040/1. EIA/Cap 3 Línea Base/3.11 Algas, Hongos y Líquenes/5158-0000-MA-EIA-311_0_seia.pdf",2. EIA 2040,1. EIA,5158-0000-MA-EIA-311_0_seia.pdf,pdf,1706875,1.628,EIA 2040 / Adendas / Resolucion,Alta,Pendiente,
DOC-0036,"antecedentes/2. EIA 2040/1. EIA/Cap 3 Línea Base/3.11 Algas, Hongos y Líquenes/Anexos/Anexo 3.11.A Registro_0_seia.pdf",2. EIA 2040,1. EIA,Anexo 3.11.A Registro_0_seia.pdf,pdf,628181,0.599,EIA 2040 / Adendas / Resolucion,Alta,Pendiente,
DOC-0037,antecedentes/2. EIA 2040/1. EIA/Cap 3 Línea Base/3.12 Medio Marino/5158-0000-MA-EIA-312_1_seia.pdf,2. EIA 2040,1. EIA,5158-0000-MA-EIA-312_1_seia.pdf,pdf,11475381,10.944,EIA 2040 / Adendas / Resolucion,Alta,Pendiente,
DOC-0038,antecedentes/2. EIA 2040/1. EIA/Cap 3 Línea Base/3.12 Medio Marino/Anexos/Anexo 3.12.A Responsables_seia.pdf,2. EIA 2040,1. EIA,Anexo 3.12.A Responsables_seia.pdf,pdf,107278,0.102,EIA 2040 / Adendas / Resolucion,Alta,Pendiente,
DOC-0039,antecedentes/2. EIA 2040/1. EIA/Cap 3 Línea Base/3.12 Medio Marino/Anexos/Anexo 3.12.B Calibración_seia.pdf,2. EIA 2040,1. EIA,Anexo 3.12.B Calibración_seia.pdf,pdf,192293,0.183,EIA 2040 / Adendas / Resolucion,Alta,Pendiente,
DOC-0040,antecedentes/2. EIA 2040/1. EIA/Cap 3 Línea Base/3.12 Medio Marino/Anexos/Anexo 3.12.C DS 711_seia.pdf,2. EIA 2040,1. EIA,Anexo 3.12.C DS 711_seia.pdf,pdf,842832,0.804,EIA 2040 / Adendas / Resolucion,Alta,Pendiente,
DOC-0041,antecedentes/2. EIA 2040/1. EIA/Cap 3 Línea Base/3.12 Medio Marino/Anexos/Anexo 3.12.D Acta_seia.pdf,2. EIA 2040,1. EIA,Anexo 3.12.D Acta_seia.pdf,pdf,1885354,1.798,EIA 2040 / Adendas / Resolucion,Alta,Pendiente,
DOC-0042,antecedentes/2. EIA 2040/1. EIA/Cap 3 Línea Base/3.12 Medio Marino/Anexos/Anexo 3.12.E Pesca_seia.pdf,2. EIA 2040,1. EIA,Anexo 3.12.E Pesca_seia.pdf,pdf,909314,0.867,EIA 2040 / Adendas / Resolucion,Alta,Pendiente,
DOC-0043,antecedentes/2. EIA 2040/1. EIA/Cap 3 Línea Base/3.12 Medio Marino/Anexos/Anexo 3.12.F Acreditaciones_seia.pdf,2. EIA 2040,1. EIA,Anexo 3.12.F Acreditaciones_seia.pdf,pdf,393696,0.375,EIA 2040 / Adendas / Resolucion,Alta,Pendiente,
DOC-0044,antecedentes/2. EIA 2040/1. EIA/Cap 3 Línea Base/3.12 Medio Marino/Anexos/Anexo 3.12.G Informes de Laboratorio Digital/Anexo 3.12.G. Portada.pdf,2. EIA 2040,1. EIA,Anexo 3.12.G. Portada.pdf,pdf,7379,0.007,EIA 2040 / Adendas / Resolucion,Alta,Pendiente,
DOC-0045,antecedentes/2. EIA 2040/1. EIA/Cap 3 Línea Base/3.12 Medio Marino/Anexos/Anexo 3.12.G Informes de Laboratorio Digital/Archivo digital/Anexo 3.12.G Informes_1.pdf,2. EIA 2040,1. EIA,Anexo 3.12.G Informes_1.pdf,pdf,2467696,2.353,EIA 2040 / Adendas / Resolucion,Alta,Pendiente,
DOC-0046,antecedentes/2. EIA 2040/1. EIA/Cap 3 Línea Base/3.13 Animales Silvestres (Fauna)/5158-0000-MA-EIA-313_Rev.1_seia.pdf,2. EIA 2040,1. EIA,5158-0000-MA-EIA-313_Rev.1_seia.pdf,pdf,27017803,25.766,EIA 2040 / Adendas / Resolucion,Alta,Pendiente,
DOC-0047,antecedentes/2. EIA 2040/1. EIA/Cap 3 Línea Base/3.13 Animales Silvestres (Fauna)/Anexos/Anexo 3.13.A_seia.pdf,2. EIA 2040,1. EIA,Anexo 3.13.A_seia.pdf,pdf,204921,0.195,EIA 2040 / Adendas / Resolucion,Alta,Pendiente,
DOC-0048,antecedentes/2. EIA 2040/1. EIA/Cap 3 Línea Base/3.13 Animales Silvestres (Fauna)/Anexos/Anexo 3.13.B_seia.pdf,2. EIA 2040,1. EIA,Anexo 3.13.B_seia.pdf,pdf,208692,0.199,EIA 2040 / Adendas / Resolucion,Alta,Pendiente,
DOC-0049,antecedentes/2. EIA 2040/1. EIA/Cap 3 Línea Base/3.13 Animales Silvestres (Fauna)/Anexos/Anexo 3.13.C_seia.pdf,2. EIA 2040,1. EIA,Anexo 3.13.C_seia.pdf,pdf,168918,0.161,EIA 2040 / Adendas / Resolucion,Alta,Pendiente,
DOC-0050,antecedentes/2. EIA 2040/1. EIA/Cap 3 Línea Base/3.13 Animales Silvestres (Fauna)/Anexos/Anexo 3.13.D_seia.pdf,2. EIA 2040,1. EIA,Anexo 3.13.D_seia.pdf,pdf,229307,0.219,EIA 2040 / Adendas / Resolucion,Alta,Pendiente,
DOC-0051,antecedentes/2. EIA 2040/1. EIA/Cap 3 Línea Base/3.13 Animales Silvestres (Fauna)/Anexos/Anexo 3.13.E_seia.pdf,2. EIA 2040,1. EIA,Anexo 3.13.E_seia.pdf,pdf,139788,0.133,EIA 2040 / Adendas / Resolucion,Alta,Pendiente,
DOC-0052,antecedentes/2. EIA 2040/1. EIA/Cap 3 Línea Base/3.14 Patrimonio Arqueológico/5158-0000-MA-EIA-314_0_seia.pdf,2. EIA 2040,1. EIA,5158-0000-MA-EIA-314_0_seia.pdf,pdf,2278104,2.173,EIA 2040 / Adendas / Resolucion,Alta,Pendiente,
DOC-0053,antecedentes/2. EIA 2040/1. EIA/Cap 3 Línea Base/3.14 Patrimonio Arqueológico/Anexos/Anexo 3.14.A Leg Vig_0_seia.pdf,2. EIA 2040,1. EIA,Anexo 3.14.A Leg Vig_0_seia.pdf,pdf,1381025,1.317,EIA 2040 / Adendas / Resolucion,Alta,Pendiente,
DOC-0054,antecedentes/2. EIA 2040/1. EIA/Cap 3 Línea Base/3.14 Patrimonio Arqueológico/Anexos/Anexo 3.14.B Sect no Prosp_0_seia.pdf,2. EIA 2040,1. EIA,Anexo 3.14.B Sect no Prosp_0_seia.pdf,pdf,4031519,3.845,EIA 2040 / Adendas / Resolucion,Alta,Pendiente,
DOC-0055,antecedentes/2. EIA 2040/1. EIA/Cap 3 Línea Base/3.14 Patrimonio Arqueológico/Anexos/Anexo 3.14.C Fichas de Reg_0_seia.pdf,2. EIA 2040,1. EIA,Anexo 3.14.C Fichas de Reg_0_seia.pdf,pdf,9665464,9.218,EIA 2040 / Adendas / Resolucion,Alta,Pendiente,
DOC-0056,antecedentes/2. EIA 2040/1. EIA/Cap 3 Línea Base/3.14 Patrimonio Arqueológico/Anexos/Anexo 3.14.D Cobertura digital/Anexo 3.14.D Portada.pdf,2. EIA 2040,1. EIA,Anexo 3.14.D Portada.pdf,pdf,7697,0.007,EIA 2040 / Adendas / Resolucion,Alta,Pendiente,
DOC-0057,antecedentes/2. EIA 2040/1. EIA/Cap 3 Línea Base/3.14 Patrimonio Arqueológico/Anexos/Anexo 3.14.D Cobertura digital/Archivos digitales/Anexo 3.14.D Portada.pdf,2. EIA 2040,1. EIA,Anexo 3.14.D Portada.pdf,pdf,113084,0.108,EIA 2040 / Adendas / Resolucion,Alta,Pendiente,
DOC-0058,antecedentes/2. EIA 2040/1. EIA/Cap 3 Línea Base/3.14 Patrimonio Arqueológico/Anexos/Anexo 3.14.D Cobertura digital/Archivos digitales/Pto. Candelaria-2.kmz,2. EIA 2040,1. EIA,Pto. Candelaria-2.kmz,kmz,690,0.001,EIA 2040 / Adendas / Resolucion,Alta,Pendiente,
DOC-0059,antecedentes/2. EIA 2040/1. EIA/Cap 3 Línea Base/3.14 Patrimonio Arqueológico/Anexos/Anexo 3.14.D Cobertura digital/Archivos digitales/Pto. Candelaria-3.kmz,2. EIA 2040,1. EIA,Pto. Candelaria-3.kmz,kmz,689,0.001,EIA 2040 / Adendas / Resolucion,Alta,Pendiente,
DOC-0060,antecedentes/2. EIA 2040/1. EIA/Cap 3 Línea Base/3.14 Patrimonio Arqueológico/Anexos/Anexo 3.14.D Cobertura digital/Archivos digitales/Pto.Candelaria-1.kmz,2. EIA 2040,1. EIA,Pto.Candelaria-1.kmz,kmz,720,0.001,EIA 2040 / Adendas / Resolucion,Alta,Pendiente,
DOC-0061,antecedentes/2. EIA 2040/1. EIA/Cap 3 Línea Base/3.14 Patrimonio Arqueológico/Anexos/Anexo 3.14.D Cobertura digital/Archivos digitales/Sitios Arqueológicos Candelaria.kmz,2. EIA 2040,1. EIA,Sitios Arqueológicos Candelaria.kmz,kmz,7315,0.007,EIA 2040 / Adendas / Resolucion,Alta,Pendiente,
DOC-0062,antecedentes/2. EIA 2040/1. EIA/Cap 3 Línea Base/3.14 Patrimonio Arqueológico/Anexos/Anexo 3.14.D Cobertura digital/Archivos digitales/Tabla consolidada de hallazgos.xlsx,2. EIA 2040,1. EIA,Tabla consolidada de hallazgos.xlsx,xlsx,31003,0.030,EIA 2040 / Adendas / Resolucion,Alta,Pendiente,
DOC-0063,antecedentes/2. EIA 2040/1. EIA/Cap 3 Línea Base/3.14 Patrimonio Arqueológico/Anexos/Anexo 3.14.D Cobertura digital/Archivos digitales/Tracks de prospección.GPX,2. EIA 2040,1. EIA,Tracks de prospección.GPX,gpx,15239211,14.533,EIA 2040 / Adendas / Resolucion,Alta,Pendiente,
DOC-0064,antecedentes/2. EIA 2040/1. EIA/Cap 3 Línea Base/3.14 Patrimonio Arqueológico/Anexos/Anexo 3.14.E Ant Acad_0_seia.pdf,2. EIA 2040,1. EIA,Anexo 3.14.E Ant Acad_0_seia.pdf,pdf,1494289,1.425,EIA 2040 / Adendas / Resolucion,Alta,Pendiente,
DOC-0065,antecedentes/2. EIA 2040/1. EIA/Cap 3 Línea Base/3.14 Patrimonio Arqueológico/Anexos/Anexo 3.14.F Formularios_seia.pdf,2. EIA 2040,1. EIA,Anexo 3.14.F Formularios_seia.pdf,pdf,1948731,1.858,EIA 2040 / Adendas / Resolucion,Alta,Pendiente,
DOC-0066,antecedentes/2. EIA 2040/1. EIA/Cap 3 Línea Base/3.15 Patrimonio Paleontológico/5158-0000-MA-EIA-315_0_seia_fdo.pdf,2. EIA 2040,1. EIA,5158-0000-MA-EIA-315_0_seia_fdo.pdf,pdf,8336849,7.951,EIA 2040 / Adendas / Resolucion,Alta,Pendiente,
DOC-0067,antecedentes/2. EIA 2040/1. EIA/Cap 3 Línea Base/3.15 Patrimonio Paleontológico/Anexos/Anexo 3.15 A/Anexo 3.15.A Registro fotográfico_seia.pdf,2. EIA 2040,1. EIA,Anexo 3.15.A Registro fotográfico_seia.pdf,pdf,6796925,6.482,EIA 2040 / Adendas / Resolucion,Alta,Pendiente,
DOC-0068,antecedentes/2. EIA 2040/1. EIA/Cap 3 Línea Base/3.15 Patrimonio Paleontológico/Anexos/Anexo 3.15 B/Anexo 3.15.B Listado de antecedentes_seia.pdf,2. EIA 2040,1. EIA,Anexo 3.15.B Listado de antecedentes_seia.pdf,pdf,160889,0.153,EIA 2040 / Adendas / Resolucion,Alta,Pendiente,
DOC-0069,antecedentes/2. EIA 2040/1. EIA/Cap 3 Línea Base/3.15 Patrimonio Paleontológico/Anexos/Anexo 3.15 C/Anexo 3.15.C_seia.pdf,2. EIA 2040,1. EIA,Anexo 3.15.C_seia.pdf,pdf,161481,0.154,EIA 2040 / Adendas / Resolucion,Alta,Pendiente,
DOC-0070,antecedentes/2. EIA 2040/1. EIA/Cap 3 Línea Base/3.15 Patrimonio Paleontológico/Anexos/Anexo 3.15 D/Anexo 3.15.D_seia.pdf,2. EIA 2040,1. EIA,Anexo 3.15.D_seia.pdf,pdf,26942731,25.695,EIA 2040 / Adendas / Resolucion,Alta,Pendiente,
DOC-0071,antecedentes/2. EIA 2040/1. EIA/Cap 3 Línea Base/3.15 Patrimonio Paleontológico/Anexos/Anexo 3.15 D/Apéndice 3.15.D.1 Digital/Apéndice 3.15.D.1 Registro de Sondajes.pdf,2. EIA 2040,1. EIA,Apéndice 3.15.D.1 Registro de Sondajes.pdf,pdf,54670423,52.138,EIA 2040 / Adendas / Resolucion,Alta,Pendiente,
DOC-0072,antecedentes/2. EIA 2040/1. EIA/Cap 3 Línea Base/3.16 Paisaje/5158-0000-MA-EIA-316_1_seia.pdf,2. EIA 2040,1. EIA,5158-0000-MA-EIA-316_1_seia.pdf,pdf,24460034,23.327,EIA 2040 / Adendas / Resolucion,Alta,Pendiente,
DOC-0073,antecedentes/2. EIA 2040/1. EIA/Cap 3 Línea Base/3.17 Áreas Protegidas y Sitios Prioritarios para la Conservación/5158-0000-MA-EIA-317_1_seia.pdf,2. EIA 2040,1. EIA,5158-0000-MA-EIA-317_1_seia.pdf,pdf,1655278,1.579,EIA 2040 / Adendas / Resolucion,Alta,Pendiente,
DOC-0074,antecedentes/2. EIA 2040/1. EIA/Cap 3 Línea Base/3.17 Áreas Protegidas y Sitios Prioritarios para la Conservación/Anexos/Anexo 3.17.A Cartografía_1_seia.pdf,2. EIA 2040,1. EIA,Anexo 3.17.A Cartografía_1_seia.pdf,pdf,2140727,2.042,EIA 2040 / Adendas / Resolucion,Alta,Pendiente,
DOC-0075,antecedentes/2. EIA 2040/1. EIA/Cap 3 Línea Base/3.19 Uso del Territorio/5158-0000-MA-EIA-319_1_seia.pdf,2. EIA 2040,1. EIA,5158-0000-MA-EIA-319_1_seia.pdf,pdf,8708696,8.305,EIA 2040 / Adendas / Resolucion,Alta,Pendiente,
DOC-0076,antecedentes/2. EIA 2040/1. EIA/Cap 3 Línea Base/3.19 Uso del Territorio/Anexo 3.19.A Caracterización Vial/Anexo 3.19.A Caract Vial_1_seia.pdf,2. EIA 2040,1. EIA,Anexo 3.19.A Caract Vial_1_seia.pdf,pdf,39606314,37.772,EIA 2040 / Adendas / Resolucion,Alta,Pendiente,
DOC-0077,antecedentes/2. EIA 2040/1. EIA/Cap 3 Línea Base/3.19 Uso del Territorio/Anexo 3.19.A Caracterización Vial/Apéndices/Apéndice 3.19.A.1/Apéndice 3.19.A.1 Normativa_1_seia.pdf,2. EIA 2040,1. EIA,Apéndice 3.19.A.1 Normativa_1_seia.pdf,pdf,682195,0.651,EIA 2040 / Adendas / Resolucion,Alta,Pendiente,
DOC-0078,antecedentes/2. EIA 2040/1. EIA/Cap 3 Línea Base/3.19 Uso del Territorio/Anexo 3.19.A Caracterización Vial/Apéndices/Apéndice 3.19.A.2/Apéndice 3.19.A.2 Planos_1_seia.pdf,2. EIA 2040,1. EIA,Apéndice 3.19.A.2 Planos_1_seia.pdf,pdf,5776902,5.509,EIA 2040 / Adendas / Resolucion,Alta,Pendiente,
DOC-0079,antecedentes/2. EIA 2040/1. EIA/Cap 3 Línea Base/3.19 Uso del Territorio/Anexo 3.19.A Caracterización Vial/Apéndices/Apéndice 3.19.A.3 Digital/Apéndice 3.19.A.3 Portada.pdf,2. EIA 2040,1. EIA,Apéndice 3.19.A.3 Portada.pdf,pdf,7564,0.007,EIA 2040 / Adendas / Resolucion,Alta,Pendiente,
DOC-0080,antecedentes/2. EIA 2040/1. EIA/Cap 3 Línea Base/3.19 Uso del Territorio/Anexo 3.19.A Caracterización Vial/Apéndices/Apéndice 3.19.A.3 Digital/Archivos digitales/Medición garita.xlsx,2. EIA 2040,1. EIA,Medición garita.xlsx,xlsx,18044,0.017,EIA 2040 / Adendas / Resolucion,Alta,Pendiente,
DOC-0081,antecedentes/2. EIA 2040/1. EIA/Cap 3 Línea Base/3.19 Uso del Territorio/Anexo 3.19.A Caracterización Vial/Apéndices/Apéndice 3.19.A.4 Digital/Apéndice 3.19.A.4 Portada.pdf,2. EIA 2040,1. EIA,Apéndice 3.19.A.4 Portada.pdf,pdf,7801,0.007,EIA 2040 / Adendas / Resolucion,Alta,Pendiente,
DOC-0082,antecedentes/2. EIA 2040/1. EIA/Cap 3 Línea Base/3.19 Uso del Territorio/Anexo 3.19.A Caracterización Vial/Apéndices/Apéndice 3.19.A.4 Digital/Archivos digitales/1_Oficio_N°4796.pdf,2. EIA 2040,1. EIA,1_Oficio_N°4796.pdf,pdf,542009,0.517,EIA 2040 / Adendas / Resolucion,Alta,Pendiente,
DOC-0083,antecedentes/2. EIA 2040/1. EIA/Cap 3 Línea Base/3.19 Uso del Territorio/Anexo 3.19.A Caracterización Vial/Apéndices/Apéndice 3.19.A.4 Digital/Archivos digitales/2_AN001T_0008332.xlsx,2. EIA 2040,1. EIA,2_AN001T_0008332.xlsx,xlsx,1458985,1.391,EIA 2040 / Adendas / Resolucion,Alta,Pendiente,
DOC-0084,antecedentes/2. EIA 2040/1. EIA/Cap 3 Línea Base/3.19 Uso del Territorio/Anexo 3.19.A Caracterización Vial/Apéndices/Apéndice 3.19.A.4 Digital/Archivos digitales/3_Oficio_N°4795.pdf,2. EIA 2040,1. EIA,3_Oficio_N°4795.pdf,pdf,487487,0.465,EIA 2040 / Adendas / Resolucion,Alta,Pendiente,
DOC-0085,antecedentes/2. EIA 2040/1. EIA/Cap 3 Línea Base/3.19 Uso del Territorio/Anexo 3.19.A Caracterización Vial/Apéndices/Apéndice 3.19.A.4 Digital/Archivos digitales/4_AN001T_0008333.xlsx,2. EIA 2040,1. EIA,4_AN001T_0008333.xlsx,xlsx,73369,0.070,EIA 2040 / Adendas / Resolucion,Alta,Pendiente,
DOC-0086,antecedentes/2. EIA 2040/1. EIA/Cap 3 Línea Base/3.2 Calidad del Aire/Línea Base Calidad del Aire_seia.pdf,2. EIA 2040,1. EIA,Línea Base Calidad del Aire_seia.pdf,pdf,1896151,1.808,EIA 2040 / Adendas / Resolucion,Alta,Pendiente,
DOC-0087,antecedentes/2. EIA 2040/1. EIA/Cap 3 Línea Base/3.20 Proyectos con RCA/5158-0000-MA-EIA-320_1_seia.pdf,2. EIA 2040,1. EIA,5158-0000-MA-EIA-320_1_seia.pdf,pdf,2782003,2.653,EIA 2040 / Adendas / Resolucion,Alta,Pendiente,
DOC-0088,antecedentes/2. EIA 2040/1. EIA/Cap 3 Línea Base/3.20 Proyectos con RCA/Anexos/Anexo 3.20.A  Listado Proyectos_1_seia.pdf,2. EIA 2040,1. EIA,Anexo 3.20.A  Listado Proyectos_1_seia.pdf,pdf,239611,0.229,EIA 2040 / Adendas / Resolucion,Alta,Pendiente,
DOC-0089,antecedentes/2. EIA 2040/1. EIA/Cap 3 Línea Base/3.20 Proyectos con RCA/Anexos/Anexo 3.20.B Fichas Proyectos_1_seia.pdf,2. EIA 2040,1. EIA,Anexo 3.20.B Fichas Proyectos_1_seia.pdf,pdf,123542,0.118,EIA 2040 / Adendas / Resolucion,Alta,Pendiente,
DOC-0090,antecedentes/2. EIA 2040/1. EIA/Cap 3 Línea Base/3.21 Medio Humano/5158-0000-MA-EIA-321_1_seia.pdf,2. EIA 2040,1. EIA,5158-0000-MA-EIA-321_1_seia.pdf,pdf,45290688,43.193,EIA 2040 / Adendas / Resolucion,Alta,Pendiente,
DOC-0091,antecedentes/2. EIA 2040/1. EIA/Cap 3 Línea Base/3.21 Medio Humano/Anexos/Anexo 3.21.A Ley Transparencia_seia.pdf,2. EIA 2040,1. EIA,Anexo 3.21.A Ley Transparencia_seia.pdf,pdf,1892444,1.805,EIA 2040 / Adendas / Resolucion,Alta,Pendiente,
DOC-0092,antecedentes/2. EIA 2040/1. EIA/Cap 3 Línea Base/3.22 Relaciones Ecosistemicas/5158-0000-MA-EIA-322_1_seia.pdf,2. EIA 2040,1. EIA,5158-0000-MA-EIA-322_1_seia.pdf,pdf,1361662,1.299,EIA 2040 / Adendas / Resolucion,Alta,Pendiente,
DOC-0093,antecedentes/2. EIA 2040/1. EIA/Cap 3 Línea Base/3.3 Ruido/5158-0000-MA-EIA-303_1_seia.pdf,2. EIA 2040,1. EIA,5158-0000-MA-EIA-303_1_seia.pdf,pdf,5780898,5.513,EIA 2040 / Adendas / Resolucion,Alta,Pendiente,
DOC-0094,antecedentes/2. EIA 2040/1. EIA/Cap 3 Línea Base/3.3 Ruido/Anexos/Anexo 3.3.A Certificados_seia.pdf,2. EIA 2040,1. EIA,Anexo 3.3.A Certificados_seia.pdf,pdf,2835699,2.704,EIA 2040 / Adendas / Resolucion,Alta,Pendiente,
DOC-0095,antecedentes/2. EIA 2040/1. EIA/Cap 3 Línea Base/3.3 Ruido/Anexos/Anexo 3.3.B Puntos_seia.pdf,2. EIA 2040,1. EIA,Anexo 3.3.B Puntos_seia.pdf,pdf,2206284,2.104,EIA 2040 / Adendas / Resolucion,Alta,Pendiente,
DOC-0096,antecedentes/2. EIA 2040/1. EIA/Cap 3 Línea Base/3.4 Vibraciones/5158-0000-MA-EIA-304_1_seia.pdf,2. EIA 2040,1. EIA,5158-0000-MA-EIA-304_1_seia.pdf,pdf,2640717,2.518,EIA 2040 / Adendas / Resolucion,Alta,Pendiente,
DOC-0097,antecedentes/2. EIA 2040/1. EIA/Cap 3 Línea Base/3.4 Vibraciones/Anexos/Anexo 3.4.A Certificados_1_seia.pdf,2. EIA 2040,1. EIA,Anexo 3.4.A Certificados_1_seia.pdf,pdf,4132185,3.941,EIA 2040 / Adendas / Resolucion,Alta,Pendiente,
DOC-0098,antecedentes/2. EIA 2040/1. EIA/Cap 3 Línea Base/3.4 Vibraciones/Anexos/Anexo 3.4.B Puntos_1_seia.pdf,2. EIA 2040,1. EIA,Anexo 3.4.B Puntos_1_seia.pdf,pdf,13284367,12.669,EIA 2040 / Adendas / Resolucion,Alta,Pendiente,
DOC-0099,"antecedentes/2. EIA 2040/1. EIA/Cap 3 Línea Base/3.5 Geología, Geomorfología y Riesgos/5158-0000-MA-EIA-305_1_seia.pdf",2. EIA 2040,1. EIA,5158-0000-MA-EIA-305_1_seia.pdf,pdf,25445175,24.266,EIA 2040 / Adendas / Resolucion,Alta,Pendiente,
DOC-0100,"antecedentes/2. EIA 2040/1. EIA/Cap 3 Línea Base/3.5 Geología, Geomorfología y Riesgos/Anexos/Anexo 3.5.A Geológico_seia.pdf",2. EIA 2040,1. EIA,Anexo 3.5.A Geológico_seia.pdf,pdf,17520390,16.709,EIA 2040 / Adendas / Resolucion,Alta,Pendiente,
DOC-0101,"antecedentes/2. EIA 2040/1. EIA/Cap 3 Línea Base/3.5 Geología, Geomorfología y Riesgos/Anexos/Anexo 3.5.B Suceptibilidad_seia.pdf",2. EIA 2040,1. EIA,Anexo 3.5.B Suceptibilidad_seia.pdf,pdf,23365655,22.283,EIA 2040 / Adendas / Resolucion,Alta,Pendiente,
DOC-0102,antecedentes/2. EIA 2040/1. EIA/Cap 3 Línea Base/3.6 Suelos y Caracteriz Fco-qca/5158-0000-MA-EIA-306_0_seia.pdf,2. EIA 2040,1. EIA,5158-0000-MA-EIA-306_0_seia.pdf,pdf,12969185,12.368,EIA 2040 / Adendas / Resolucion,Alta,Pendiente,
DOC-0103,antecedentes/2. EIA 2040/1. EIA/Cap 3 Línea Base/3.6 Suelos y Caracteriz Fco-qca/Anexos/Anexo 3.6.A Pauta_seia.pdf,2. EIA 2040,1. EIA,Anexo 3.6.A Pauta_seia.pdf,pdf,727014,0.693,EIA 2040 / Adendas / Resolucion,Alta,Pendiente,
DOC-0104,antecedentes/2. EIA 2040/1. EIA/Cap 3 Línea Base/3.6 Suelos y Caracteriz Fco-qca/Anexos/Anexo 3.6.B Análisis_seia.pdf,2. EIA 2040,1. EIA,Anexo 3.6.B Análisis_seia.pdf,pdf,203974,0.195,EIA 2040 / Adendas / Resolucion,Alta,Pendiente,
DOC-0105,antecedentes/2. EIA 2040/1. EIA/Cap 3 Línea Base/3.6 Suelos y Caracteriz Fco-qca/Anexos/Anexo 3.6.C Mapa de suelos_seia.pdf,2. EIA 2040,1. EIA,Anexo 3.6.C Mapa de suelos_seia.pdf,pdf,18499650,17.643,EIA 2040 / Adendas / Resolucion,Alta,Pendiente,
DOC-0106,antecedentes/2. EIA 2040/1. EIA/Cap 3 Línea Base/3.6 Suelos y Caracteriz Fco-qca/Anexos/Anexo 3.6.D Descripción_seia.pdf,2. EIA 2040,1. EIA,Anexo 3.6.D Descripción_seia.pdf,pdf,7763138,7.404,EIA 2040 / Adendas / Resolucion,Alta,Pendiente,
DOC-0107,antecedentes/2. EIA 2040/1. EIA/Cap 3 Línea Base/3.6 Suelos y Caracteriz Fco-qca/Anexos/Anexo 3.6.E Propiedades_seia.pdf,2. EIA 2040,1. EIA,Anexo 3.6.E Propiedades_seia.pdf,pdf,176942,0.169,EIA 2040 / Adendas / Resolucion,Alta,Pendiente,
DOC-0108,antecedentes/2. EIA 2040/1. EIA/Cap 3 Línea Base/3.7 Hidrología/3.7 Hidrología_1_seia.pdf,2. EIA 2040,1. EIA,3.7 Hidrología_1_seia.pdf,pdf,72400970,69.047,EIA 2040 / Adendas / Resolucion,Alta,Pendiente,
DOC-0109,antecedentes/2. EIA 2040/1. EIA/Cap 3 Línea Base/3.7 Hidrología/Anexos/Anexo 3.7.A_0_seia.pdf,2. EIA 2040,1. EIA,Anexo 3.7.A_0_seia.pdf,pdf,3739853,3.567,EIA 2040 / Adendas / Resolucion,Alta,Pendiente,
DOC-0110,antecedentes/2. EIA 2040/1. EIA/Cap 3 Línea Base/3.8 Hidrogeología/3.8 Hidrogeología_seia.pdf,2. EIA 2040,1. EIA,3.8 Hidrogeología_seia.pdf,pdf,6907683,6.588,EIA 2040 / Adendas / Resolucion,Alta,Pendiente,
DOC-0111,antecedentes/2. EIA 2040/1. EIA/Cap 3 Línea Base/3.8 Hidrogeología/Anexos/Anexo 3.8.A digital/Archivos digitales/Anexo 3.8.A_0.pdf,2. EIA 2040,1. EIA,Anexo 3.8.A_0.pdf,pdf,65498,0.062,EIA 2040 / Adendas / Resolucion,Alta,Pendiente,
DOC-0112,antecedentes/2. EIA 2040/1. EIA/Cap 3 Línea Base/3.8 Hidrogeología/Anexos/Anexo 3.8.A digital/Archivos digitales/Anexo 3.8.A_0.xlsx,2. EIA 2040,1. EIA,Anexo 3.8.A_0.xlsx,xlsx,34893,0.033,EIA 2040 / Adendas / Resolucion,Alta,Pendiente,
DOC-0113,antecedentes/2. EIA 2040/1. EIA/Cap 3 Línea Base/3.8 Hidrogeología/Anexos/Anexo 3.8.A digital/Portada Anexo 3.8.A.pdf,2. EIA 2040,1. EIA,Portada Anexo 3.8.A.pdf,pdf,6717,0.006,EIA 2040 / Adendas / Resolucion,Alta,Pendiente,
DOC-0114,antecedentes/2. EIA 2040/1. EIA/Cap 3 Línea Base/3.8 Hidrogeología/Anexos/Anexo 3.8.B digital/Archivos digitales/Anexo 3.8.B_0.pdf,2. EIA 2040,1. EIA,Anexo 3.8.B_0.pdf,pdf,751054,0.716,EIA 2040 / Adendas / Resolucion,Alta,Pendiente,
DOC-0115,antecedentes/2. EIA 2040/1. EIA/Cap 3 Línea Base/3.8 Hidrogeología/Anexos/Anexo 3.8.B digital/Archivos digitales/Anexo 3.8.B_0.xlsx,2. EIA 2040,1. EIA,Anexo 3.8.B_0.xlsx,xlsx,231727,0.221,EIA 2040 / Adendas / Resolucion,Alta,Pendiente,
DOC-0116,antecedentes/2. EIA 2040/1. EIA/Cap 3 Línea Base/3.8 Hidrogeología/Anexos/Anexo 3.8.B digital/Portada Anexo 3.8.B digital.pdf,2. EIA 2040,1. EIA,Portada Anexo 3.8.B digital.pdf,pdf,6966,0.007,EIA 2040 / Adendas / Resolucion,Alta,Pendiente,
DOC-0117,antecedentes/2. EIA 2040/1. EIA/Cap 3 Línea Base/3.9 Calidad de Agua/3.9 Calidad de Agua_0_seia.pdf,2. EIA 2040,1. EIA,3.9 Calidad de Agua_0_seia.pdf,pdf,10690563,10.195,EIA 2040 / Adendas / Resolucion,Alta,Pendiente,
DOC-0118,antecedentes/2. EIA 2040/1. EIA/Cap 3 Línea Base/3.9 Calidad de Agua/Anexos/Anexo 3.9.A_0_seia.pdf,2. EIA 2040,1. EIA,Anexo 3.9.A_0_seia.pdf,pdf,358047,0.341,EIA 2040 / Adendas / Resolucion,Alta,Pendiente,
DOC-0119,antecedentes/2. EIA 2040/1. EIA/Cap 3 Línea Base/3.9 Calidad de Agua/Anexos/Anexo 3.9.B Base de Datos de Calidad de Aguas/Archivos digitales/Anexo 3.9.B_0.xlsx,2. EIA 2040,1. EIA,Anexo 3.9.B_0.xlsx,xlsx,4112992,3.922,EIA 2040 / Adendas / Resolucion,Alta,Pendiente,
DOC-0120,antecedentes/2. EIA 2040/1. EIA/Cap 3 Línea Base/3.9 Calidad de Agua/Anexos/Anexo 3.9.B Base de Datos de Calidad de Aguas/Portada Anexo 3.9.B.pdf,2. EIA 2040,1. EIA,Portada Anexo 3.9.B.pdf,pdf,7322,0.007,EIA 2040 / Adendas / Resolucion,Alta,Pendiente,
DOC-0121,antecedentes/2. EIA 2040/1. EIA/Cap 4 Ev. Impactos/5158-0000-MA-EIA-400_0_seia.pdf,2. EIA 2040,1. EIA,5158-0000-MA-EIA-400_0_seia.pdf,pdf,66676557,63.588,EIA 2040 / Adendas / Resolucion,Alta,Pendiente,
DOC-0122,antecedentes/2. EIA 2040/1. EIA/Cap 4 Ev. Impactos/Anexo 4.1 Calidad del Aire/Anexo 4.1 Modelación Calidad Aire_seia.pdf,2. EIA 2040,1. EIA,Anexo 4.1 Modelación Calidad Aire_seia.pdf,pdf,26480450,25.254,EIA 2040 / Adendas / Resolucion,Alta,Pendiente,
DOC-0123,antecedentes/2. EIA 2040/1. EIA/Cap 4 Ev. Impactos/Anexo 4.1 Calidad del Aire/Apéndices/Apéndice 4.1.A_seia.pdf,2. EIA 2040,1. EIA,Apéndice 4.1.A_seia.pdf,pdf,82895,0.079,EIA 2040 / Adendas / Resolucion,Alta,Pendiente,
DOC-0124,antecedentes/2. EIA 2040/1. EIA/Cap 4 Ev. Impactos/Anexo 4.1 Calidad del Aire/Apéndices/Apéndice 4.1.B_seia.pdf,2. EIA 2040,1. EIA,Apéndice 4.1.B_seia.pdf,pdf,83029,0.079,EIA 2040 / Adendas / Resolucion,Alta,Pendiente,
DOC-0125,antecedentes/2. EIA 2040/1. EIA/Cap 4 Ev. Impactos/Anexo 4.10 Ppales rutas y medios de transp/Anexo 4.10_seia.pdf,2. EIA 2040,1. EIA,Anexo 4.10_seia.pdf,pdf,1276829,1.218,EIA 2040 / Adendas / Resolucion,Alta,Pendiente,
DOC-0126,antecedentes/2. EIA 2040/1. EIA/Cap 4 Ev. Impactos/Anexo 4.2 Estudio de Ruido/Anexo 4.2 Estudio de Ruido_Final_seia.pdf,2. EIA 2040,1. EIA,Anexo 4.2 Estudio de Ruido_Final_seia.pdf,pdf,21693568,20.689,EIA 2040 / Adendas / Resolucion,Alta,Pendiente,
DOC-0127,antecedentes/2. EIA 2040/1. EIA/Cap 4 Ev. Impactos/Anexo 4.3 Estudio de Vibraciones/Anexo 4.3 Estudio Vibraciones_Final_seia.pdf,2. EIA 2040,1. EIA,Anexo 4.3 Estudio Vibraciones_Final_seia.pdf,pdf,12689435,12.102,EIA 2040 / Adendas / Resolucion,Alta,Pendiente,
DOC-0128,antecedentes/2. EIA 2040/1. EIA/Cap 4 Ev. Impactos/Anexo 4.4 Modelación Hidrogeología/Anexo 4.4.A Modelo conceptual/Anexo 4.4.A_seia.pdf,2. EIA 2040,1. EIA,Anexo 4.4.A_seia.pdf,pdf,25318844,24.146,EIA 2040 / Adendas / Resolucion,Alta,Pendiente,
DOC-0129,antecedentes/2. EIA 2040/1. EIA/Cap 4 Ev. Impactos/Anexo 4.4 Modelación Hidrogeología/Anexo 4.4.A Modelo conceptual/Apéndice 4.4.A.1 Digital/Apéndice 4.4.A.1 portada.pdf,2. EIA 2040,1. EIA,Apéndice 4.4.A.1 portada.pdf,pdf,7211,0.007,EIA 2040 / Adendas / Resolucion,Alta,Pendiente,
DOC-0130,antecedentes/2. EIA 2040/1. EIA/Cap 4 Ev. Impactos/Anexo 4.4 Modelación Hidrogeología/Anexo 4.4.A Modelo conceptual/Apéndice 4.4.A.1 Digital/CAND_FLODHI_291109_Anexo_1.pdf,2. EIA 2040,1. EIA,CAND_FLODHI_291109_Anexo_1.pdf,pdf,12793928,12.201,EIA 2040 / Adendas / Resolucion,Alta,Pendiente,
DOC-0131,antecedentes/2. EIA 2040/1. EIA/Cap 4 Ev. Impactos/Anexo 4.4 Modelación Hidrogeología/Anexo 4.4.A Modelo conceptual/Apéndice 4.4.A.1 Digital/CAND_FLODHI_291109_Anexo_2.pdf,2. EIA 2040,1. EIA,CAND_FLODHI_291109_Anexo_2.pdf,pdf,2734108,2.607,EIA 2040 / Adendas / Resolucion,Alta,Pendiente,
DOC-0132,antecedentes/2. EIA 2040/1. EIA/Cap 4 Ev. Impactos/Anexo 4.4 Modelación Hidrogeología/Anexo 4.4.A Modelo conceptual/Apéndice 4.4.A.1 Digital/CAND_FLODHI_291109_Anexo_3.pdf,2. EIA 2040,1. EIA,CAND_FLODHI_291109_Anexo_3.pdf,pdf,1945476,1.855,EIA 2040 / Adendas / Resolucion,Alta,Pendiente,
DOC-0133,antecedentes/2. EIA 2040/1. EIA/Cap 4 Ev. Impactos/Anexo 4.4 Modelación Hidrogeología/Anexo 4.4.A Modelo conceptual/Apéndice 4.4.A.1 Digital/CAND_FLODHI_291109_Anexo_4.pdf,2. EIA 2040,1. EIA,CAND_FLODHI_291109_Anexo_4.pdf,pdf,28811448,27.477,EIA 2040 / Adendas / Resolucion,Alta,Pendiente,
DOC-0134,antecedentes/2. EIA 2040/1. EIA/Cap 4 Ev. Impactos/Anexo 4.4 Modelación Hidrogeología/Anexo 4.4.B Modelo numerico - Parte 1/Anexo 4.4.B_seia.pdf,2. EIA 2040,1. EIA,Anexo 4.4.B_seia.pdf,pdf,9930956,9.471,EIA 2040 / Adendas / Resolucion,Alta,Pendiente,
DOC-0135,antecedentes/2. EIA 2040/1. EIA/Cap 4 Ev. Impactos/Anexo 4.4 Modelación Hidrogeología/Anexo 4.4.B Modelo numerico - Parte 1/Apéndice 4.4.B.1 Digital/Apéndice 4.4.B.1.pdf,2. EIA 2040,1. EIA,Apéndice 4.4.B.1.pdf,pdf,21170640,20.190,EIA 2040 / Adendas / Resolucion,Alta,Pendiente,
DOC-0136,antecedentes/2. EIA 2040/1. EIA/Cap 4 Ev. Impactos/Anexo 4.4 Modelación Hidrogeología/Anexo 4.4.C Modelo numerico - Parte 2/Anexo 4.4.C_seia.pdf,2. EIA 2040,1. EIA,Anexo 4.4.C_seia.pdf,pdf,14611346,13.934,EIA 2040 / Adendas / Resolucion,Alta,Pendiente,
DOC-0137,antecedentes/2. EIA 2040/1. EIA/Cap 4 Ev. Impactos/Anexo 4.4 Modelación Hidrogeología/Anexo 4.4.C Modelo numerico - Parte 2/Apéndice 4.4.C.1 Digital/Apéndice 4.4.C.1.pdf,2. EIA 2040,1. EIA,Apéndice 4.4.C.1.pdf,pdf,23615584,22.522,EIA 2040 / Adendas / Resolucion,Alta,Pendiente,
DOC-0138,antecedentes/2. EIA 2040/1. EIA/Cap 4 Ev. Impactos/Anexo 4.5 Estudio de Dilución/Anexo 4.5_seia.pdf,2. EIA 2040,1. EIA,Anexo 4.5_seia.pdf,pdf,3540294,3.376,EIA 2040 / Adendas / Resolucion,Alta,Pendiente,
DOC-0139,antecedentes/2. EIA 2040/1. EIA/Cap 4 Ev. Impactos/Anexo 4.6 Estudio de variabilidad/Anexo 4.6_seia.pdf,2. EIA 2040,1. EIA,Anexo 4.6_seia.pdf,pdf,2848327,2.716,EIA 2040 / Adendas / Resolucion,Alta,Pendiente,
DOC-0140,antecedentes/2. EIA 2040/1. EIA/Cap 4 Ev. Impactos/Anexo 4.7 Pérdida Adultos Equivalentes/Anexo 4.7.A PAE/Anexo 4.7.A_seia.pdf,2. EIA 2040,1. EIA,Anexo 4.7.A_seia.pdf,pdf,1940184,1.850,EIA 2040 / Adendas / Resolucion,Alta,Pendiente,
DOC-0141,antecedentes/2. EIA 2040/1. EIA/Cap 4 Ev. Impactos/Anexo 4.7 Pérdida Adultos Equivalentes/Anexo 4.7.B Actividad pesquera/Anexo 4.7.B_seia.pdf,2. EIA 2040,1. EIA,Anexo 4.7.B_seia.pdf,pdf,3561753,3.397,EIA 2040 / Adendas / Resolucion,Alta,Pendiente,
DOC-0142,antecedentes/2. EIA 2040/1. EIA/Cap 4 Ev. Impactos/Anexo 4.8 Análisis Fotomontajes/Anexo 4.8_seia.pdf,2. EIA 2040,1. EIA,Anexo 4.8_seia.pdf,pdf,23028544,21.962,EIA 2040 / Adendas / Resolucion,Alta,Pendiente,
DOC-0143,antecedentes/2. EIA 2040/1. EIA/Cap 4 Ev. Impactos/Anexo 4.9 Estudio de Impacto Vial/Anexo 4.9_seia.pdf,2. EIA 2040,1. EIA,Anexo 4.9_seia.pdf,pdf,25225028,24.056,EIA 2040 / Adendas / Resolucion,Alta,Pendiente,
DOC-0144,antecedentes/2. EIA 2040/1. EIA/Cap 4 Ev. Impactos/Anexo 4.9 Estudio de Impacto Vial/Apéndice 4.9.A Semaforización/Apéndice 4.9.A_seia.pdf,2. EIA 2040,1. EIA,Apéndice 4.9.A_seia.pdf,pdf,80222,0.077,EIA 2040 / Adendas / Resolucion,Alta,Pendiente,
DOC-0145,antecedentes/2. EIA 2040/1. EIA/Cap 4 Ev. Impactos/Anexo 4.9 Estudio de Impacto Vial/Apéndice 4.9.B Salida SIDRA (Digital)/Apéndice 4.9.B Portada.pdf,2. EIA 2040,1. EIA,Apéndice 4.9.B Portada.pdf,pdf,7178,0.007,EIA 2040 / Adendas / Resolucion,Alta,Pendiente,
DOC-0146,antecedentes/2. EIA 2040/1. EIA/Cap 4 Ev. Impactos/Anexo 4.9 Estudio de Impacto Vial/Apéndice 4.9.B Salida SIDRA (Digital)/intersecciones constr v9.sip8,2. EIA 2040,1. EIA,intersecciones constr v9.sip8,sip8,12115968,11.555,EIA 2040 / Adendas / Resolucion,Alta,Pendiente,
DOC-0147,antecedentes/2. EIA 2040/1. EIA/Cap 4 Ev. Impactos/Anexo 4.9 Estudio de Impacto Vial/Apéndice 4.9.B Salida SIDRA (Digital)/intersecciones oper v9.sip8,2. EIA 2040,1. EIA,intersecciones oper v9.sip8,sip8,11849728,11.301,EIA 2040 / Adendas / Resolucion,Alta,Pendiente,
DOC-0148,antecedentes/2. EIA 2040/1. EIA/Cap 4 Ev. Impactos/Anexo 4.9 Estudio de Impacto Vial/Apéndice 4.9.B Salida SIDRA (Digital)/Salida SIDRA.docx,2. EIA 2040,1. EIA,Salida SIDRA.docx,docx,1795105,1.712,EIA 2040 / Adendas / Resolucion,Alta,Pendiente,
DOC-0149,antecedentes/2. EIA 2040/1. EIA/Cap 4 Ev. Impactos/Anexo 4.9 Estudio de Impacto Vial/Apéndice 4.9.B Salida SIDRA (Digital)/Salida SIDRA.pdf,2. EIA 2040,1. EIA,Salida SIDRA.pdf,pdf,6350830,6.057,EIA 2040 / Adendas / Resolucion,Alta,Pendiente,
DOC-0150,antecedentes/2. EIA 2040/1. EIA/Cap 5 Pertinencia Ingreso/5158-0000-MA-EIA-500_seia.pdf,2. EIA 2040,1. EIA,5158-0000-MA-EIA-500_seia.pdf,pdf,554607,0.529,EIA 2040 / Adendas / Resolucion,Alta,Pendiente,
DOC-0151,antecedentes/2. EIA 2040/1. EIA/Cap 5 Pertinencia Ingreso/Anexo 5.1_Potencial Riesgo Salud/Anexo 5.1_seia.pdf,2. EIA 2040,1. EIA,Anexo 5.1_seia.pdf,pdf,103634,0.099,EIA 2040 / Adendas / Resolucion,Alta,Pendiente,
DOC-0152,antecedentes/2. EIA 2040/1. EIA/Cap 6 Plan Medidas/5158-0000-MA-EIA-600_1_final_seia.pdf,2. EIA 2040,1. EIA,5158-0000-MA-EIA-600_1_final_seia.pdf,pdf,2307771,2.201,EIA 2040 / Adendas / Resolucion,Alta,Pendiente,
DOC-0153,antecedentes/2. EIA 2040/1. EIA/Cap 6 Plan Medidas/Anexos/Anexo 6.1 Plan humectación_seia/Anexo 6.1_seia.pdf,2. EIA 2040,1. EIA,Anexo 6.1_seia.pdf,pdf,360887,0.344,EIA 2040 / Adendas / Resolucion,Alta,Pendiente,
DOC-0154,antecedentes/2. EIA 2040/1. EIA/Cap 6 Plan Medidas/Anexos/Anexo 6.1 Plan humectación_seia/Apéndice 6.1.A_seia.pdf,2. EIA 2040,1. EIA,Apéndice 6.1.A_seia.pdf,pdf,1043113,0.995,EIA 2040 / Adendas / Resolucion,Alta,Pendiente,
DOC-0155,antecedentes/2. EIA 2040/1. EIA/Cap 6 Plan Medidas/Anexos/Anexo 6.1 Plan humectación_seia/Apéndice 6.1.B_seia.pdf,2. EIA 2040,1. EIA,Apéndice 6.1.B_seia.pdf,pdf,690116,0.658,EIA 2040 / Adendas / Resolucion,Alta,Pendiente,
DOC-0156,antecedentes/2. EIA 2040/1. EIA/Cap 6 Plan Medidas/Anexos/Anexo 6.2 Plan de manejo_seia.pdf,2. EIA 2040,1. EIA,Anexo 6.2 Plan de manejo_seia.pdf,pdf,1125148,1.073,EIA 2040 / Adendas / Resolucion,Alta,Pendiente,
DOC-0157,antecedentes/2. EIA 2040/1. EIA/Cap 6 Plan Medidas/Anexos/Anexo 6.3 Medida comp aire_seia.pdf,2. EIA 2040,1. EIA,Anexo 6.3 Medida comp aire_seia.pdf,pdf,1107743,1.056,EIA 2040 / Adendas / Resolucion,Alta,Pendiente,
DOC-0158,antecedentes/2. EIA 2040/1. EIA/Cap 7 Plan Prev. Conting y Emerg/5158-0000-MA-EIA-700_0_Rev 1_seia.pdf,2. EIA 2040,1. EIA,5158-0000-MA-EIA-700_0_Rev 1_seia.pdf,pdf,955681,0.911,EIA 2040 / Adendas / Resolucion,Alta,Pendiente,
DOC-0159,antecedentes/2. EIA 2040/1. EIA/Cap 8 Plan Seguimiento/5158-0000-MA-EIA-800_0_seia.pdf,2. EIA 2040,1. EIA,5158-0000-MA-EIA-800_0_seia.pdf,pdf,185130,0.177,EIA 2040 / Adendas / Resolucion,Alta,Pendiente,
DOC-0160,antecedentes/2. EIA 2040/1. EIA/Cap 8 Plan Seguimiento/Anexos/Anexo 8.1 Plan de Seguimiento/Anexo 8.1 Seg Amb Integ_0_seia.pdf,2. EIA 2040,1. EIA,Anexo 8.1 Seg Amb Integ_0_seia.pdf,pdf,1373204,1.310,EIA 2040 / Adendas / Resolucion,Alta,Pendiente,
DOC-0161,antecedentes/2. EIA 2040/1. EIA/Cap 8 Plan Seguimiento/Anexos/Anexo 8.2 (digital)/Archivos digitales/Calidad del Aire.kmz,2. EIA 2040,1. EIA,Calidad del Aire.kmz,kmz,1139,0.001,EIA 2040 / Adendas / Resolucion,Alta,Pendiente,
DOC-0162,antecedentes/2. EIA 2040/1. EIA/Cap 8 Plan Seguimiento/Anexos/Anexo 8.2 (digital)/Archivos digitales/Medio Marino PVA.kmz,2. EIA 2040,1. EIA,Medio Marino PVA.kmz,kmz,2392,0.002,EIA 2040 / Adendas / Resolucion,Alta,Pendiente,
DOC-0163,antecedentes/2. EIA 2040/1. EIA/Cap 8 Plan Seguimiento/Anexos/Anexo 8.2 (digital)/Archivos digitales/Plan de Monitoreo RRHH Calidad de Agua.kmz,2. EIA 2040,1. EIA,Plan de Monitoreo RRHH Calidad de Agua.kmz,kmz,3406,0.003,EIA 2040 / Adendas / Resolucion,Alta,Pendiente,
DOC-0164,antecedentes/2. EIA 2040/1. EIA/Cap 8 Plan Seguimiento/Anexos/Anexo 8.2 (digital)/Archivos digitales/Plan de Monitoreo RRHH Niveles.kmz,2. EIA 2040,1. EIA,Plan de Monitoreo RRHH Niveles.kmz,kmz,4741,0.005,EIA 2040 / Adendas / Resolucion,Alta,Pendiente,
DOC-0165,antecedentes/2. EIA 2040/1. EIA/Cap 8 Plan Seguimiento/Anexos/Anexo 8.2 (digital)/Archivos digitales/Puntos Control Ruido.kmz,2. EIA 2040,1. EIA,Puntos Control Ruido.kmz,kmz,1686,0.002,EIA 2040 / Adendas / Resolucion,Alta,Pendiente,
DOC-0166,antecedentes/2. EIA 2040/1. EIA/Cap 8 Plan Seguimiento/Anexos/Anexo 8.2 (digital)/Archivos digitales/Puntos Control Vibraciones.kmz,2. EIA 2040,1. EIA,Puntos Control Vibraciones.kmz,kmz,1216,0.001,EIA 2040 / Adendas / Resolucion,Alta,Pendiente,
DOC-0167,antecedentes/2. EIA 2040/1. EIA/Cap 8 Plan Seguimiento/Anexos/Anexo 8.2 (digital)/Portada Anexo 8.2 (digital).pdf,2. EIA 2040,1. EIA,Portada Anexo 8.2 (digital).pdf,pdf,6860,0.007,EIA 2040 / Adendas / Resolucion,Alta,Pendiente,
DOC-0168,antecedentes/2. EIA 2040/1. EIA/Cap 9 Plan Cumplimiento y PAS/Anexo 9.1 PAS 115/5158-0000-MA-EIA-901_2-_seia.pdf,2. EIA 2040,1. EIA,5158-0000-MA-EIA-901_2-_seia.pdf,pdf,603310,0.575,EIA 2040 / Adendas / Resolucion,Alta,Pendiente,
DOC-0169,antecedentes/2. EIA 2040/1. EIA/Cap 9 Plan Cumplimiento y PAS/Anexo 9.1 PAS 115/Apéndice 9.1-1 Planos/Apéndice 9.1-1_seia.pdf,2. EIA 2040,1. EIA,Apéndice 9.1-1_seia.pdf,pdf,2354236,2.245,EIA 2040 / Adendas / Resolucion,Alta,Pendiente,
DOC-0170,antecedentes/2. EIA 2040/1. EIA/Cap 9 Plan Cumplimiento y PAS/Anexo 9.1 PAS 115/Apéndice 9.1-2 Certificado/Apéndice 9.1-2.pdf,2. EIA 2040,1. EIA,Apéndice 9.1-2.pdf,pdf,165107,0.157,EIA 2040 / Adendas / Resolucion,Alta,Pendiente,
DOC-0171,antecedentes/2. EIA 2040/1. EIA/Cap 9 Plan Cumplimiento y PAS/Anexo 9.10 PAS 151/5158-0000-MA-EIA-910_Rev. 0_seia.pdf,2. EIA 2040,1. EIA,5158-0000-MA-EIA-910_Rev. 0_seia.pdf,pdf,164166,0.157,EIA 2040 / Adendas / Resolucion,Alta,Pendiente,
DOC-0172,antecedentes/2. EIA 2040/1. EIA/Cap 9 Plan Cumplimiento y PAS/Anexo 9.10 PAS 151/Apéndice 9.10-1 Plan de Trabajo/Apéndice 9.10-1_seia.pdf,2. EIA 2040,1. EIA,Apéndice 9.10-1_seia.pdf,pdf,3260222,3.109,EIA 2040 / Adendas / Resolucion,Alta,Pendiente,
DOC-0173,antecedentes/2. EIA 2040/1. EIA/Cap 9 Plan Cumplimiento y PAS/Anexo 9.10 PAS 151/Apéndice 9.10-2 Parcelas de muestreo/Apéndice 9.10.2 Parcelas de muestreo_seia.pdf,2. EIA 2040,1. EIA,Apéndice 9.10.2 Parcelas de muestreo_seia.pdf,pdf,62424,0.060,EIA 2040 / Adendas / Resolucion,Alta,Pendiente,
DOC-0174,antecedentes/2. EIA 2040/1. EIA/Cap 9 Plan Cumplimiento y PAS/Anexo 9.10 PAS 151/Apéndice 9.10-3 Cartografía/Apéndice 9.10-3_seia.pdf,2. EIA 2040,1. EIA,Apéndice 9.10-3_seia.pdf,pdf,2423361,2.311,EIA 2040 / Adendas / Resolucion,Alta,Pendiente,
DOC-0175,antecedentes/2. EIA 2040/1. EIA/Cap 9 Plan Cumplimiento y PAS/Anexo 9.10 PAS 151/Apéndice 9.10-4 Cartografía digital/01 Shp/5158-20191114_AreaIntervencionObras.cpg,2. EIA 2040,1. EIA,5158-20191114_AreaIntervencionObras.cpg,cpg,5,0.000,EIA 2040 / Adendas / Resolucion,Alta,Pendiente,
DOC-0176,antecedentes/2. EIA 2040/1. EIA/Cap 9 Plan Cumplimiento y PAS/Anexo 9.10 PAS 151/Apéndice 9.10-4 Cartografía digital/01 Shp/5158-20191114_AreaIntervencionObras.dbf,2. EIA 2040,1. EIA,5158-20191114_AreaIntervencionObras.dbf,dbf,375340,0.358,EIA 2040 / Adendas / Resolucion,Alta,Pendiente,
DOC-0177,antecedentes/2. EIA 2040/1. EIA/Cap 9 Plan Cumplimiento y PAS/Anexo 9.10 PAS 151/Apéndice 9.10-4 Cartografía digital/01 Shp/5158-20191114_AreaIntervencionObras.prj,2. EIA 2040,1. EIA,5158-20191114_AreaIntervencionObras.prj,prj,409,0.000,EIA 2040 / Adendas / Resolucion,Alta,Pendiente,
DOC-0178,antecedentes/2. EIA 2040/1. EIA/Cap 9 Plan Cumplimiento y PAS/Anexo 9.10 PAS 151/Apéndice 9.10-4 Cartografía digital/01 Shp/5158-20191114_AreaIntervencionObras.sbn,2. EIA 2040,1. EIA,5158-20191114_AreaIntervencionObras.sbn,sbn,1772,0.002,EIA 2040 / Adendas / Resolucion,Alta,Pendiente,
DOC-0179,antecedentes/2. EIA 2040/1. EIA/Cap 9 Plan Cumplimiento y PAS/Anexo 9.10 PAS 151/Apéndice 9.10-4 Cartografía digital/01 Shp/5158-20191114_AreaIntervencionObras.sbx,2. EIA 2040,1. EIA,5158-20191114_AreaIntervencionObras.sbx,sbx,132,0.000,EIA 2040 / Adendas / Resolucion,Alta,Pendiente,
DOC-0180,antecedentes/2. EIA 2040/1. EIA/Cap 9 Plan Cumplimiento y PAS/Anexo 9.10 PAS 151/Apéndice 9.10-4 Cartografía digital/01 Shp/5158-20191114_AreaIntervencionObras.shp,2. EIA 2040,1. EIA,5158-20191114_AreaIntervencionObras.shp,shp,832872,0.794,EIA 2040 / Adendas / Resolucion,Alta,Pendiente,
DOC-0181,antecedentes/2. EIA 2040/1. EIA/Cap 9 Plan Cumplimiento y PAS/Anexo 9.10 PAS 151/Apéndice 9.10-4 Cartografía digital/01 Shp/5158-20191114_AreaIntervencionObras.shp.xml,2. EIA 2040,1. EIA,5158-20191114_AreaIntervencionObras.shp.xml,xml,14955,0.014,EIA 2040 / Adendas / Resolucion,Alta,Pendiente,
DOC-0182,antecedentes/2. EIA 2040/1. EIA/Cap 9 Plan Cumplimiento y PAS/Anexo 9.10 PAS 151/Apéndice 9.10-4 Cartografía digital/01 Shp/5158-20191114_AreaIntervencionObras.shx,2. EIA 2040,1. EIA,5158-20191114_AreaIntervencionObras.shx,shx,1532,0.001,EIA 2040 / Adendas / Resolucion,Alta,Pendiente,
DOC-0183,antecedentes/2. EIA 2040/1. EIA/Cap 9 Plan Cumplimiento y PAS/Anexo 9.10 PAS 151/Apéndice 9.10-4 Cartografía digital/01 Shp/Afectación_formación_xerofítica.cpg,2. EIA 2040,1. EIA,Afectación_formación_xerofítica.cpg,cpg,5,0.000,EIA 2040 / Adendas / Resolucion,Alta,Pendiente,
DOC-0184,antecedentes/2. EIA 2040/1. EIA/Cap 9 Plan Cumplimiento y PAS/Anexo 9.10 PAS 151/Apéndice 9.10-4 Cartografía digital/01 Shp/Afectación_formación_xerofítica.dbf,2. EIA 2040,1. EIA,Afectación_formación_xerofítica.dbf,dbf,6410,0.006,EIA 2040 / Adendas / Resolucion,Alta,Pendiente,
DOC-0185,antecedentes/2. EIA 2040/1. EIA/Cap 9 Plan Cumplimiento y PAS/Anexo 9.10 PAS 151/Apéndice 9.10-4 Cartografía digital/01 Shp/Afectación_formación_xerofítica.prj,2. EIA 2040,1. EIA,Afectación_formación_xerofítica.prj,prj,409,0.000,EIA 2040 / Adendas / Resolucion,Alta,Pendiente,
DOC-0186,antecedentes/2. EIA 2040/1. EIA/Cap 9 Plan Cumplimiento y PAS/Anexo 9.10 PAS 151/Apéndice 9.10-4 Cartografía digital/01 Shp/Afectación_formación_xerofítica.sbn,2. EIA 2040,1. EIA,Afectación_formación_xerofítica.sbn,sbn,212,0.000,EIA 2040 / Adendas / Resolucion,Alta,Pendiente,
DOC-0187,antecedentes/2. EIA 2040/1. EIA/Cap 9 Plan Cumplimiento y PAS/Anexo 9.10 PAS 151/Apéndice 9.10-4 Cartografía digital/01 Shp/Afectación_formación_xerofítica.sbx,2. EIA 2040,1. EIA,Afectación_formación_xerofítica.sbx,sbx,124,0.000,EIA 2040 / Adendas / Resolucion,Alta,Pendiente,
DOC-0188,antecedentes/2. EIA 2040/1. EIA/Cap 9 Plan Cumplimiento y PAS/Anexo 9.10 PAS 151/Apéndice 9.10-4 Cartografía digital/01 Shp/Afectación_formación_xerofítica.shp,2. EIA 2040,1. EIA,Afectación_formación_xerofítica.shp,shp,43788,0.042,EIA 2040 / Adendas / Resolucion,Alta,Pendiente,
DOC-0189,antecedentes/2. EIA 2040/1. EIA/Cap 9 Plan Cumplimiento y PAS/Anexo 9.10 PAS 151/Apéndice 9.10-4 Cartografía digital/01 Shp/Afectación_formación_xerofítica.shp.xml,2. EIA 2040,1. EIA,Afectación_formación_xerofítica.shp.xml,xml,22916,0.022,EIA 2040 / Adendas / Resolucion,Alta,Pendiente,
DOC-0190,antecedentes/2. EIA 2040/1. EIA/Cap 9 Plan Cumplimiento y PAS/Anexo 9.10 PAS 151/Apéndice 9.10-4 Cartografía digital/01 Shp/Afectación_formación_xerofítica.shx,2. EIA 2040,1. EIA,Afectación_formación_xerofítica.shx,shx,164,0.000,EIA 2040 / Adendas / Resolucion,Alta,Pendiente,
DOC-0191,antecedentes/2. EIA 2040/1. EIA/Cap 9 Plan Cumplimiento y PAS/Anexo 9.10 PAS 151/Apéndice 9.10-4 Cartografía digital/01 Shp/Caminos_.cpg,2. EIA 2040,1. EIA,Caminos_.cpg,cpg,5,0.000,EIA 2040 / Adendas / Resolucion,Alta,Pendiente,
DOC-0192,antecedentes/2. EIA 2040/1. EIA/Cap 9 Plan Cumplimiento y PAS/Anexo 9.10 PAS 151/Apéndice 9.10-4 Cartografía digital/01 Shp/Caminos_.dbf,2. EIA 2040,1. EIA,Caminos_.dbf,dbf,2498,0.002,EIA 2040 / Adendas / Resolucion,Alta,Pendiente,
DOC-0193,antecedentes/2. EIA 2040/1. EIA/Cap 9 Plan Cumplimiento y PAS/Anexo 9.10 PAS 151/Apéndice 9.10-4 Cartografía digital/01 Shp/Caminos_.prj,2. EIA 2040,1. EIA,Caminos_.prj,prj,409,0.000,EIA 2040 / Adendas / Resolucion,Alta,Pendiente,
DOC-0194,antecedentes/2. EIA 2040/1. EIA/Cap 9 Plan Cumplimiento y PAS/Anexo 9.10 PAS 151/Apéndice 9.10-4 Cartografía digital/01 Shp/Caminos_.sbn,2. EIA 2040,1. EIA,Caminos_.sbn,sbn,220,0.000,EIA 2040 / Adendas / Resolucion,Alta,Pendiente,
DOC-0195,antecedentes/2. EIA 2040/1. EIA/Cap 9 Plan Cumplimiento y PAS/Anexo 9.10 PAS 151/Apéndice 9.10-4 Cartografía digital/01 Shp/Caminos_.sbx,2. EIA 2040,1. EIA,Caminos_.sbx,sbx,124,0.000,EIA 2040 / Adendas / Resolucion,Alta,Pendiente,
DOC-0196,antecedentes/2. EIA 2040/1. EIA/Cap 9 Plan Cumplimiento y PAS/Anexo 9.10 PAS 151/Apéndice 9.10-4 Cartografía digital/01 Shp/Caminos_.shp,2. EIA 2040,1. EIA,Caminos_.shp,shp,1061536,1.012,EIA 2040 / Adendas / Resolucion,Alta,Pendiente,
DOC-0197,antecedentes/2. EIA 2040/1. EIA/Cap 9 Plan Cumplimiento y PAS/Anexo 9.10 PAS 151/Apéndice 9.10-4 Cartografía digital/01 Shp/Caminos_.shp.xml,2. EIA 2040,1. EIA,Caminos_.shp.xml,xml,31178,0.030,EIA 2040 / Adendas / Resolucion,Alta,Pendiente,
DOC-0198,antecedentes/2. EIA 2040/1. EIA/Cap 9 Plan Cumplimiento y PAS/Anexo 9.10 PAS 151/Apéndice 9.10-4 Cartografía digital/01 Shp/Caminos_.shx,2. EIA 2040,1. EIA,Caminos_.shx,shx,172,0.000,EIA 2040 / Adendas / Resolucion,Alta,Pendiente,
DOC-0199,antecedentes/2. EIA 2040/1. EIA/Cap 9 Plan Cumplimiento y PAS/Anexo 9.10 PAS 151/Apéndice 9.10-4 Cartografía digital/01 Shp/Curvas de nivel.cpg,2. EIA 2040,1. EIA,Curvas de nivel.cpg,cpg,5,0.000,EIA 2040 / Adendas / Resolucion,Alta,Pendiente,
DOC-0200,antecedentes/2. EIA 2040/1. EIA/Cap 9 Plan Cumplimiento y PAS/Anexo 9.10 PAS 151/Apéndice 9.10-4 Cartografía digital/01 Shp/Curvas de nivel.dbf,2. EIA 2040,1. EIA,Curvas de nivel.dbf,dbf,1218,0.001,EIA 2040 / Adendas / Resolucion,Alta,Pendiente,
DOC-0201,antecedentes/2. EIA 2040/1. EIA/Cap 9 Plan Cumplimiento y PAS/Anexo 9.10 PAS 151/Apéndice 9.10-4 Cartografía digital/01 Shp/Curvas de nivel.prj,2. EIA 2040,1. EIA,Curvas de nivel.prj,prj,409,0.000,EIA 2040 / Adendas / Resolucion,Alta,Pendiente,
DOC-0202,antecedentes/2. EIA 2040/1. EIA/Cap 9 Plan Cumplimiento y PAS/Anexo 9.10 PAS 151/Apéndice 9.10-4 Cartografía digital/01 Shp/Curvas de nivel.sbn,2. EIA 2040,1. EIA,Curvas de nivel.sbn,sbn,212,0.000,EIA 2040 / Adendas / Resolucion,Alta,Pendiente,
DOC-0203,antecedentes/2. EIA 2040/1. EIA/Cap 9 Plan Cumplimiento y PAS/Anexo 9.10 PAS 151/Apéndice 9.10-4 Cartografía digital/01 Shp/Curvas de nivel.sbx,2. EIA 2040,1. EIA,Curvas de nivel.sbx,sbx,124,0.000,EIA 2040 / Adendas / Resolucion,Alta,Pendiente,
DOC-0204,antecedentes/2. EIA 2040/1. EIA/Cap 9 Plan Cumplimiento y PAS/Anexo 9.10 PAS 151/Apéndice 9.10-4 Cartografía digital/01 Shp/Curvas de nivel.shp,2. EIA 2040,1. EIA,Curvas de nivel.shp,shp,31856,0.030,EIA 2040 / Adendas / Resolucion,Alta,Pendiente,
DOC-0205,antecedentes/2. EIA 2040/1. EIA/Cap 9 Plan Cumplimiento y PAS/Anexo 9.10 PAS 151/Apéndice 9.10-4 Cartografía digital/01 Shp/Curvas de nivel.shp.xml,2. EIA 2040,1. EIA,Curvas de nivel.shp.xml,xml,703,0.001,EIA 2040 / Adendas / Resolucion,Alta,Pendiente,
DOC-0206,antecedentes/2. EIA 2040/1. EIA/Cap 9 Plan Cumplimiento y PAS/Anexo 9.10 PAS 151/Apéndice 9.10-4 Cartografía digital/01 Shp/Curvas de nivel.shx,2. EIA 2040,1. EIA,Curvas de nivel.shx,shx,164,0.000,EIA 2040 / Adendas / Resolucion,Alta,Pendiente,
DOC-0207,antecedentes/2. EIA 2040/1. EIA/Cap 9 Plan Cumplimiento y PAS/Anexo 9.10 PAS 151/Apéndice 9.10-4 Cartografía digital/01 Shp/Hidrografía.cpg,2. EIA 2040,1. EIA,Hidrografía.cpg,cpg,5,0.000,EIA 2040 / Adendas / Resolucion,Alta,Pendiente,
DOC-0208,antecedentes/2. EIA 2040/1. EIA/Cap 9 Plan Cumplimiento y PAS/Anexo 9.10 PAS 151/Apéndice 9.10-4 Cartografía digital/01 Shp/Hidrografía.dbf,2. EIA 2040,1. EIA,Hidrografía.dbf,dbf,2138,0.002,EIA 2040 / Adendas / Resolucion,Alta,Pendiente,
DOC-0209,antecedentes/2. EIA 2040/1. EIA/Cap 9 Plan Cumplimiento y PAS/Anexo 9.10 PAS 151/Apéndice 9.10-4 Cartografía digital/01 Shp/Hidrografía.prj,2. EIA 2040,1. EIA,Hidrografía.prj,prj,409,0.000,EIA 2040 / Adendas / Resolucion,Alta,Pendiente,
DOC-0210,antecedentes/2. EIA 2040/1. EIA/Cap 9 Plan Cumplimiento y PAS/Anexo 9.10 PAS 151/Apéndice 9.10-4 Cartografía digital/01 Shp/Hidrografía.sbn,2. EIA 2040,1. EIA,Hidrografía.sbn,sbn,220,0.000,EIA 2040 / Adendas / Resolucion,Alta,Pendiente,
DOC-0211,antecedentes/2. EIA 2040/1. EIA/Cap 9 Plan Cumplimiento y PAS/Anexo 9.10 PAS 151/Apéndice 9.10-4 Cartografía digital/01 Shp/Hidrografía.sbx,2. EIA 2040,1. EIA,Hidrografía.sbx,sbx,132,0.000,EIA 2040 / Adendas / Resolucion,Alta,Pendiente,
DOC-0212,antecedentes/2. EIA 2040/1. EIA/Cap 9 Plan Cumplimiento y PAS/Anexo 9.10 PAS 151/Apéndice 9.10-4 Cartografía digital/01 Shp/Hidrografía.shp,2. EIA 2040,1. EIA,Hidrografía.shp,shp,13188,0.013,EIA 2040 / Adendas / Resolucion,Alta,Pendiente,
DOC-0213,antecedentes/2. EIA 2040/1. EIA/Cap 9 Plan Cumplimiento y PAS/Anexo 9.10 PAS 151/Apéndice 9.10-4 Cartografía digital/01 Shp/Hidrografía.shp.xml,2. EIA 2040,1. EIA,Hidrografía.shp.xml,xml,15574,0.015,EIA 2040 / Adendas / Resolucion,Alta,Pendiente,
DOC-0214,antecedentes/2. EIA 2040/1. EIA/Cap 9 Plan Cumplimiento y PAS/Anexo 9.10 PAS 151/Apéndice 9.10-4 Cartografía digital/01 Shp/Hidrografía.shx,2. EIA 2040,1. EIA,Hidrografía.shx,shx,164,0.000,EIA 2040 / Adendas / Resolucion,Alta,Pendiente,
DOC-0215,antecedentes/2. EIA 2040/1. EIA/Cap 9 Plan Cumplimiento y PAS/Anexo 9.10 PAS 151/Apéndice 9.10-4 Cartografía digital/01 Shp/Parcelas_de_muestreo.cpg,2. EIA 2040,1. EIA,Parcelas_de_muestreo.cpg,cpg,5,0.000,EIA 2040 / Adendas / Resolucion,Alta,Pendiente,
DOC-0216,antecedentes/2. EIA 2040/1. EIA/Cap 9 Plan Cumplimiento y PAS/Anexo 9.10 PAS 151/Apéndice 9.10-4 Cartografía digital/01 Shp/Parcelas_de_muestreo.dbf,2. EIA 2040,1. EIA,Parcelas_de_muestreo.dbf,dbf,994,0.001,EIA 2040 / Adendas / Resolucion,Alta,Pendiente,
DOC-0217,antecedentes/2. EIA 2040/1. EIA/Cap 9 Plan Cumplimiento y PAS/Anexo 9.10 PAS 151/Apéndice 9.10-4 Cartografía digital/01 Shp/Parcelas_de_muestreo.prj,2. EIA 2040,1. EIA,Parcelas_de_muestreo.prj,prj,409,0.000,EIA 2040 / Adendas / Resolucion,Alta,Pendiente,
DOC-0218,antecedentes/2. EIA 2040/1. EIA/Cap 9 Plan Cumplimiento y PAS/Anexo 9.10 PAS 151/Apéndice 9.10-4 Cartografía digital/01 Shp/Parcelas_de_muestreo.sbn,2. EIA 2040,1. EIA,Parcelas_de_muestreo.sbn,sbn,444,0.000,EIA 2040 / Adendas / Resolucion,Alta,Pendiente,
DOC-0219,antecedentes/2. EIA 2040/1. EIA/Cap 9 Plan Cumplimiento y PAS/Anexo 9.10 PAS 151/Apéndice 9.10-4 Cartografía digital/01 Shp/Parcelas_de_muestreo.sbx,2. EIA 2040,1. EIA,Parcelas_de_muestreo.sbx,sbx,132,0.000,EIA 2040 / Adendas / Resolucion,Alta,Pendiente,
DOC-0220,antecedentes/2. EIA 2040/1. EIA/Cap 9 Plan Cumplimiento y PAS/Anexo 9.10 PAS 151/Apéndice 9.10-4 Cartografía digital/01 Shp/Parcelas_de_muestreo.shp,2. EIA 2040,1. EIA,Parcelas_de_muestreo.shp,shp,1508,0.001,EIA 2040 / Adendas / Resolucion,Alta,Pendiente,
DOC-0221,antecedentes/2. EIA 2040/1. EIA/Cap 9 Plan Cumplimiento y PAS/Anexo 9.10 PAS 151/Apéndice 9.10-4 Cartografía digital/01 Shp/Parcelas_de_muestreo.shp.xml,2. EIA 2040,1. EIA,Parcelas_de_muestreo.shp.xml,xml,14181,0.014,EIA 2040 / Adendas / Resolucion,Alta,Pendiente,
DOC-0222,antecedentes/2. EIA 2040/1. EIA/Cap 9 Plan Cumplimiento y PAS/Anexo 9.10 PAS 151/Apéndice 9.10-4 Cartografía digital/01 Shp/Parcelas_de_muestreo.shx,2. EIA 2040,1. EIA,Parcelas_de_muestreo.shx,shx,356,0.000,EIA 2040 / Adendas / Resolucion,Alta,Pendiente,
DOC-0223,antecedentes/2. EIA 2040/1. EIA/Cap 9 Plan Cumplimiento y PAS/Anexo 9.10 PAS 151/Apéndice 9.10-4 Cartografía digital/01 Shp/Pendientes.cpg,2. EIA 2040,1. EIA,Pendientes.cpg,cpg,5,0.000,EIA 2040 / Adendas / Resolucion,Alta,Pendiente,
DOC-0224,antecedentes/2. EIA 2040/1. EIA/Cap 9 Plan Cumplimiento y PAS/Anexo 9.10 PAS 151/Apéndice 9.10-4 Cartografía digital/01 Shp/Pendientes.dbf,2. EIA 2040,1. EIA,Pendientes.dbf,dbf,962,0.001,EIA 2040 / Adendas / Resolucion,Alta,Pendiente,
DOC-0225,antecedentes/2. EIA 2040/1. EIA/Cap 9 Plan Cumplimiento y PAS/Anexo 9.10 PAS 151/Apéndice 9.10-4 Cartografía digital/01 Shp/Pendientes.prj,2. EIA 2040,1. EIA,Pendientes.prj,prj,409,0.000,EIA 2040 / Adendas / Resolucion,Alta,Pendiente,
DOC-0226,antecedentes/2. EIA 2040/1. EIA/Cap 9 Plan Cumplimiento y PAS/Anexo 9.10 PAS 151/Apéndice 9.10-4 Cartografía digital/01 Shp/Pendientes.sbn,2. EIA 2040,1. EIA,Pendientes.sbn,sbn,164,0.000,EIA 2040 / Adendas / Resolucion,Alta,Pendiente,
DOC-0227,antecedentes/2. EIA 2040/1. EIA/Cap 9 Plan Cumplimiento y PAS/Anexo 9.10 PAS 151/Apéndice 9.10-4 Cartografía digital/01 Shp/Pendientes.sbx,2. EIA 2040,1. EIA,Pendientes.sbx,sbx,116,0.000,EIA 2040 / Adendas / Resolucion,Alta,Pendiente,
DOC-0228,antecedentes/2. EIA 2040/1. EIA/Cap 9 Plan Cumplimiento y PAS/Anexo 9.10 PAS 151/Apéndice 9.10-4 Cartografía digital/01 Shp/Pendientes.shp,2. EIA 2040,1. EIA,Pendientes.shp,shp,110520,0.105,EIA 2040 / Adendas / Resolucion,Alta,Pendiente,
DOC-0229,antecedentes/2. EIA 2040/1. EIA/Cap 9 Plan Cumplimiento y PAS/Anexo 9.10 PAS 151/Apéndice 9.10-4 Cartografía digital/01 Shp/Pendientes.shp.xml,2. EIA 2040,1. EIA,Pendientes.shp.xml,xml,5676,0.005,EIA 2040 / Adendas / Resolucion,Alta,Pendiente,
DOC-0230,antecedentes/2. EIA 2040/1. EIA/Cap 9 Plan Cumplimiento y PAS/Anexo 9.10 PAS 151/Apéndice 9.10-4 Cartografía digital/01 Shp/Pendientes.shx,2. EIA 2040,1. EIA,Pendientes.shx,shx,140,0.000,EIA 2040 / Adendas / Resolucion,Alta,Pendiente,
DOC-0231,antecedentes/2. EIA 2040/1. EIA/Cap 9 Plan Cumplimiento y PAS/Anexo 9.10 PAS 151/Apéndice 9.10-4 Cartografía digital/01 Shp/PropiedaSuperficialCCMC.cpg,2. EIA 2040,1. EIA,PropiedaSuperficialCCMC.cpg,cpg,5,0.000,EIA 2040 / Adendas / Resolucion,Alta,Pendiente,
DOC-0232,antecedentes/2. EIA 2040/1. EIA/Cap 9 Plan Cumplimiento y PAS/Anexo 9.10 PAS 151/Apéndice 9.10-4 Cartografía digital/01 Shp/PropiedaSuperficialCCMC.dbf,2. EIA 2040,1. EIA,PropiedaSuperficialCCMC.dbf,dbf,652,0.001,EIA 2040 / Adendas / Resolucion,Alta,Pendiente,
DOC-0233,antecedentes/2. EIA 2040/1. EIA/Cap 9 Plan Cumplimiento y PAS/Anexo 9.10 PAS 151/Apéndice 9.10-4 Cartografía digital/01 Shp/PropiedaSuperficialCCMC.prj,2. EIA 2040,1. EIA,PropiedaSuperficialCCMC.prj,prj,409,0.000,EIA 2040 / Adendas / Resolucion,Alta,Pendiente,
DOC-0234,antecedentes/2. EIA 2040/1. EIA/Cap 9 Plan Cumplimiento y PAS/Anexo 9.10 PAS 151/Apéndice 9.10-4 Cartografía digital/01 Shp/PropiedaSuperficialCCMC.sbn,2. EIA 2040,1. EIA,PropiedaSuperficialCCMC.sbn,sbn,132,0.000,EIA 2040 / Adendas / Resolucion,Alta,Pendiente,
DOC-0235,antecedentes/2. EIA 2040/1. EIA/Cap 9 Plan Cumplimiento y PAS/Anexo 9.10 PAS 151/Apéndice 9.10-4 Cartografía digital/01 Shp/PropiedaSuperficialCCMC.sbx,2. EIA 2040,1. EIA,PropiedaSuperficialCCMC.sbx,sbx,116,0.000,EIA 2040 / Adendas / Resolucion,Alta,Pendiente,
DOC-0236,antecedentes/2. EIA 2040/1. EIA/Cap 9 Plan Cumplimiento y PAS/Anexo 9.10 PAS 151/Apéndice 9.10-4 Cartografía digital/01 Shp/PropiedaSuperficialCCMC.shp,2. EIA 2040,1. EIA,PropiedaSuperficialCCMC.shp,shp,588,0.001,EIA 2040 / Adendas / Resolucion,Alta,Pendiente,
DOC-0237,antecedentes/2. EIA 2040/1. EIA/Cap 9 Plan Cumplimiento y PAS/Anexo 9.10 PAS 151/Apéndice 9.10-4 Cartografía digital/01 Shp/PropiedaSuperficialCCMC.shp.xml,2. EIA 2040,1. EIA,PropiedaSuperficialCCMC.shp.xml,xml,1237,0.001,EIA 2040 / Adendas / Resolucion,Alta,Pendiente,
DOC-0238,antecedentes/2. EIA 2040/1. EIA/Cap 9 Plan Cumplimiento y PAS/Anexo 9.10 PAS 151/Apéndice 9.10-4 Cartografía digital/01 Shp/PropiedaSuperficialCCMC.shx,2. EIA 2040,1. EIA,PropiedaSuperficialCCMC.shx,shx,108,0.000,EIA 2040 / Adendas / Resolucion,Alta,Pendiente,
DOC-0239,antecedentes/2. EIA 2040/1. EIA/Cap 9 Plan Cumplimiento y PAS/Anexo 9.10 PAS 151/Apéndice 9.10-4 Cartografía digital/01 Shp/Puntos_de_referencia.cpg,2. EIA 2040,1. EIA,Puntos_de_referencia.cpg,cpg,5,0.000,EIA 2040 / Adendas / Resolucion,Alta,Pendiente,
DOC-0240,antecedentes/2. EIA 2040/1. EIA/Cap 9 Plan Cumplimiento y PAS/Anexo 9.10 PAS 151/Apéndice 9.10-4 Cartografía digital/01 Shp/Puntos_de_referencia.dbf,2. EIA 2040,1. EIA,Puntos_de_referencia.dbf,dbf,522,0.000,EIA 2040 / Adendas / Resolucion,Alta,Pendiente,
DOC-0241,antecedentes/2. EIA 2040/1. EIA/Cap 9 Plan Cumplimiento y PAS/Anexo 9.10 PAS 151/Apéndice 9.10-4 Cartografía digital/01 Shp/Puntos_de_referencia.prj,2. EIA 2040,1. EIA,Puntos_de_referencia.prj,prj,409,0.000,EIA 2040 / Adendas / Resolucion,Alta,Pendiente,
DOC-0242,antecedentes/2. EIA 2040/1. EIA/Cap 9 Plan Cumplimiento y PAS/Anexo 9.10 PAS 151/Apéndice 9.10-4 Cartografía digital/01 Shp/Puntos_de_referencia.sbn,2. EIA 2040,1. EIA,Puntos_de_referencia.sbn,sbn,172,0.000,EIA 2040 / Adendas / Resolucion,Alta,Pendiente,
DOC-0243,antecedentes/2. EIA 2040/1. EIA/Cap 9 Plan Cumplimiento y PAS/Anexo 9.10 PAS 151/Apéndice 9.10-4 Cartografía digital/01 Shp/Puntos_de_referencia.sbx,2. EIA 2040,1. EIA,Puntos_de_referencia.sbx,sbx,124,0.000,EIA 2040 / Adendas / Resolucion,Alta,Pendiente,
DOC-0244,antecedentes/2. EIA 2040/1. EIA/Cap 9 Plan Cumplimiento y PAS/Anexo 9.10 PAS 151/Apéndice 9.10-4 Cartografía digital/01 Shp/Puntos_de_referencia.shp,2. EIA 2040,1. EIA,Puntos_de_referencia.shp,shp,184,0.000,EIA 2040 / Adendas / Resolucion,Alta,Pendiente,
DOC-0245,antecedentes/2. EIA 2040/1. EIA/Cap 9 Plan Cumplimiento y PAS/Anexo 9.10 PAS 151/Apéndice 9.10-4 Cartografía digital/01 Shp/Puntos_de_referencia.shp.xml,2. EIA 2040,1. EIA,Puntos_de_referencia.shp.xml,xml,2434,0.002,EIA 2040 / Adendas / Resolucion,Alta,Pendiente,
DOC-0246,antecedentes/2. EIA 2040/1. EIA/Cap 9 Plan Cumplimiento y PAS/Anexo 9.10 PAS 151/Apéndice 9.10-4 Cartografía digital/01 Shp/Puntos_de_referencia.shx,2. EIA 2040,1. EIA,Puntos_de_referencia.shx,shx,124,0.000,EIA 2040 / Adendas / Resolucion,Alta,Pendiente,
DOC-0247,antecedentes/2. EIA 2040/1. EIA/Cap 9 Plan Cumplimiento y PAS/Anexo 9.10 PAS 151/Apéndice 9.10-4 Cartografía digital/Portada Apéndice 9.10-4.pdf,2. EIA 2040,1. EIA,Portada Apéndice 9.10-4.pdf,pdf,7200,0.007,EIA 2040 / Adendas / Resolucion,Alta,Pendiente,
DOC-0248,antecedentes/2. EIA 2040/1. EIA/Cap 9 Plan Cumplimiento y PAS/Anexo 9.11 PAS 155/5158-0000-MA-EIA-911 - Rev0_seia.pdf,2. EIA 2040,1. EIA,5158-0000-MA-EIA-911 - Rev0_seia.pdf,pdf,2067820,1.972,EIA 2040 / Adendas / Resolucion,Alta,Pendiente,
DOC-0249,antecedentes/2. EIA 2040/1. EIA/Cap 9 Plan Cumplimiento y PAS/Anexo 9.11 PAS 155/Apéndice 9.11-1_Planos/Apéndice 9.11-1.pdf,2. EIA 2040,1. EIA,Apéndice 9.11-1.pdf,pdf,23041115,21.974,EIA 2040 / Adendas / Resolucion,Alta,Pendiente,
DOC-0250,antecedentes/2. EIA 2040/1. EIA/Cap 9 Plan Cumplimiento y PAS/Anexo 9.11 PAS 155/Apéndice 9.11-2_Memoria/Apéndice 9.11-2.pdf,2. EIA 2040,1. EIA,Apéndice 9.11-2.pdf,pdf,5158667,4.920,EIA 2040 / Adendas / Resolucion,Alta,Pendiente,
DOC-0251,antecedentes/2. EIA 2040/1. EIA/Cap 9 Plan Cumplimiento y PAS/Anexo 9.12 PAS 156/5158-0000-MA-EIA-912_Rev0_seia.pdf,2. EIA 2040,1. EIA,5158-0000-MA-EIA-912_Rev0_seia.pdf,pdf,9968607,9.507,EIA 2040 / Adendas / Resolucion,Alta,Pendiente,
DOC-0252,antecedentes/2. EIA 2040/1. EIA/Cap 9 Plan Cumplimiento y PAS/Anexo 9.12 PAS 156/Apéndice 9.12-1_Planos/Apéndice 9.12-1.pdf,2. EIA 2040,1. EIA,Apéndice 9.12-1.pdf,pdf,11920560,11.368,EIA 2040 / Adendas / Resolucion,Alta,Pendiente,
DOC-0253,antecedentes/2. EIA 2040/1. EIA/Cap 9 Plan Cumplimiento y PAS/Anexo 9.13 PAS 157/5158-0000-MA-EIA-913_Rev.0_seia.pdf,2. EIA 2040,1. EIA,5158-0000-MA-EIA-913_Rev.0_seia.pdf,pdf,5293145,5.048,EIA 2040 / Adendas / Resolucion,Alta,Pendiente,
DOC-0254,antecedentes/2. EIA 2040/1. EIA/Cap 9 Plan Cumplimiento y PAS/Anexo 9.13 PAS 157/Apéndice 9.13-1_Planos/Apéndice 9.13-1.pdf,2. EIA 2040,1. EIA,Apéndice 9.13-1.pdf,pdf,23041117,21.974,EIA 2040 / Adendas / Resolucion,Alta,Pendiente,
DOC-0255,antecedentes/2. EIA 2040/1. EIA/Cap 9 Plan Cumplimiento y PAS/Anexo 9.13 PAS 157/Apéndice 9.13-2_Memoria/Apéndice 9.13-2.pdf,2. EIA 2040,1. EIA,Apéndice 9.13-2.pdf,pdf,5158730,4.920,EIA 2040 / Adendas / Resolucion,Alta,Pendiente,
DOC-0256,antecedentes/2. EIA 2040/1. EIA/Cap 9 Plan Cumplimiento y PAS/Anexo 9.14 PAS 160/5158-0000-MA-EIA-914_Rev.1_seia.pdf,2. EIA 2040,1. EIA,5158-0000-MA-EIA-914_Rev.1_seia.pdf,pdf,2585013,2.465,EIA 2040 / Adendas / Resolucion,Alta,Pendiente,
DOC-0257,antecedentes/2. EIA 2040/1. EIA/Cap 9 Plan Cumplimiento y PAS/Anexo 9.14 PAS 160/Apéndice 9.14-1 Resoluciones CUS y Calicata/Apéndice 9.14-1.pdf,2. EIA 2040,1. EIA,Apéndice 9.14-1.pdf,pdf,8719784,8.316,EIA 2040 / Adendas / Resolucion,Alta,Pendiente,
DOC-0258,antecedentes/2. EIA 2040/1. EIA/Cap 9 Plan Cumplimiento y PAS/Anexo 9.14 PAS 160/Apéndice 9.14-2 Planos de Emplazamiento/Apéndice 9.14-2.pdf,2. EIA 2040,1. EIA,Apéndice 9.14-2.pdf,pdf,37778124,36.028,EIA 2040 / Adendas / Resolucion,Alta,Pendiente,
DOC-0259,antecedentes/2. EIA 2040/1. EIA/Cap 9 Plan Cumplimiento y PAS/Anexo 9.14 PAS 160/Apéndice 9.14-3 Planos de Arquitectura/Apéndice 9.14-3.pdf,2. EIA 2040,1. EIA,Apéndice 9.14-3.pdf,pdf,1229424,1.172,EIA 2040 / Adendas / Resolucion,Alta,Pendiente,
DOC-0260,antecedentes/2. EIA 2040/1. EIA/Cap 9 Plan Cumplimiento y PAS/Anexo 9.15 PAS 132/5158-0000-MA-EIA-915_Rev. 0_seia.pdf,2. EIA 2040,1. EIA,5158-0000-MA-EIA-915_Rev. 0_seia.pdf,pdf,173282,0.165,EIA 2040 / Adendas / Resolucion,Alta,Pendiente,
DOC-0261,antecedentes/2. EIA 2040/1. EIA/Cap 9 Plan Cumplimiento y PAS/Anexo 9.15 PAS 132/Apendice 9.15-1 Planos/Apéndice 9.15-1.pdf,2. EIA 2040,1. EIA,Apéndice 9.15-1.pdf,pdf,9496862,9.057,EIA 2040 / Adendas / Resolucion,Alta,Pendiente,
DOC-0262,antecedentes/2. EIA 2040/1. EIA/Cap 9 Plan Cumplimiento y PAS/Anexo 9.15 PAS 132/Apendice 9.15-2 Cobertura digital/Apéndice 9.15-2_seia.pdf,2. EIA 2040,1. EIA,Apéndice 9.15-2_seia.pdf,pdf,71044,0.068,EIA 2040 / Adendas / Resolucion,Alta,Pendiente,
DOC-0263,antecedentes/2. EIA 2040/1. EIA/Cap 9 Plan Cumplimiento y PAS/Anexo 9.16 PAS 132/Anexo 9.16 PAS 132 Paleontología_1_seia.pdf,2. EIA 2040,1. EIA,Anexo 9.16 PAS 132 Paleontología_1_seia.pdf,pdf,10461607,9.977,EIA 2040 / Adendas / Resolucion,Alta,Pendiente,
DOC-0264,antecedentes/2. EIA 2040/1. EIA/Cap 9 Plan Cumplimiento y PAS/Anexo 9.2 PAS 136/5158-0000-MA-EIA-902_Rev. 0_seia.pdf,2. EIA 2040,1. EIA,5158-0000-MA-EIA-902_Rev. 0_seia.pdf,pdf,4804286,4.582,EIA 2040 / Adendas / Resolucion,Alta,Pendiente,
DOC-0265,antecedentes/2. EIA 2040/1. EIA/Cap 9 Plan Cumplimiento y PAS/Anexo 9.2 PAS 136/Apéndice 9.2-1/Apéndice 9.2-1.pdf,2. EIA 2040,1. EIA,Apéndice 9.2-1.pdf,pdf,19933804,19.010,EIA 2040 / Adendas / Resolucion,Alta,Pendiente,
DOC-0266,antecedentes/2. EIA 2040/1. EIA/Cap 9 Plan Cumplimiento y PAS/Anexo 9.2 PAS 136/Apéndice 9.2-2/Apéndice 9.2-2.pdf,2. EIA 2040,1. EIA,Apéndice 9.2-2.pdf,pdf,34785457,33.174,EIA 2040 / Adendas / Resolucion,Alta,Pendiente,
DOC-0267,antecedentes/2. EIA 2040/1. EIA/Cap 9 Plan Cumplimiento y PAS/Anexo 9.2 PAS 136/Apéndice 9.2-3/Archivos digitales/01 Datos Geoquimicos.pdf,2. EIA 2040,1. EIA,01 Datos Geoquimicos.pdf,pdf,13651316,13.019,EIA 2040 / Adendas / Resolucion,Alta,Pendiente,
DOC-0268,antecedentes/2. EIA 2040/1. EIA/Cap 9 Plan Cumplimiento y PAS/Anexo 9.2 PAS 136/Apéndice 9.2-3/Archivos digitales/02 Propiedades Geotécnicas Esteril.pdf,2. EIA 2040,1. EIA,02 Propiedades Geotécnicas Esteril.pdf,pdf,1568436,1.496,EIA 2040 / Adendas / Resolucion,Alta,Pendiente,
DOC-0269,antecedentes/2. EIA 2040/1. EIA/Cap 9 Plan Cumplimiento y PAS/Anexo 9.2 PAS 136/Apéndice 9.2-3/Archivos digitales/03 Modelo de balance de agua 1D.pdf,2. EIA 2040,1. EIA,03 Modelo de balance de agua 1D.pdf,pdf,3878255,3.699,EIA 2040 / Adendas / Resolucion,Alta,Pendiente,
DOC-0270,antecedentes/2. EIA 2040/1. EIA/Cap 9 Plan Cumplimiento y PAS/Anexo 9.2 PAS 136/Apéndice 9.2-3/Archivos digitales/04 Análisis de Estabilidad Física.pdf,2. EIA 2040,1. EIA,04 Análisis de Estabilidad Física.pdf,pdf,7257766,6.922,EIA 2040 / Adendas / Resolucion,Alta,Pendiente,
DOC-0271,antecedentes/2. EIA 2040/1. EIA/Cap 9 Plan Cumplimiento y PAS/Anexo 9.2 PAS 136/Apéndice 9.2-3/Archivos digitales/05 Informe Asesoría Geoquímica Candelaria Rev 0.pdf,2. EIA 2040,1. EIA,05 Informe Asesoría Geoquímica Candelaria Rev 0.pdf,pdf,1373010,1.309,EIA 2040 / Adendas / Resolucion,Alta,Pendiente,
DOC-0272,antecedentes/2. EIA 2040/1. EIA/Cap 9 Plan Cumplimiento y PAS/Anexo 9.2 PAS 136/Apéndice 9.2-3/Archivos digitales/5.1 Anexo_10_Informe_Resumen_Datos_Geoquimico.pdf,2. EIA 2040,1. EIA,5.1 Anexo_10_Informe_Resumen_Datos_Geoquimico.pdf,pdf,5434303,5.183,EIA 2040 / Adendas / Resolucion,Alta,Pendiente,
DOC-0273,antecedentes/2. EIA 2040/1. EIA/Cap 9 Plan Cumplimiento y PAS/Anexo 9.2 PAS 136/Apéndice 9.2-3/Portada Apéndice 9.2-3.pdf,2. EIA 2040,1. EIA,Portada Apéndice 9.2-3.pdf,pdf,6734,0.006,EIA 2040 / Adendas / Resolucion,Alta,Pendiente,
DOC-0274,antecedentes/2. EIA 2040/1. EIA/Cap 9 Plan Cumplimiento y PAS/Anexo 9.3 PAS 136/5158-0000-MA-EIA-903_Rev. 0_seia.pdf,2. EIA 2040,1. EIA,5158-0000-MA-EIA-903_Rev. 0_seia.pdf,pdf,3431263,3.272,EIA 2040 / Adendas / Resolucion,Alta,Pendiente,
DOC-0275,antecedentes/2. EIA 2040/1. EIA/Cap 9 Plan Cumplimiento y PAS/Anexo 9.3 PAS 136/Apéndice 9.3-1 Láminas de Ubicación/Apéndice 9.3-1.pdf,2. EIA 2040,1. EIA,Apéndice 9.3-1.pdf,pdf,26745327,25.506,EIA 2040 / Adendas / Resolucion,Alta,Pendiente,
DOC-0276,antecedentes/2. EIA 2040/1. EIA/Cap 9 Plan Cumplimiento y PAS/Anexo 9.3 PAS 136/Apéndice 9.3-2 Planos Topografía/Apéndice 9.3-2.pdf,2. EIA 2040,1. EIA,Apéndice 9.3-2.pdf,pdf,18658857,17.794,EIA 2040 / Adendas / Resolucion,Alta,Pendiente,
DOC-0277,antecedentes/2. EIA 2040/1. EIA/Cap 9 Plan Cumplimiento y PAS/Anexo 9.3 PAS 136/Apéndice 9.3-3 (digital)/Archivos digitales/01 Datos Geoquimicos.pdf,2. EIA 2040,1. EIA,01 Datos Geoquimicos.pdf,pdf,13651316,13.019,EIA 2040 / Adendas / Resolucion,Alta,Pendiente,
DOC-0278,antecedentes/2. EIA 2040/1. EIA/Cap 9 Plan Cumplimiento y PAS/Anexo 9.3 PAS 136/Apéndice 9.3-3 (digital)/Archivos digitales/02 Respaldo Propiedades Geotécnicas Esteril.pdf,2. EIA 2040,1. EIA,02 Respaldo Propiedades Geotécnicas Esteril.pdf,pdf,1568436,1.496,EIA 2040 / Adendas / Resolucion,Alta,Pendiente,
DOC-0279,antecedentes/2. EIA 2040/1. EIA/Cap 9 Plan Cumplimiento y PAS/Anexo 9.3 PAS 136/Apéndice 9.3-3 (digital)/Archivos digitales/03 Análisis de Estabilidad Física Sur Sur.pdf,2. EIA 2040,1. EIA,03 Análisis de Estabilidad Física Sur Sur.pdf,pdf,7257759,6.922,EIA 2040 / Adendas / Resolucion,Alta,Pendiente,
DOC-0280,antecedentes/2. EIA 2040/1. EIA/Cap 9 Plan Cumplimiento y PAS/Anexo 9.3 PAS 136/Apéndice 9.3-3 (digital)/Archivos digitales/04 Análisis de Estabilidad Física El Buitre.pdf,2. EIA 2040,1. EIA,04 Análisis de Estabilidad Física El Buitre.pdf,pdf,4604513,4.391,EIA 2040 / Adendas / Resolucion,Alta,Pendiente,
DOC-0281,antecedentes/2. EIA 2040/1. EIA/Cap 9 Plan Cumplimiento y PAS/Anexo 9.3 PAS 136/Apéndice 9.3-3 (digital)/Archivos digitales/05 Informe Asesoría Geoquímica Candelaria Rev 0.pdf,2. EIA 2040,1. EIA,05 Informe Asesoría Geoquímica Candelaria Rev 0.pdf,pdf,1373010,1.309,EIA 2040 / Adendas / Resolucion,Alta,Pendiente,
DOC-0282,antecedentes/2. EIA 2040/1. EIA/Cap 9 Plan Cumplimiento y PAS/Anexo 9.3 PAS 136/Apéndice 9.3-3 (digital)/Archivos digitales/5.1 Anexo_10_Informe_Resumen_Datos_Geoquimico.pdf,2. EIA 2040,1. EIA,5.1 Anexo_10_Informe_Resumen_Datos_Geoquimico.pdf,pdf,5434303,5.183,EIA 2040 / Adendas / Resolucion,Alta,Pendiente,
DOC-0283,antecedentes/2. EIA 2040/1. EIA/Cap 9 Plan Cumplimiento y PAS/Anexo 9.3 PAS 136/Apéndice 9.3-3 (digital)/Portada Apéndice 9.3-3 (digital).pdf,2. EIA 2040,1. EIA,Portada Apéndice 9.3-3 (digital).pdf,pdf,6733,0.006,EIA 2040 / Adendas / Resolucion,Alta,Pendiente,
DOC-0284,antecedentes/2. EIA 2040/1. EIA/Cap 9 Plan Cumplimiento y PAS/Anexo 9.4 PAS 137/5158-0000-MA-EIA-904_Rev. 1_seia.pdf,2. EIA 2040,1. EIA,5158-0000-MA-EIA-904_Rev. 1_seia.pdf,pdf,3271143,3.120,EIA 2040 / Adendas / Resolucion,Alta,Pendiente,
DOC-0285,antecedentes/2. EIA 2040/1. EIA/Cap 9 Plan Cumplimiento y PAS/Anexo 9.4 PAS 137/Apéndice 9.4-1/Apéndice 9.4-1.pdf,2. EIA 2040,1. EIA,Apéndice 9.4-1.pdf,pdf,6619738,6.313,EIA 2040 / Adendas / Resolucion,Alta,Pendiente,
DOC-0286,antecedentes/2. EIA 2040/1. EIA/Cap 9 Plan Cumplimiento y PAS/Anexo 9.5 PAS 138/5158-0000-MA-EIA-905_Rev. 1_seia.pdf,2. EIA 2040,1. EIA,5158-0000-MA-EIA-905_Rev. 1_seia.pdf,pdf,3354235,3.199,EIA 2040 / Adendas / Resolucion,Alta,Pendiente,
DOC-0287,antecedentes/2. EIA 2040/1. EIA/Cap 9 Plan Cumplimiento y PAS/Anexo 9.5 PAS 138/Apéndice 9.5-1 Láminas de Ubicación/Apéndice 9.5-1.pdf,2. EIA 2040,1. EIA,Apéndice 9.5-1.pdf,pdf,12812506,12.219,EIA 2040 / Adendas / Resolucion,Alta,Pendiente,
DOC-0288,antecedentes/2. EIA 2040/1. EIA/Cap 9 Plan Cumplimiento y PAS/Anexo 9.5 PAS 138/Apéndice 9.5-2 Planos PTAS y Fosas/Apéndice 9.5-2.pdf,2. EIA 2040,1. EIA,Apéndice 9.5-2.pdf,pdf,8039340,7.667,EIA 2040 / Adendas / Resolucion,Alta,Pendiente,
DOC-0289,antecedentes/2. EIA 2040/1. EIA/Cap 9 Plan Cumplimiento y PAS/Anexo 9.6 PAS 139/5158-0000-MA-EIA-906_Rev.2_seia.pdf,2. EIA 2040,1. EIA,5158-0000-MA-EIA-906_Rev.2_seia.pdf,pdf,781701,0.745,EIA 2040 / Adendas / Resolucion,Alta,Pendiente,
DOC-0290,antecedentes/2. EIA 2040/1. EIA/Cap 9 Plan Cumplimiento y PAS/Anexo 9.6 PAS 139/Apéndice 9.6-1 Planos emisario/Apéndice 9.6-1_seia.pdf,2. EIA 2040,1. EIA,Apéndice 9.6-1_seia.pdf,pdf,2354192,2.245,EIA 2040 / Adendas / Resolucion,Alta,Pendiente,
DOC-0291,antecedentes/2. EIA 2040/1. EIA/Cap 9 Plan Cumplimiento y PAS/Anexo 9.6 PAS 139/Apéndice 9.6-2 Certificado de Laboratorio/Apéndice 9.6-2.pdf,2. EIA 2040,1. EIA,Apéndice 9.6-2.pdf,pdf,164723,0.157,EIA 2040 / Adendas / Resolucion,Alta,Pendiente,
DOC-0292,antecedentes/2. EIA 2040/1. EIA/Cap 9 Plan Cumplimiento y PAS/Anexo 9.6 PAS 139/Apéndice 9.6-3 Plano Int Proyectadas/Apéndice 9.6-3.pdf,2. EIA 2040,1. EIA,Apéndice 9.6-3.pdf,pdf,1555511,1.483,EIA 2040 / Adendas / Resolucion,Alta,Pendiente,
DOC-0293,antecedentes/2. EIA 2040/1. EIA/Cap 9 Plan Cumplimiento y PAS/Anexo 9.7 PAS 140/5158-0000-MA-EIA-907_Rev. 1_seia.pdf,2. EIA 2040,1. EIA,5158-0000-MA-EIA-907_Rev. 1_seia.pdf,pdf,385677,0.368,EIA 2040 / Adendas / Resolucion,Alta,Pendiente,
DOC-0294,antecedentes/2. EIA 2040/1. EIA/Cap 9 Plan Cumplimiento y PAS/Anexo 9.7 PAS 140/Apéndice 9.7-1/Apéndice 9.7-1.pdf,2. EIA 2040,1. EIA,Apéndice 9.7-1.pdf,pdf,3338670,3.184,EIA 2040 / Adendas / Resolucion,Alta,Pendiente,
DOC-0295,antecedentes/2. EIA 2040/1. EIA/Cap 9 Plan Cumplimiento y PAS/Anexo 9.7 PAS 140/Apéndice 9.7-2/Apéndice 9.7-2.pdf,2. EIA 2040,1. EIA,Apéndice 9.7-2.pdf,pdf,642218,0.612,EIA 2040 / Adendas / Resolucion,Alta,Pendiente,
DOC-0296,antecedentes/2. EIA 2040/1. EIA/Cap 9 Plan Cumplimiento y PAS/Anexo 9.8 PAS 142/5158-0000-MA-EIA-908_Rev. 1_seia.pdf,2. EIA 2040,1. EIA,5158-0000-MA-EIA-908_Rev. 1_seia.pdf,pdf,1260422,1.202,EIA 2040 / Adendas / Resolucion,Alta,Pendiente,
DOC-0297,antecedentes/2. EIA 2040/1. EIA/Cap 9 Plan Cumplimiento y PAS/Anexo 9.8 PAS 142/Apéndice 9.8-1/Apéndice 9.8-1_seia.pdf,2. EIA 2040,1. EIA,Apéndice 9.8-1_seia.pdf,pdf,42319,0.040,EIA 2040 / Adendas / Resolucion,Alta,Pendiente,
DOC-0298,antecedentes/2. EIA 2040/1. EIA/Cap 9 Plan Cumplimiento y PAS/Anexo 9.8 PAS 142/Apéndice 9.8-2/Apéndice 9.8-2_seia.pdf,2. EIA 2040,1. EIA,Apéndice 9.8-2_seia.pdf,pdf,5070042,4.835,EIA 2040 / Adendas / Resolucion,Alta,Pendiente,
DOC-0299,antecedentes/2. EIA 2040/1. EIA/Cap 9 Plan Cumplimiento y PAS/Anexo 9.8 PAS 142/Apéndice 9.8-3/Apéndice 9.8-3.pdf,2. EIA 2040,1. EIA,Apéndice 9.8-3.pdf,pdf,642541,0.613,EIA 2040 / Adendas / Resolucion,Alta,Pendiente,
DOC-0300,antecedentes/2. EIA 2040/1. EIA/Cap 9 Plan Cumplimiento y PAS/Anexo 9.9 PAS 146/5158-0000-MA-EIA-909_Rev. 0_seia FINAL.pdf,2. EIA 2040,1. EIA,5158-0000-MA-EIA-909_Rev. 0_seia FINAL.pdf,pdf,1401455,1.337,EIA 2040 / Adendas / Resolucion,Alta,Pendiente,
DOC-0301,antecedentes/2. EIA 2040/1. EIA/Cap 9 Plan Cumplimiento y PAS/Anexo 9.9 PAS 146/5158-0000-MA-EIA-909_Rev. 0_seia.pdf,2. EIA 2040,1. EIA,5158-0000-MA-EIA-909_Rev. 0_seia.pdf,pdf,2691074,2.566,EIA 2040 / Adendas / Resolucion,Alta,Pendiente,
DOC-0302,antecedentes/2. EIA 2040/1. EIA/Cap 9 Plan Cumplimiento y PAS/Capítulo 9_seia.pdf,2. EIA 2040,1. EIA,Capítulo 9_seia.pdf,pdf,1063994,1.015,EIA 2040 / Adendas / Resolucion,Alta,Pendiente,
DOC-0303,antecedentes/2. EIA 2040/2. Adenda 1/Adenda_Rev 0_seia.pdf,2. EIA 2040,2. Adenda 1,Adenda_Rev 0_seia.pdf,pdf,75713215,72.206,EIA 2040 / Adendas / Resolucion,Alta,Pendiente,
DOC-0304,antecedentes/2. EIA 2040/2. Adenda 1/Anexo 1 Archivos Digitales/Anexo 1 Archivos Digitales_Parte 1.zip,2. EIA 2040,2. Adenda 1,Anexo 1 Archivos Digitales_Parte 1.zip,zip,64884004,61.878,EIA 2040 / Adendas / Resolucion,Alta,Pendiente,
DOC-0305,antecedentes/2. EIA 2040/2. Adenda 1/Anexo 1 Archivos Digitales/Anexo 1 Archivos Digitales_Parte 1/Anexo 1.1 Principales Obras Proyecto/Anexo 1.1 KMZ Obras Proyecto.kmz,2. EIA 2040,2. Adenda 1,Anexo 1.1 KMZ Obras Proyecto.kmz,kmz,1963334,1.872,EIA 2040 / Adendas / Resolucion,Alta,Pendiente,
DOC-0306,antecedentes/2. EIA 2040/2. Adenda 1/Anexo 1 Archivos Digitales/Anexo 1 Archivos Digitales_Parte 1/Anexo 1.1 Principales Obras Proyecto/Anexo 1.1 SHP Obras Proyecto.zip,2. EIA 2040,2. Adenda 1,Anexo 1.1 SHP Obras Proyecto.zip,zip,1448807,1.382,EIA 2040 / Adendas / Resolucion,Alta,Pendiente,
DOC-0307,antecedentes/2. EIA 2040/2. Adenda 1/Anexo 1 Archivos Digitales/Anexo 1 Archivos Digitales_Parte 1/Anexo 1.1 Principales Obras Proyecto/Tapa Anexo 1.1_KMZ y Shape PY.pdf,2. EIA 2040,2. Adenda 1,Tapa Anexo 1.1_KMZ y Shape PY.pdf,pdf,79744,0.076,EIA 2040 / Adendas / Resolucion,Alta,Pendiente,
DOC-0308,antecedentes/2. EIA 2040/2. Adenda 1/Anexo 1 Archivos Digitales/Anexo 1 Archivos Digitales_Parte 1/Anexo 1.1.zip,2. EIA 2040,2. Adenda 1,Anexo 1.1.zip,zip,3470798,3.310,EIA 2040 / Adendas / Resolucion,Alta,Pendiente,
DOC-0309,antecedentes/2. EIA 2040/2. Adenda 1/Anexo 1 Archivos Digitales/Anexo 1 Archivos Digitales_Parte 1/Anexo 1.2 kmz LAT/Anexo 1.2 KMZ LAT Cardones Refugio y LAT Cardones Cerrillos.kmz,2. EIA 2040,2. Adenda 1,Anexo 1.2 KMZ LAT Cardones Refugio y LAT Cardones Cerrillos.kmz,kmz,289237,0.276,EIA 2040 / Adendas / Resolucion,Alta,Pendiente,
DOC-0310,antecedentes/2. EIA 2040/2. Adenda 1/Anexo 1 Archivos Digitales/Anexo 1 Archivos Digitales_Parte 1/Anexo 1.2 kmz LAT/Tapa Anexo 1.2_KMZ LAT Car-Ref y Car-Cerr.pdf,2. EIA 2040,2. Adenda 1,Tapa Anexo 1.2_KMZ LAT Car-Ref y Car-Cerr.pdf,pdf,80993,0.077,EIA 2040 / Adendas / Resolucion,Alta,Pendiente,
DOC-0311,antecedentes/2. EIA 2040/2. Adenda 1/Anexo 1 Archivos Digitales/Anexo 1 Archivos Digitales_Parte 1/Anexo 1.2.zip,2. EIA 2040,2. Adenda 1,Anexo 1.2.zip,zip,363723,0.347,EIA 2040 / Adendas / Resolucion,Alta,Pendiente,
DOC-0312,antecedentes/2. EIA 2040/2. Adenda 1/Anexo 1 Archivos Digitales/Anexo 1 Archivos Digitales_Parte 1/Anexo 1.3 Excel estimación de Emisiones_Parte 1.zip,2. EIA 2040,2. Adenda 1,Anexo 1.3 Excel estimación de Emisiones_Parte 1.zip,zip,61048670,58.221,EIA 2040 / Adendas / Resolucion,Alta,Pendiente,
DOC-0313,antecedentes/2. EIA 2040/2. Adenda 1/Anexo 1 Archivos Digitales/Anexo 1 Archivos Digitales_Parte 1/Anexo 1.3 Excel estimación de Emisiones_Parte 1/IE_Sector_Mina.zip,2. EIA 2040,2. Adenda 1,IE_Sector_Mina.zip,zip,60890508,58.070,EIA 2040 / Adendas / Resolucion,Alta,Pendiente,
DOC-0314,antecedentes/2. EIA 2040/2. Adenda 1/Anexo 1 Archivos Digitales/Anexo 1 Archivos Digitales_Parte 1/Anexo 1.3 Excel estimación de Emisiones_Parte 1/Portada Anexo 1.3.pdf,2. EIA 2040,2. Adenda 1,Portada Anexo 1.3.pdf,pdf,191716,0.183,EIA 2040 / Adendas / Resolucion,Alta,Pendiente,
DOC-0315,antecedentes/2. EIA 2040/2. Adenda 1/Anexo 1 Archivos Digitales/Anexo 1 Archivos Digitales_Parte 2.zip,2. EIA 2040,2. Adenda 1,Anexo 1 Archivos Digitales_Parte 2.zip,zip,94310531,89.942,EIA 2040 / Adendas / Resolucion,Alta,Pendiente,
DOC-0316,antecedentes/2. EIA 2040/2. Adenda 1/Anexo 1 Archivos Digitales/Anexo 1 Archivos Digitales_Parte 2/Anexo 1 Archivos Digitales_Parte 2/Anexo 1.10.zip,2. EIA 2040,2. Adenda 1,Anexo 1.10.zip,zip,593890,0.566,EIA 2040 / Adendas / Resolucion,Alta,Pendiente,
DOC-0317,antecedentes/2. EIA 2040/2. Adenda 1/Anexo 1 Archivos Digitales/Anexo 1 Archivos Digitales_Parte 2/Anexo 1 Archivos Digitales_Parte 2/Anexo 1.11.7z,2. EIA 2040,2. Adenda 1,Anexo 1.11.7z,7z,68314,0.065,EIA 2040 / Adendas / Resolucion,Alta,Pendiente,
DOC-0318,antecedentes/2. EIA 2040/2. Adenda 1/Anexo 1 Archivos Digitales/Anexo 1 Archivos Digitales_Parte 2/Anexo 1 Archivos Digitales_Parte 2/Anexo 1.12.7z,2. EIA 2040,2. Adenda 1,Anexo 1.12.7z,7z,674795,0.644,EIA 2040 / Adendas / Resolucion,Alta,Pendiente,
DOC-0319,antecedentes/2. EIA 2040/2. Adenda 1/Anexo 1 Archivos Digitales/Anexo 1 Archivos Digitales_Parte 2/Anexo 1 Archivos Digitales_Parte 2/Anexo 1.13.7z,2. EIA 2040,2. Adenda 1,Anexo 1.13.7z,7z,61527,0.059,EIA 2040 / Adendas / Resolucion,Alta,Pendiente,
DOC-0320,antecedentes/2. EIA 2040/2. Adenda 1/Anexo 1 Archivos Digitales/Anexo 1 Archivos Digitales_Parte 2/Anexo 1 Archivos Digitales_Parte 2/Anexo 1.14.zip,2. EIA 2040,2. Adenda 1,Anexo 1.14.zip,zip,6068731,5.788,EIA 2040 / Adendas / Resolucion,Alta,Pendiente,
DOC-0321,antecedentes/2. EIA 2040/2. Adenda 1/Anexo 1 Archivos Digitales/Anexo 1 Archivos Digitales_Parte 2/Anexo 1 Archivos Digitales_Parte 2/Anexo 1.15.zip,2. EIA 2040,2. Adenda 1,Anexo 1.15.zip,zip,81110,0.077,EIA 2040 / Adendas / Resolucion,Alta,Pendiente,
DOC-0322,antecedentes/2. EIA 2040/2. Adenda 1/Anexo 1 Archivos Digitales/Anexo 1 Archivos Digitales_Parte 2/Anexo 1 Archivos Digitales_Parte 2/Anexo 1.16.zip,2. EIA 2040,2. Adenda 1,Anexo 1.16.zip,zip,2529539,2.412,EIA 2040 / Adendas / Resolucion,Alta,Pendiente,
DOC-0323,antecedentes/2. EIA 2040/2. Adenda 1/Anexo 1 Archivos Digitales/Anexo 1 Archivos Digitales_Parte 2/Anexo 1 Archivos Digitales_Parte 2/Anexo 1.17.7z,2. EIA 2040,2. Adenda 1,Anexo 1.17.7z,7z,1024359,0.977,EIA 2040 / Adendas / Resolucion,Alta,Pendiente,
DOC-0324,antecedentes/2. EIA 2040/2. Adenda 1/Anexo 1 Archivos Digitales/Anexo 1 Archivos Digitales_Parte 2/Anexo 1 Archivos Digitales_Parte 2/Anexo 1.18.7z,2. EIA 2040,2. Adenda 1,Anexo 1.18.7z,7z,125684,0.120,EIA 2040 / Adendas / Resolucion,Alta,Pendiente,
DOC-0325,antecedentes/2. EIA 2040/2. Adenda 1/Anexo 1 Archivos Digitales/Anexo 1 Archivos Digitales_Parte 2/Anexo 1 Archivos Digitales_Parte 2/Anexo 1.3 Excel estimación de Emisiones_Parte 2.zip,2. EIA 2040,2. Adenda 1,Anexo 1.3 Excel estimación de Emisiones_Parte 2.zip,zip,71338126,68.033,EIA 2040 / Adendas / Resolucion,Alta,Pendiente,
DOC-0326,antecedentes/2. EIA 2040/2. Adenda 1/Anexo 10 Plan de Seguimiento/Anexo 10 Plan Seguimiento.pdf,2. EIA 2040,2. Adenda 1,Anexo 10 Plan Seguimiento.pdf,pdf,266580,0.254,EIA 2040 / Adendas / Resolucion,Alta,Pendiente,
DOC-0327,antecedentes/2. EIA 2040/2. Adenda 1/Anexo 10 Plan de Seguimiento/Apend 10.1 Plan Seguim Amb.pdf,2. EIA 2040,2. Adenda 1,Apend 10.1 Plan Seguim Amb.pdf,pdf,56687651,54.062,EIA 2040 / Adendas / Resolucion,Alta,Pendiente,
DOC-0328,antecedentes/2. EIA 2040/2. Adenda 1/Anexo 10 Plan de Seguimiento/Apend 10.2 kmz ptos monit.zip,2. EIA 2040,2. Adenda 1,Apend 10.2 kmz ptos monit.zip,zip,92764,0.088,EIA 2040 / Adendas / Resolucion,Alta,Pendiente,
DOC-0329,antecedentes/2. EIA 2040/2. Adenda 1/Anexo 10 Plan de Seguimiento/Apend 10.2 kmz ptos monit/Calidad del Aire.kmz,2. EIA 2040,2. Adenda 1,Calidad del Aire.kmz,kmz,1139,0.001,EIA 2040 / Adendas / Resolucion,Alta,Pendiente,
DOC-0330,antecedentes/2. EIA 2040/2. Adenda 1/Anexo 10 Plan de Seguimiento/Apend 10.2 kmz ptos monit/Medio Marino.kmz,2. EIA 2040,2. Adenda 1,Medio Marino.kmz,kmz,2570,0.002,EIA 2040 / Adendas / Resolucion,Alta,Pendiente,
DOC-0331,antecedentes/2. EIA 2040/2. Adenda 1/Anexo 10 Plan de Seguimiento/Apend 10.2 kmz ptos monit/Plan Seguim - Ruido.kmz,2. EIA 2040,2. Adenda 1,Plan Seguim - Ruido.kmz,kmz,3219,0.003,EIA 2040 / Adendas / Resolucion,Alta,Pendiente,
DOC-0332,antecedentes/2. EIA 2040/2. Adenda 1/Anexo 10 Plan de Seguimiento/Apend 10.2 kmz ptos monit/Plan Seguim - Vibraciones.kmz,2. EIA 2040,2. Adenda 1,Plan Seguim - Vibraciones.kmz,kmz,2838,0.003,EIA 2040 / Adendas / Resolucion,Alta,Pendiente,
DOC-0333,antecedentes/2. EIA 2040/2. Adenda 1/Anexo 10 Plan de Seguimiento/Apend 10.2 kmz ptos monit/PSA Candelaria 2040.kmz,2. EIA 2040,2. Adenda 1,PSA Candelaria 2040.kmz,kmz,3911,0.004,EIA 2040 / Adendas / Resolucion,Alta,Pendiente,
DOC-0334,antecedentes/2. EIA 2040/2. Adenda 1/Anexo 10 Plan de Seguimiento/Apend 10.2 kmz ptos monit/Tapa Ap 10.2.pdf,2. EIA 2040,2. Adenda 1,Tapa Ap 10.2.pdf,pdf,82657,0.079,EIA 2040 / Adendas / Resolucion,Alta,Pendiente,
DOC-0335,antecedentes/2. EIA 2040/2. Adenda 1/Anexo 10 Plan de Seguimiento/Apend 10.3 Lámina.pdf,2. EIA 2040,2. Adenda 1,Apend 10.3 Lámina.pdf,pdf,2765535,2.637,EIA 2040 / Adendas / Resolucion,Alta,Pendiente,
DOC-0336,antecedentes/2. EIA 2040/2. Adenda 1/Anexo 11 Compromisos Voluntarios/Anexo 11_Actualiz Cap 10 CAV.pdf,2. EIA 2040,2. Adenda 1,Anexo 11_Actualiz Cap 10 CAV.pdf,pdf,424111,0.404,EIA 2040 / Adendas / Resolucion,Alta,Pendiente,
DOC-0337,antecedentes/2. EIA 2040/2. Adenda 1/Anexo 11 Compromisos Voluntarios/Apéndice 11.1 Informe PMO.zip,2. EIA 2040,2. Adenda 1,Apéndice 11.1 Informe PMO.zip,zip,3509717,3.347,EIA 2040 / Adendas / Resolucion,Alta,Pendiente,
DOC-0338,antecedentes/2. EIA 2040/2. Adenda 1/Anexo 11 Compromisos Voluntarios/Apéndice 11.1 Informe PMO/5283-ADD-CA-LAM-374_L2_PMO.pdf,2. EIA 2040,2. Adenda 1,5283-ADD-CA-LAM-374_L2_PMO.pdf,pdf,3045262,2.904,EIA 2040 / Adendas / Resolucion,Alta,Pendiente,
DOC-0339,antecedentes/2. EIA 2040/2. Adenda 1/Anexo 11 Compromisos Voluntarios/Apéndice 11.1 Informe PMO/Ap 11.1_Plan Monitoreo Oper.pdf,2. EIA 2040,2. Adenda 1,Ap 11.1_Plan Monitoreo Oper.pdf,pdf,1030558,0.983,EIA 2040 / Adendas / Resolucion,Alta,Pendiente,
DOC-0340,antecedentes/2. EIA 2040/2. Adenda 1/Anexo 11 Compromisos Voluntarios/Apéndice 11.2 Informe PMI.zip,2. EIA 2040,2. Adenda 1,Apéndice 11.2 Informe PMI.zip,zip,48194192,45.962,EIA 2040 / Adendas / Resolucion,Alta,Pendiente,
DOC-0341,antecedentes/2. EIA 2040/2. Adenda 1/Anexo 11 Compromisos Voluntarios/Apéndice 11.2 Informe PMI/5283-ADD-CA-LAM-374_L3_PMI.pdf,2. EIA 2040,2. Adenda 1,5283-ADD-CA-LAM-374_L3_PMI.pdf,pdf,5034252,4.801,EIA 2040 / Adendas / Resolucion,Alta,Pendiente,
DOC-0342,antecedentes/2. EIA 2040/2. Adenda 1/Anexo 11 Compromisos Voluntarios/Apéndice 11.2 Informe PMI/Acápite/Acápite 11.2-1 Análisis Hqco Iso.pdf,2. EIA 2040,2. Adenda 1,Acápite 11.2-1 Análisis Hqco Iso.pdf,pdf,8067262,7.694,EIA 2040 / Adendas / Resolucion,Alta,Pendiente,
DOC-0343,antecedentes/2. EIA 2040/2. Adenda 1/Anexo 11 Compromisos Voluntarios/Apéndice 11.2 Informe PMI/Acápite/Anexos/ANEXO A_Result Campaña Monit Hqco_In Situ.xlsx,2. EIA 2040,2. Adenda 1,ANEXO A_Result Campaña Monit Hqco_In Situ.xlsx,xlsx,28968,0.028,EIA 2040 / Adendas / Resolucion,Alta,Pendiente,
DOC-0344,antecedentes/2. EIA 2040/2. Adenda 1/Anexo 11 Compromisos Voluntarios/Apéndice 11.2 Informe PMI/Acápite/Anexos/ANEXO A_Result Campaña Monit Hqco_Laborat.rar,2. EIA 2040,2. Adenda 1,ANEXO A_Result Campaña Monit Hqco_Laborat.rar,rar,14680834,14.001,EIA 2040 / Adendas / Resolucion,Alta,Pendiente,
DOC-0345,antecedentes/2. EIA 2040/2. Adenda 1/Anexo 11 Compromisos Voluntarios/Apéndice 11.2 Informe PMI/Acápite/Anexos/ANEXO B_Result Campaña Monit Isotópico.pdf,2. EIA 2040,2. Adenda 1,ANEXO B_Result Campaña Monit Isotópico.pdf,pdf,1627182,1.552,EIA 2040 / Adendas / Resolucion,Alta,Pendiente,
DOC-0346,antecedentes/2. EIA 2040/2. Adenda 1/Anexo 11 Compromisos Voluntarios/Apéndice 11.2 Informe PMI/Ap 11.2_Plan Mon Isotóp.pdf,2. EIA 2040,2. Adenda 1,Ap 11.2_Plan Mon Isotóp.pdf,pdf,20200606,19.265,EIA 2040 / Adendas / Resolucion,Alta,Pendiente,
DOC-0347,antecedentes/2. EIA 2040/2. Adenda 1/Anexo 12 Fichas/Anexo 12_Act. Cap 11 Fichas Resumen.pdf,2. EIA 2040,2. Adenda 1,Anexo 12_Act. Cap 11 Fichas Resumen.pdf,pdf,1267587,1.209,EIA 2040 / Adendas / Resolucion,Alta,Pendiente,
DOC-0348,antecedentes/2. EIA 2040/2. Adenda 1/Anexo 13 Participación Ciudadana/Anexo 13.1 Anexo Participación Ciudadana.pdf,2. EIA 2040,2. Adenda 1,Anexo 13.1 Anexo Participación Ciudadana.pdf,pdf,5011001,4.779,EIA 2040 / Adendas / Resolucion,Alta,Pendiente,
DOC-0349,antecedentes/2. EIA 2040/2. Adenda 1/Anexo 13 Participación Ciudadana/Anexo 13.2 Anexo Particip Ciudadana Adicional.pdf,2. EIA 2040,2. Adenda 1,Anexo 13.2 Anexo Particip Ciudadana Adicional.pdf,pdf,163679,0.156,EIA 2040 / Adendas / Resolucion,Alta,Pendiente,
DOC-0350,antecedentes/2. EIA 2040/2. Adenda 1/Anexo 2 Láminas y Planos/Anexo 2.1 Planos/Anexo 2.1.1_Planos Acopio Gruesos.pdf,2. EIA 2040,2. Adenda 1,Anexo 2.1.1_Planos Acopio Gruesos.pdf,pdf,6304613,6.013,EIA 2040 / Adendas / Resolucion,Alta,Pendiente,
DOC-0351,antecedentes/2. EIA 2040/2. Adenda 1/Anexo 2 Láminas y Planos/Anexo 2.1 Planos/Anexo 2.1.2_Planos Ed. chancado Domo y Correas.pdf,2. EIA 2040,2. Adenda 1,Anexo 2.1.2_Planos Ed. chancado Domo y Correas.pdf,pdf,4901793,4.675,EIA 2040 / Adendas / Resolucion,Alta,Pendiente,
DOC-0352,antecedentes/2. EIA 2040/2. Adenda 1/Anexo 2 Láminas y Planos/Anexo 2.1 Planos/Anexo 2.1.3_Plano LAT y Ruta C-397.pdf,2. EIA 2040,2. Adenda 1,Anexo 2.1.3_Plano LAT y Ruta C-397.pdf,pdf,19622668,18.714,EIA 2040 / Adendas / Resolucion,Alta,Pendiente,
DOC-0353,antecedentes/2. EIA 2040/2. Adenda 1/Anexo 2 Láminas y Planos/Anexo 2.1 Planos/Anexo 2.1.4_Plano y Perfil Dep Est Norte.pdf,2. EIA 2040,2. Adenda 1,Anexo 2.1.4_Plano y Perfil Dep Est Norte.pdf,pdf,2116670,2.019,EIA 2040 / Adendas / Resolucion,Alta,Pendiente,
DOC-0354,antecedentes/2. EIA 2040/2. Adenda 1/Anexo 2 Láminas y Planos/Anexo 2.1 Planos/Anexo 2.1.5_Plano Trazado LATS Y Huella Las Pintadas.pdf,2. EIA 2040,2. Adenda 1,Anexo 2.1.5_Plano Trazado LATS Y Huella Las Pintadas.pdf,pdf,18185260,17.343,EIA 2040 / Adendas / Resolucion,Alta,Pendiente,
DOC-0355,antecedentes/2. EIA 2040/2. Adenda 1/Anexo 2 Láminas y Planos/Anexo 2.2 Laminas/Anexo 2.2.1_PLOT Plan Disposición Gral Inst.pdf,2. EIA 2040,2. Adenda 1,Anexo 2.2.1_PLOT Plan Disposición Gral Inst.pdf,pdf,5917054,5.643,EIA 2040 / Adendas / Resolucion,Alta,Pendiente,
DOC-0356,antecedentes/2. EIA 2040/2. Adenda 1/Anexo 2 Láminas y Planos/Anexo 2.2 Laminas/Anexo 2.2.2 Lám. Obras Py Área Mina y Área Puerto.pdf,2. EIA 2040,2. Adenda 1,Anexo 2.2.2 Lám. Obras Py Área Mina y Área Puerto.pdf,pdf,7632200,7.279,EIA 2040 / Adendas / Resolucion,Alta,Pendiente,
DOC-0357,antecedentes/2. EIA 2040/2. Adenda 1/Anexo 2 Láminas y Planos/Anexo 2.2 Laminas/Anexo 2.2.3 Lám. Trazado Existente y Proyectado.pdf,2. EIA 2040,2. Adenda 1,Anexo 2.2.3 Lám. Trazado Existente y Proyectado.pdf,pdf,5120183,4.883,EIA 2040 / Adendas / Resolucion,Alta,Pendiente,
DOC-0358,antecedentes/2. EIA 2040/2. Adenda 1/Anexo 2 Láminas y Planos/Anexo 2.2 Laminas/Anexo 2.2.4 Lám. Flujo detrit Área Mina.pdf,2. EIA 2040,2. Adenda 1,Anexo 2.2.4 Lám. Flujo detrit Área Mina.pdf,pdf,4066417,3.878,EIA 2040 / Adendas / Resolucion,Alta,Pendiente,
DOC-0359,"antecedentes/2. EIA 2040/2. Adenda 1/Anexo 2 Láminas y Planos/Anexo 2.2 Laminas/Anexo 2.2.5 Láminas Coord., Cotas y Rutas PY.pdf",2. EIA 2040,2. Adenda 1,"Anexo 2.2.5 Láminas Coord., Cotas y Rutas PY.pdf",pdf,13017791,12.415,EIA 2040 / Adendas / Resolucion,Alta,Pendiente,
DOC-0360,antecedentes/2. EIA 2040/2. Adenda 1/Anexo 2 Láminas y Planos/Anexo 2.2 Laminas/Anexo 2.2.6 Lám. Área interv LT Cardones.pdf,2. EIA 2040,2. Adenda 1,Anexo 2.2.6 Lám. Área interv LT Cardones.pdf,pdf,9448576,9.011,EIA 2040 / Adendas / Resolucion,Alta,Pendiente,
DOC-0361,antecedentes/2. EIA 2040/2. Adenda 1/Anexo 3 Act. Línea Base/Anexo 3.1 Habilitación Pozos T. Amar y Pai.pdf,2. EIA 2040,2. Adenda 1,Anexo 3.1 Habilitación Pozos T. Amar y Pai.pdf,pdf,665389,0.635,EIA 2040 / Adendas / Resolucion,Alta,Pendiente,
DOC-0362,antecedentes/2. EIA 2040/2. Adenda 1/Anexo 3 Act. Línea Base/Anexo 3.2_Act. LB Calidad Aire.pdf,2. EIA 2040,2. Adenda 1,Anexo 3.2_Act. LB Calidad Aire.pdf,pdf,3877115,3.698,EIA 2040 / Adendas / Resolucion,Alta,Pendiente,
DOC-0363,antecedentes/2. EIA 2040/2. Adenda 1/Anexo 3 Act. Línea Base/Anexo 3.3_Act LB Suelo.pdf,2. EIA 2040,2. Adenda 1,Anexo 3.3_Act LB Suelo.pdf,pdf,30761126,29.336,EIA 2040 / Adendas / Resolucion,Alta,Pendiente,
DOC-0364,antecedentes/2. EIA 2040/2. Adenda 1/Anexo 3 Act. Línea Base/Anexo 3.4 Act. LdB de Arqueología.pdf/Anexo 3.4 Act. LdB de Arqueología.pdf,2. EIA 2040,2. Adenda 1,Anexo 3.4 Act. LdB de Arqueología.pdf,pdf,4519943,4.311,EIA 2040 / Adendas / Resolucion,Alta,Pendiente,
DOC-0365,antecedentes/2. EIA 2040/2. Adenda 1/Anexo 3 Act. Línea Base/Anexo 3.4 Act. LdB de Arqueología.pdf/Apéndice-3.4-4 Cobertura Digital.7z,2. EIA 2040,2. Adenda 1,Apéndice-3.4-4 Cobertura Digital.7z,7z,656007,0.626,EIA 2040 / Adendas / Resolucion,Alta,Pendiente,
DOC-0366,antecedentes/2. EIA 2040/2. Adenda 1/Anexo 3 Act. Línea Base/Anexo 3.4_ Act. LB Arqueología.zip,2. EIA 2040,2. Adenda 1,Anexo 3.4_ Act. LB Arqueología.zip,zip,4947578,4.718,EIA 2040 / Adendas / Resolucion,Alta,Pendiente,
DOC-0367,antecedentes/2. EIA 2040/2. Adenda 1/Anexo 3 Act. Línea Base/Anexo 3.5 Act. LdB Ruido.pdf,2. EIA 2040,2. Adenda 1,Anexo 3.5 Act. LdB Ruido.pdf,pdf,14455862,13.786,EIA 2040 / Adendas / Resolucion,Alta,Pendiente,
DOC-0368,antecedentes/2. EIA 2040/2. Adenda 1/Anexo 3 Act. Línea Base/Anexo 3.6_Act LB Vibraciones.pdf,2. EIA 2040,2. Adenda 1,Anexo 3.6_Act LB Vibraciones.pdf,pdf,12278454,11.710,EIA 2040 / Adendas / Resolucion,Alta,Pendiente,
DOC-0369,antecedentes/2. EIA 2040/2. Adenda 1/Anexo 3 Act. Línea Base/Anexo 3.7 Esq Habilit y Litolog Rocoso.pdf,2. EIA 2040,2. Adenda 1,Anexo 3.7 Esq Habilit y Litolog Rocoso.pdf,pdf,4914989,4.687,EIA 2040 / Adendas / Resolucion,Alta,Pendiente,
DOC-0370,antecedentes/2. EIA 2040/2. Adenda 1/Anexo 3 Act. Línea Base/Anexo 3.8 Esq Habilit y Litolog PSA.pdf,2. EIA 2040,2. Adenda 1,Anexo 3.8 Esq Habilit y Litolog PSA.pdf,pdf,8041892,7.669,EIA 2040 / Adendas / Resolucion,Alta,Pendiente,
DOC-0371,antecedentes/2. EIA 2040/2. Adenda 1/Anexo 4 Est. Complementarios/Anexo 4 Estudios Complementarios (Anexo 4.1 al 4.8)_Parte 1.zip,2. EIA 2040,2. Adenda 1,Anexo 4 Estudios Complementarios (Anexo 4.1 al 4.8)_Parte 1.zip,zip,100976666,96.299,EIA 2040 / Adendas / Resolucion,Alta,Pendiente,
DOC-0372,antecedentes/2. EIA 2040/2. Adenda 1/Anexo 4 Est. Complementarios/Anexo 4 Estudios Complementarios (Anexo 4.1 al 4.8)_Parte 1/Anexo 4.1_Inf. Eval. Visual Vert..pdf,2. EIA 2040,2. Adenda 1,Anexo 4.1_Inf. Eval. Visual Vert..pdf,pdf,340426,0.325,EIA 2040 / Adendas / Resolucion,Alta,Pendiente,
DOC-0373,antecedentes/2. EIA 2040/2. Adenda 1/Anexo 4 Est. Complementarios/Anexo 4 Estudios Complementarios (Anexo 4.1 al 4.8)_Parte 1/Anexo 4.2_Informe presencia Vizcacha AI Py.pdf,2. EIA 2040,2. Adenda 1,Anexo 4.2_Informe presencia Vizcacha AI Py.pdf,pdf,2969947,2.832,EIA 2040 / Adendas / Resolucion,Alta,Pendiente,
DOC-0374,antecedentes/2. EIA 2040/2. Adenda 1/Anexo 4 Est. Complementarios/Anexo 4 Estudios Complementarios (Anexo 4.1 al 4.8)_Parte 1/Anexo 4.3_Hidrog.indiv. pozos monitoreo Candelaria.pdf,2. EIA 2040,2. Adenda 1,Anexo 4.3_Hidrog.indiv. pozos monitoreo Candelaria.pdf,pdf,4391332,4.188,EIA 2040 / Adendas / Resolucion,Alta,Pendiente,
DOC-0375,antecedentes/2. EIA 2040/2. Adenda 1/Anexo 4 Est. Complementarios/Anexo 4 Estudios Complementarios (Anexo 4.1 al 4.8)_Parte 1/Anexo 4.4 Arch Dig Modelo Geol.zip,2. EIA 2040,2. Adenda 1,Anexo 4.4 Arch Dig Modelo Geol.zip,zip,59268646,56.523,EIA 2040 / Adendas / Resolucion,Alta,Pendiente,
DOC-0376,antecedentes/2. EIA 2040/2. Adenda 1/Anexo 4 Est. Complementarios/Anexo 4 Estudios Complementarios (Anexo 4.1 al 4.8)_Parte 1/Anexo 4.5 Inf. HG Concep Cand Subt.pdf,2. EIA 2040,2. Adenda 1,Anexo 4.5 Inf. HG Concep Cand Subt.pdf,pdf,9023052,8.605,EIA 2040 / Adendas / Resolucion,Alta,Pendiente,
DOC-0377,antecedentes/2. EIA 2040/2. Adenda 1/Anexo 4 Est. Complementarios/Anexo 4 Estudios Complementarios (Anexo 4.1 al 4.8)_Parte 1/Anexo 4.6 Resultado modelación numérica.pdf,2. EIA 2040,2. Adenda 1,Anexo 4.6 Resultado modelación numérica.pdf,pdf,113757,0.108,EIA 2040 / Adendas / Resolucion,Alta,Pendiente,
DOC-0378,antecedentes/2. EIA 2040/2. Adenda 1/Anexo 4 Est. Complementarios/Anexo 4 Estudios Complementarios (Anexo 4.1 al 4.8)_Parte 1/Anexo 4.7 Análisis Hidroquímico e Isotópico.zip,2. EIA 2040,2. Adenda 1,Anexo 4.7 Análisis Hidroquímico e Isotópico.zip,zip,24490083,23.356,EIA 2040 / Adendas / Resolucion,Alta,Pendiente,
DOC-0379,antecedentes/2. EIA 2040/2. Adenda 1/Anexo 4 Est. Complementarios/Anexo 4 Estudios Complementarios (Anexo 4.1 al 4.8)_Parte 1/Anexo 4.8  Análisis Geoes Cond Hidr.pdf,2. EIA 2040,2. Adenda 1,Anexo 4.8  Análisis Geoes Cond Hidr.pdf,pdf,1513508,1.443,EIA 2040 / Adendas / Resolucion,Alta,Pendiente,
DOC-0380,antecedentes/2. EIA 2040/2. Adenda 1/Anexo 4 Est. Complementarios/Anexo 4 Estudios Complementarios (Anexo 4.12)_Parte 3.zip,2. EIA 2040,2. Adenda 1,Anexo 4 Estudios Complementarios (Anexo 4.12)_Parte 3.zip,zip,81176452,77.416,EIA 2040 / Adendas / Resolucion,Alta,Pendiente,
DOC-0381,antecedentes/2. EIA 2040/2. Adenda 1/Anexo 4 Est. Complementarios/Anexo 4 Estudios Complementarios (Anexo 4.12)_Parte 3/Anexo 4.12 Act. del Modelo de Calidad del Aire.zip,2. EIA 2040,2. Adenda 1,Anexo 4.12 Act. del Modelo de Calidad del Aire.zip,zip,81175890,77.415,EIA 2040 / Adendas / Resolucion,Alta,Pendiente,
DOC-0382,antecedentes/2. EIA 2040/2. Adenda 1/Anexo 4 Est. Complementarios/Anexo 4 Estudios Complementarios (Anexo 4.13 al 4.19)_Parte 4.zip,2. EIA 2040,2. Adenda 1,Anexo 4 Estudios Complementarios (Anexo 4.13 al 4.19)_Parte 4.zip,zip,78874100,75.220,EIA 2040 / Adendas / Resolucion,Alta,Pendiente,
DOC-0383,antecedentes/2. EIA 2040/2. Adenda 1/Anexo 4 Est. Complementarios/Anexo 4 Estudios Complementarios (Anexo 4.13 al 4.19)_Parte 4/Anexo 4.13 Act. Estudio Ruido.pdf,2. EIA 2040,2. Adenda 1,Anexo 4.13 Act. Estudio Ruido.pdf,pdf,20860618,19.894,EIA 2040 / Adendas / Resolucion,Alta,Pendiente,
DOC-0384,antecedentes/2. EIA 2040/2. Adenda 1/Anexo 4 Est. Complementarios/Anexo 4 Estudios Complementarios (Anexo 4.13 al 4.19)_Parte 4/Anexo 4.14 Act. Estudio Vibraciones.pdf,2. EIA 2040,2. Adenda 1,Anexo 4.14 Act. Estudio Vibraciones.pdf,pdf,9377469,8.943,EIA 2040 / Adendas / Resolucion,Alta,Pendiente,
DOC-0385,antecedentes/2. EIA 2040/2. Adenda 1/Anexo 4 Est. Complementarios/Anexo 4 Estudios Complementarios (Anexo 4.13 al 4.19)_Parte 4/Anexo 4.15 Comple Med. Vib. Tronadura.pdf,2. EIA 2040,2. Adenda 1,Anexo 4.15 Comple Med. Vib. Tronadura.pdf,pdf,2020717,1.927,EIA 2040 / Adendas / Resolucion,Alta,Pendiente,
DOC-0386,antecedentes/2. EIA 2040/2. Adenda 1/Anexo 4 Est. Complementarios/Anexo 4 Estudios Complementarios (Anexo 4.13 al 4.19)_Parte 4/Anexo 4.16_Ev Temp Estival.7z,2. EIA 2040,2. Adenda 1,Anexo 4.16_Ev Temp Estival.7z,7z,2430118,2.318,EIA 2040 / Adendas / Resolucion,Alta,Pendiente,
DOC-0387,antecedentes/2. EIA 2040/2. Adenda 1/Anexo 4 Est. Complementarios/Anexo 4 Estudios Complementarios (Anexo 4.13 al 4.19)_Parte 4/Anexo 4.17 Informe P. Indígenas T.Amarilla.pdf,2. EIA 2040,2. Adenda 1,Anexo 4.17 Informe P. Indígenas T.Amarilla.pdf,pdf,1654589,1.578,EIA 2040 / Adendas / Resolucion,Alta,Pendiente,
DOC-0388,antecedentes/2. EIA 2040/2. Adenda 1/Anexo 4 Est. Complementarios/Anexo 4 Estudios Complementarios (Anexo 4.13 al 4.19)_Parte 4/Anexo 4.18.2 Análisis Resul. Modelo Num.pdf,2. EIA 2040,2. Adenda 1,Anexo 4.18.2 Análisis Resul. Modelo Num.pdf,pdf,2581737,2.462,EIA 2040 / Adendas / Resolucion,Alta,Pendiente,
DOC-0389,antecedentes/2. EIA 2040/2. Adenda 1/Anexo 4 Est. Complementarios/Anexo 4 Estudios Complementarios (Anexo 4.13 al 4.19)_Parte 4/Anexo 4.19_Planos Sit Actual y Radio de giro.pdf,2. EIA 2040,2. Adenda 1,Anexo 4.19_Planos Sit Actual y Radio de giro.pdf,pdf,4520401,4.311,EIA 2040 / Adendas / Resolucion,Alta,Pendiente,
DOC-0390,antecedentes/2. EIA 2040/2. Adenda 1/Anexo 4 Est. Complementarios/Anexo 4 Estudios Complementarios (Anexo 4.9 al 4.11)_Parte 2.zip,2. EIA 2040,2. Adenda 1,Anexo 4 Estudios Complementarios (Anexo 4.9 al 4.11)_Parte 2.zip,zip,59541097,56.783,EIA 2040 / Adendas / Resolucion,Alta,Pendiente,
DOC-0391,antecedentes/2. EIA 2040/2. Adenda 1/Anexo 4 Est. Complementarios/Anexo 4 Estudios Complementarios (Anexo 4.9 al 4.11)_Parte 2/Anexo 4.10 Prot hallaz paleo No Prev.pdf,2. EIA 2040,2. Adenda 1,Anexo 4.10 Prot hallaz paleo No Prev.pdf,pdf,288387,0.275,EIA 2040 / Adendas / Resolucion,Alta,Pendiente,
DOC-0392,antecedentes/2. EIA 2040/2. Adenda 1/Anexo 4 Est. Complementarios/Anexo 4 Estudios Complementarios (Anexo 4.9 al 4.11)_Parte 2/Anexo 4.11 Estudio Socio Econ.zip,2. EIA 2040,2. Adenda 1,Anexo 4.11 Estudio Socio Econ.zip,zip,933117,0.890,EIA 2040 / Adendas / Resolucion,Alta,Pendiente,
DOC-0393,antecedentes/2. EIA 2040/2. Adenda 1/Anexo 4 Est. Complementarios/Anexo 4 Estudios Complementarios (Anexo 4.9 al 4.11)_Parte 2/Anexo 4.9 Informe Ejec. Caract. Arq..pdf,2. EIA 2040,2. Adenda 1,Anexo 4.9 Informe Ejec. Caract. Arq..pdf,pdf,58829775,56.104,EIA 2040 / Adendas / Resolucion,Alta,Pendiente,
DOC-0394,antecedentes/2. EIA 2040/2. Adenda 1/Anexo 5 Otros Documentos Adenda/Anexo 5.10_Proy RCA SP D. Florido.pdf,2. EIA 2040,2. Adenda 1,Anexo 5.10_Proy RCA SP D. Florido.pdf,pdf,284439,0.271,EIA 2040 / Adendas / Resolucion,Alta,Pendiente,
DOC-0395,antecedentes/2. EIA 2040/2. Adenda 1/Anexo 5 Otros Documentos Adenda/Anexo 5.11_Cons Pertinencias Relaves.pdf,2. EIA 2040,2. Adenda 1,Anexo 5.11_Cons Pertinencias Relaves.pdf,pdf,751556,0.717,EIA 2040 / Adendas / Resolucion,Alta,Pendiente,
DOC-0396,antecedentes/2. EIA 2040/2. Adenda 1/Anexo 5 Otros Documentos Adenda/Anexo 5.12_Res. SERNAGEOMIN.pdf,2. EIA 2040,2. Adenda 1,Anexo 5.12_Res. SERNAGEOMIN.pdf,pdf,12002414,11.446,EIA 2040 / Adendas / Resolucion,Alta,Pendiente,
DOC-0397,antecedentes/2. EIA 2040/2. Adenda 1/Anexo 5 Otros Documentos Adenda/Anexo 5.13 Carta permiso DGA Canal Norte.pdf,2. EIA 2040,2. Adenda 1,Anexo 5.13 Carta permiso DGA Canal Norte.pdf,pdf,867636,0.827,EIA 2040 / Adendas / Resolucion,Alta,Pendiente,
DOC-0398,antecedentes/2. EIA 2040/2. Adenda 1/Anexo 5 Otros Documentos Adenda/Anexo 5.1_Presentación Inter. Rajo-Sub.pdf,2. EIA 2040,2. Adenda 1,Anexo 5.1_Presentación Inter. Rajo-Sub.pdf,pdf,4345559,4.144,EIA 2040 / Adendas / Resolucion,Alta,Pendiente,
DOC-0399,antecedentes/2. EIA 2040/2. Adenda 1/Anexo 5 Otros Documentos Adenda/Anexo 5.2_Protocolo Manejo Cavidades.pdf,2. EIA 2040,2. Adenda 1,Anexo 5.2_Protocolo Manejo Cavidades.pdf,pdf,496660,0.474,EIA 2040 / Adendas / Resolucion,Alta,Pendiente,
DOC-0400,antecedentes/2. EIA 2040/2. Adenda 1/Anexo 5 Otros Documentos Adenda/Anexo 5.3 Resumen Adecuaciones Py.pdf,2. EIA 2040,2. Adenda 1,Anexo 5.3 Resumen Adecuaciones Py.pdf,pdf,3175299,3.028,EIA 2040 / Adendas / Resolucion,Alta,Pendiente,
DOC-0401,antecedentes/2. EIA 2040/2. Adenda 1/Anexo 5 Otros Documentos Adenda/Anexo 5.4 Certificados de Laboratorio.pdf,2. EIA 2040,2. Adenda 1,Anexo 5.4 Certificados de Laboratorio.pdf,pdf,113898,0.109,EIA 2040 / Adendas / Resolucion,Alta,Pendiente,
DOC-0402,antecedentes/2. EIA 2040/2. Adenda 1/Anexo 5 Otros Documentos Adenda/Anexo 5.5 Res. Calificación Amb.pdf,2. EIA 2040,2. Adenda 1,Anexo 5.5 Res. Calificación Amb.pdf,pdf,5402279,5.152,EIA 2040 / Adendas / Resolucion,Alta,Pendiente,
DOC-0403,antecedentes/2. EIA 2040/2. Adenda 1/Anexo 5 Otros Documentos Adenda/Anexo 5.6 Análisis caída rocas DE.pdf,2. EIA 2040,2. Adenda 1,Anexo 5.6 Análisis caída rocas DE.pdf,pdf,5065545,4.831,EIA 2040 / Adendas / Resolucion,Alta,Pendiente,
DOC-0404,antecedentes/2. EIA 2040/2. Adenda 1/Anexo 5 Otros Documentos Adenda/Anexo 5.7_Hojas Seguridad.pdf,2. EIA 2040,2. Adenda 1,Anexo 5.7_Hojas Seguridad.pdf,pdf,1149282,1.096,EIA 2040 / Adendas / Resolucion,Alta,Pendiente,
DOC-0405,antecedentes/2. EIA 2040/2. Adenda 1/Anexo 5 Otros Documentos Adenda/Anexo 5.8 Infor. result. Lab. Muest.Lodos.pdf,2. EIA 2040,2. Adenda 1,Anexo 5.8 Infor. result. Lab. Muest.Lodos.pdf,pdf,1706739,1.628,EIA 2040 / Adendas / Resolucion,Alta,Pendiente,
DOC-0406,antecedentes/2. EIA 2040/2. Adenda 1/Anexo 5 Otros Documentos Adenda/Anexo 5.9_Res Bodegas.pdf,2. EIA 2040,2. Adenda 1,Anexo 5.9_Res Bodegas.pdf,pdf,965892,0.921,EIA 2040 / Adendas / Resolucion,Alta,Pendiente,
DOC-0407,antecedentes/2. EIA 2040/2. Adenda 1/Anexo 6 Act. Legislación/Anexo 6 Actualización Cap. 9 Plan de Cumplimiento.pdf,2. EIA 2040,2. Adenda 1,Anexo 6 Actualización Cap. 9 Plan de Cumplimiento.pdf,pdf,1223532,1.167,EIA 2040 / Adendas / Resolucion,Alta,Pendiente,
DOC-0408,antecedentes/2. EIA 2040/2. Adenda 1/Anexo 7 PAS/Anexo 7 Act. Permisos Ambientales Sectoriales (Anexo 7.1 al 7.4)_Parte 1.zip,2. EIA 2040,2. Adenda 1,Anexo 7 Act. Permisos Ambientales Sectoriales (Anexo 7.1 al 7.4)_Parte 1.zip,zip,66135968,63.072,EIA 2040 / Adendas / Resolucion,Alta,Pendiente,
DOC-0409,antecedentes/2. EIA 2040/2. Adenda 1/Anexo 7 PAS/Anexo 7 Act. Permisos Ambientales Sectoriales (Anexo 7.1 al 7.4)_Parte 1/Anexo 7.1 Act. PAS 119.pdf,2. EIA 2040,2. Adenda 1,Anexo 7.1 Act. PAS 119.pdf,pdf,434249,0.414,EIA 2040 / Adendas / Resolucion,Alta,Pendiente,
DOC-0410,antecedentes/2. EIA 2040/2. Adenda 1/Anexo 7 PAS/Anexo 7 Act. Permisos Ambientales Sectoriales (Anexo 7.1 al 7.4)_Parte 1/Anexo 7.2 Act. PAS 132 Arq.pdf,2. EIA 2040,2. Adenda 1,Anexo 7.2 Act. PAS 132 Arq.pdf,pdf,7427669,7.084,EIA 2040 / Adendas / Resolucion,Alta,Pendiente,
DOC-0411,antecedentes/2. EIA 2040/2. Adenda 1/Anexo 7 PAS/Anexo 7 Act. Permisos Ambientales Sectoriales (Anexo 7.1 al 7.4)_Parte 1/Anexo 7.3 PAS 132 Paleo.pdf,2. EIA 2040,2. Adenda 1,Anexo 7.3 PAS 132 Paleo.pdf,pdf,4463452,4.257,EIA 2040 / Adendas / Resolucion,Alta,Pendiente,
DOC-0412,antecedentes/2. EIA 2040/2. Adenda 1/Anexo 7 PAS/Anexo 7 Act. Permisos Ambientales Sectoriales (Anexo 7.1 al 7.4)_Parte 1/Anexo 7.4 Act. PAS 136.pdf,2. EIA 2040,2. Adenda 1,Anexo 7.4 Act. PAS 136.pdf,pdf,55300675,52.739,EIA 2040 / Adendas / Resolucion,Alta,Pendiente,
DOC-0413,antecedentes/2. EIA 2040/2. Adenda 1/Anexo 7 PAS/Anexo 7 Act. Permisos Ambientales Sectoriales (Anexo 7.12 al 7.13)_Parte 4.zip,2. EIA 2040,2. Adenda 1,Anexo 7 Act. Permisos Ambientales Sectoriales (Anexo 7.12 al 7.13)_Parte 4.zip,zip,80537757,76.807,EIA 2040 / Adendas / Resolucion,Alta,Pendiente,
DOC-0414,antecedentes/2. EIA 2040/2. Adenda 1/Anexo 7 PAS/Anexo 7 Act. Permisos Ambientales Sectoriales (Anexo 7.5 al 7.6)_Parte 2.zip,2. EIA 2040,2. Adenda 1,Anexo 7 Act. Permisos Ambientales Sectoriales (Anexo 7.5 al 7.6)_Parte 2.zip,zip,97468960,92.954,EIA 2040 / Adendas / Resolucion,Alta,Pendiente,
DOC-0415,antecedentes/2. EIA 2040/2. Adenda 1/Anexo 7 PAS/Anexo 7 Act. Permisos Ambientales Sectoriales (Anexo 7.5 al 7.6)_Parte 2/Anexo 7.5 Act. PAS 136.pdf,2. EIA 2040,2. Adenda 1,Anexo 7.5 Act. PAS 136.pdf,pdf,75997331,72.477,EIA 2040 / Adendas / Resolucion,Alta,Pendiente,
DOC-0416,antecedentes/2. EIA 2040/2. Adenda 1/Anexo 7 PAS/Anexo 7 Act. Permisos Ambientales Sectoriales (Anexo 7.5 al 7.6)_Parte 2/Anexo 7.6 Act. PAS 137.zip,2. EIA 2040,2. Adenda 1,Anexo 7.6 Act. PAS 137.zip,zip,22914943,21.853,EIA 2040 / Adendas / Resolucion,Alta,Pendiente,
DOC-0417,antecedentes/2. EIA 2040/2. Adenda 1/Anexo 7 PAS/Anexo 7 Act. Permisos Ambientales Sectoriales (Anexo 7.5 al 7.6)_Parte 2/Anexo 7.6 Act. PAS 137/Anexo 7.6 Act. PAS 137.pdf,2. EIA 2040,2. Adenda 1,Anexo 7.6 Act. PAS 137.pdf,pdf,10537392,10.049,EIA 2040 / Adendas / Resolucion,Alta,Pendiente,
DOC-0418,antecedentes/2. EIA 2040/2. Adenda 1/Anexo 7 PAS/Anexo 7 Act. Permisos Ambientales Sectoriales (Anexo 7.7 al 7.11)_Parte 3.zip,2. EIA 2040,2. Adenda 1,Anexo 7 Act. Permisos Ambientales Sectoriales (Anexo 7.7 al 7.11)_Parte 3.zip,zip,58048575,55.359,EIA 2040 / Adendas / Resolucion,Alta,Pendiente,
DOC-0419,antecedentes/2. EIA 2040/2. Adenda 1/Anexo 7 PAS/Anexo 7 Act. Permisos Ambientales Sectoriales (Anexo 7.7 al 7.13)_Parte 3/Anexo 7.10 Act. PAS 156.pdf,2. EIA 2040,2. Adenda 1,Anexo 7.10 Act. PAS 156.pdf,pdf,2881944,2.748,EIA 2040 / Adendas / Resolucion,Alta,Pendiente,
DOC-0420,antecedentes/2. EIA 2040/2. Adenda 1/Anexo 7 PAS/Anexo 7 Act. Permisos Ambientales Sectoriales (Anexo 7.7 al 7.13)_Parte 3/Anexo 7.11 Complemento PAS 156.pdf,2. EIA 2040,2. Adenda 1,Anexo 7.11 Complemento PAS 156.pdf,pdf,17822170,16.997,EIA 2040 / Adendas / Resolucion,Alta,Pendiente,
DOC-0421,antecedentes/2. EIA 2040/2. Adenda 1/Anexo 7 PAS/Anexo 7 Act. Permisos Ambientales Sectoriales (Anexo 7.7 al 7.13)_Parte 3/Anexo 7.7 Act. PAS 140.pdf,2. EIA 2040,2. Adenda 1,Anexo 7.7 Act. PAS 140.pdf,pdf,15659421,14.934,EIA 2040 / Adendas / Resolucion,Alta,Pendiente,
DOC-0422,antecedentes/2. EIA 2040/2. Adenda 1/Anexo 7 PAS/Anexo 7 Act. Permisos Ambientales Sectoriales (Anexo 7.7 al 7.13)_Parte 3/Anexo 7.8 Act. PAS 146.zip,2. EIA 2040,2. Adenda 1,Anexo 7.8 Act. PAS 146.zip,zip,8706847,8.303,EIA 2040 / Adendas / Resolucion,Alta,Pendiente,
DOC-0423,antecedentes/2. EIA 2040/2. Adenda 1/Anexo 7 PAS/Anexo 7 Act. Permisos Ambientales Sectoriales (Anexo 7.7 al 7.13)_Parte 3/Anexo 7.8 Act. PAS 146/Anexo 7.8 Act. PAS 146.pdf,2. EIA 2040,2. Adenda 1,Anexo 7.8 Act. PAS 146.pdf,pdf,2625603,2.504,EIA 2040 / Adendas / Resolucion,Alta,Pendiente,
DOC-0424,antecedentes/2. EIA 2040/2. Adenda 1/Anexo 7 PAS/Anexo 7 Act. Permisos Ambientales Sectoriales (Anexo 7.7 al 7.13)_Parte 3/Anexo 7.9 Act. PAS 155.pdf,2. EIA 2040,2. Adenda 1,Anexo 7.9 Act. PAS 155.pdf,pdf,14570835,13.896,EIA 2040 / Adendas / Resolucion,Alta,Pendiente,
DOC-0425,antecedentes/2. EIA 2040/2. Adenda 1/Anexo 8 Medidas Compensación/Anexo 8 Actualiz Cap. 6 Medidas.pdf,2. EIA 2040,2. Adenda 1,Anexo 8 Actualiz Cap. 6 Medidas.pdf,pdf,3873257,3.694,EIA 2040 / Adendas / Resolucion,Alta,Pendiente,
DOC-0426,antecedentes/2. EIA 2040/2. Adenda 1/Anexo 8 Medidas Compensación/Apend 8.2 Act. Plan Manejo Amb. FV/Acápite 8.2-1 Microruteo sp Flora Categ. Conserv/Acápite 8.2-1_Microrut_Rev 0.pdf,2. EIA 2040,2. Adenda 1,Acápite 8.2-1_Microrut_Rev 0.pdf,pdf,4554316,4.343,EIA 2040 / Adendas / Resolucion,Alta,Pendiente,
DOC-0427,antecedentes/2. EIA 2040/2. Adenda 1/Anexo 8 Medidas Compensación/Apend 8.2 Act. Plan Manejo Amb. FV/Apéndice 8.2 Act. Plan Manejo Amb. FV.pdf,2. EIA 2040,2. Adenda 1,Apéndice 8.2 Act. Plan Manejo Amb. FV.pdf,pdf,1737210,1.657,EIA 2040 / Adendas / Resolucion,Alta,Pendiente,
DOC-0428,antecedentes/2. EIA 2040/2. Adenda 1/Anexo 8 Medidas Compensación/Apéndice 8.1 Act. Plan de Humectacion.pdf,2. EIA 2040,2. Adenda 1,Apéndice 8.1 Act. Plan de Humectacion.pdf,pdf,2832480,2.701,EIA 2040 / Adendas / Resolucion,Alta,Pendiente,
DOC-0429,antecedentes/2. EIA 2040/2. Adenda 1/Anexo 8 Medidas Compensación/Apéndice 8.2 Act. Plan Manejo Amb. FV.zip,2. EIA 2040,2. Adenda 1,Apéndice 8.2 Act. Plan Manejo Amb. FV.zip,zip,6866667,6.549,EIA 2040 / Adendas / Resolucion,Alta,Pendiente,
DOC-0430,antecedentes/2. EIA 2040/2. Adenda 1/Anexo 8 Medidas Compensación/Apéndice 8.3 Act. Medidas Comp. Calidad Aire.zip,2. EIA 2040,2. Adenda 1,Apéndice 8.3 Act. Medidas Comp. Calidad Aire.zip,zip,7800672,7.439,EIA 2040 / Adendas / Resolucion,Alta,Pendiente,
DOC-0431,antecedentes/2. EIA 2040/2. Adenda 1/Anexo 8 Medidas Compensación/Apéndice 8.4 Protocolo Reprod. sp P. Chilensis.pdf,2. EIA 2040,2. Adenda 1,Apéndice 8.4 Protocolo Reprod. sp P. Chilensis.pdf,pdf,1293324,1.233,EIA 2040 / Adendas / Resolucion,Alta,Pendiente,
DOC-0432,antecedentes/2. EIA 2040/2. Adenda 1/Anexo 9 Plan Contingencia/Anexo 9 Act. Plan Conting.pdf,2. EIA 2040,2. Adenda 1,Anexo 9 Act. Plan Conting.pdf,pdf,552849,0.527,EIA 2040 / Adendas / Resolucion,Alta,Pendiente,
DOC-0433,antecedentes/2. EIA 2040/3. ADENDA 2/Adenda Complementaria_Rev 1.pdf,2. EIA 2040,3. ADENDA 2,Adenda Complementaria_Rev 1.pdf,pdf,34907344,33.290,EIA 2040 / Adendas / Resolucion,Alta,Pendiente,
DOC-0434,antecedentes/2. EIA 2040/3. ADENDA 2/Anexo 1 Arch. Digitales/Anexo 1.1 kmz obras Proyecto/5283-20220411 Obras Proyecto.kmz,2. EIA 2040,3. ADENDA 2,5283-20220411 Obras Proyecto.kmz,kmz,2321670,2.214,EIA 2040 / Adendas / Resolucion,Alta,Pendiente,
DOC-0435,antecedentes/2. EIA 2040/3. ADENDA 2/Anexo 1 Arch. Digitales/Anexo 1.1 kmz obras Proyecto/Tapa Anexo 1.1.pdf,2. EIA 2040,3. ADENDA 2,Tapa Anexo 1.1.pdf,pdf,59359,0.057,EIA 2040 / Adendas / Resolucion,Alta,Pendiente,
DOC-0436,antecedentes/2. EIA 2040/3. ADENDA 2/Anexo 1 Arch. Digitales/Anexo 1.2 kmz AI Calidad Aire/Anexo 1.2 AI Calidad del Aire.kmz,2. EIA 2040,3. ADENDA 2,Anexo 1.2 AI Calidad del Aire.kmz,kmz,33909,0.032,EIA 2040 / Adendas / Resolucion,Alta,Pendiente,
DOC-0437,antecedentes/2. EIA 2040/3. ADENDA 2/Anexo 1 Arch. Digitales/Anexo 1.2 kmz AI Calidad Aire/Tapa Anexo 1.2.pdf,2. EIA 2040,3. ADENDA 2,Tapa Anexo 1.2.pdf,pdf,58751,0.056,EIA 2040 / Adendas / Resolucion,Alta,Pendiente,
DOC-0438,antecedentes/2. EIA 2040/3. ADENDA 2/Anexo 1 Arch. Digitales/Anexo 1.3 Act. Figuras Monitoreo Isotópico.pdf,2. EIA 2040,3. ADENDA 2,Anexo 1.3 Act. Figuras Monitoreo Isotópico.pdf,pdf,13614535,12.984,EIA 2040 / Adendas / Resolucion,Alta,Pendiente,
DOC-0439,antecedentes/2. EIA 2040/3. ADENDA 2/Anexo 1 Arch. Digitales/Anexo 1.4 Base Datos Calidad de Agua Candelaria 2040/2021-12-23_BD Calidad Agua.xlsx,2. EIA 2040,3. ADENDA 2,2021-12-23_BD Calidad Agua.xlsx,xlsx,7173864,6.842,EIA 2040 / Adendas / Resolucion,Alta,Pendiente,
DOC-0440,antecedentes/2. EIA 2040/3. ADENDA 2/Anexo 1 Arch. Digitales/Anexo 1.4 Base Datos Calidad de Agua Candelaria 2040/Anexo 1.4 Rev.0.pdf,2. EIA 2040,3. ADENDA 2,Anexo 1.4 Rev.0.pdf,pdf,25809,0.025,EIA 2040 / Adendas / Resolucion,Alta,Pendiente,
DOC-0441,antecedentes/2. EIA 2040/3. ADENDA 2/Anexo 1 Arch. Digitales/Anexo 1.5 Actualización Excel Estimación de Emisiones/IE_Sector_Mina/IE_CIERRE_CAND_2040_MINA_ADENDA2.xlsx,2. EIA 2040,3. ADENDA 2,IE_CIERRE_CAND_2040_MINA_ADENDA2.xlsx,xlsx,63841940,60.884,EIA 2040 / Adendas / Resolucion,Alta,Pendiente,
DOC-0442,antecedentes/2. EIA 2040/3. ADENDA 2/Anexo 1 Arch. Digitales/Anexo 1.5 Actualización Excel Estimación de Emisiones/IE_Sector_Mina/IE_CONSTRUCCION_CAND_2040_MINA_ADENDA2.xlsx,2. EIA 2040,3. ADENDA 2,IE_CONSTRUCCION_CAND_2040_MINA_ADENDA2.xlsx,xlsx,112354300,107.149,EIA 2040 / Adendas / Resolucion,Alta,Pendiente,
DOC-0443,antecedentes/2. EIA 2040/3. ADENDA 2/Anexo 1 Arch. Digitales/Anexo 1.5 Actualización Excel Estimación de Emisiones/IE_Sector_Mina/IE_OPERACION_CAND_2040_MINA_ADENDA2.xlsx,2. EIA 2040,3. ADENDA 2,IE_OPERACION_CAND_2040_MINA_ADENDA2.xlsx,xlsx,782181063,745.946,EIA 2040 / Adendas / Resolucion,Alta,Pendiente,
DOC-0444,antecedentes/2. EIA 2040/3. ADENDA 2/Anexo 1 Arch. Digitales/Anexo 1.5 Actualización Excel Estimación de Emisiones/IE_Sector_Mina/IE_TPTE_CIERRE_años_19_a_23_EXTERNA_adenda2.xlsx,2. EIA 2040,3. ADENDA 2,IE_TPTE_CIERRE_años_19_a_23_EXTERNA_adenda2.xlsx,xlsx,6958997,6.637,EIA 2040 / Adendas / Resolucion,Alta,Pendiente,
DOC-0445,antecedentes/2. EIA 2040/3. ADENDA 2/Anexo 1 Arch. Digitales/Anexo 1.5 Actualización Excel Estimación de Emisiones/IE_Sector_Mina/IE_TPTE_CIERRE_años_19_a_23_MINA_adenda2.xlsx,2. EIA 2040,3. ADENDA 2,IE_TPTE_CIERRE_años_19_a_23_MINA_adenda2.xlsx,xlsx,1229975,1.173,EIA 2040 / Adendas / Resolucion,Alta,Pendiente,
DOC-0446,antecedentes/2. EIA 2040/3. ADENDA 2/Anexo 1 Arch. Digitales/Anexo 1.5 Actualización Excel Estimación de Emisiones/IE_Sector_Mina/IE_TPTE_CIERRE_años_19_a_23_PLANTA_adenda2.xlsx,2. EIA 2040,3. ADENDA 2,IE_TPTE_CIERRE_años_19_a_23_PLANTA_adenda2.xlsx,xlsx,2829401,2.698,EIA 2040 / Adendas / Resolucion,Alta,Pendiente,
DOC-0447,antecedentes/2. EIA 2040/3. ADENDA 2/Anexo 1 Arch. Digitales/Anexo 1.5 Actualización Excel Estimación de Emisiones/IE_Sector_Mina/IE_TPTE_CONST_OP_años 1_a_3_EXTERNA_adenda2.xlsx,2. EIA 2040,3. ADENDA 2,IE_TPTE_CONST_OP_años 1_a_3_EXTERNA_adenda2.xlsx,xlsx,7442049,7.097,EIA 2040 / Adendas / Resolucion,Alta,Pendiente,
DOC-0448,antecedentes/2. EIA 2040/3. ADENDA 2/Anexo 1 Arch. Digitales/Anexo 1.5 Actualización Excel Estimación de Emisiones/IE_Sector_Mina/IE_TPTE_CONST_OP_años_1_a_3_MINA_adenda2.xlsx,2. EIA 2040,3. ADENDA 2,IE_TPTE_CONST_OP_años_1_a_3_MINA_adenda2.xlsx,xlsx,6727595,6.416,EIA 2040 / Adendas / Resolucion,Alta,Pendiente,
DOC-0449,antecedentes/2. EIA 2040/3. ADENDA 2/Anexo 1 Arch. Digitales/Anexo 1.5 Actualización Excel Estimación de Emisiones/IE_Sector_Mina/IE_TPTE_CONST_OP_años_1_a_3_PLANTA_adenda2.xlsx,2. EIA 2040,3. ADENDA 2,IE_TPTE_CONST_OP_años_1_a_3_PLANTA_adenda2.xlsx,xlsx,4458332,4.252,EIA 2040 / Adendas / Resolucion,Alta,Pendiente,
DOC-0450,antecedentes/2. EIA 2040/3. ADENDA 2/Anexo 1 Arch. Digitales/Anexo 1.5 Actualización Excel Estimación de Emisiones/IE_Sector_Mina/IE_TPTE_OP_años_15_a_18_MINA_adenda2.xlsx,2. EIA 2040,3. ADENDA 2,IE_TPTE_OP_años_15_a_18_MINA_adenda2.xlsx,xlsx,148129,0.141,EIA 2040 / Adendas / Resolucion,Alta,Pendiente,
DOC-0451,antecedentes/2. EIA 2040/3. ADENDA 2/Anexo 1 Arch. Digitales/Anexo 1.5 Actualización Excel Estimación de Emisiones/IE_Sector_Mina/IE_TPTE_OP_años_4_a_14_MINA_adenda2.xlsx,2. EIA 2040,3. ADENDA 2,IE_TPTE_OP_años_4_a_14_MINA_adenda2.xlsx,xlsx,753535,0.719,EIA 2040 / Adendas / Resolucion,Alta,Pendiente,
DOC-0452,antecedentes/2. EIA 2040/3. ADENDA 2/Anexo 1 Arch. Digitales/Anexo 1.5 Actualización Excel Estimación de Emisiones/IE_Sector_Mina/IE_TPTE_OP_años_4_a_18_EXTERNA_adenda2.xlsx,2. EIA 2040,3. ADENDA 2,IE_TPTE_OP_años_4_a_18_EXTERNA_adenda2.xlsx,xlsx,1882128,1.795,EIA 2040 / Adendas / Resolucion,Alta,Pendiente,
DOC-0453,antecedentes/2. EIA 2040/3. ADENDA 2/Anexo 1 Arch. Digitales/Anexo 1.5 Actualización Excel Estimación de Emisiones/IE_Sector_Mina/IE_TPTE_OP_años_4_a_18_PLANTA_adenda2.xlsx,2. EIA 2040,3. ADENDA 2,IE_TPTE_OP_años_4_a_18_PLANTA_adenda2.xlsx,xlsx,848634,0.809,EIA 2040 / Adendas / Resolucion,Alta,Pendiente,
DOC-0454,antecedentes/2. EIA 2040/3. ADENDA 2/Anexo 1 Arch. Digitales/Anexo 1.5 Actualización Excel Estimación de Emisiones/IE_Sector_Puerto/IE_CIERRE_TOTAL_SECTOR_PUERTO_ADENDA2.xlsx,2. EIA 2040,3. ADENDA 2,IE_CIERRE_TOTAL_SECTOR_PUERTO_ADENDA2.xlsx,xlsx,14156278,13.500,EIA 2040 / Adendas / Resolucion,Alta,Pendiente,
DOC-0455,antecedentes/2. EIA 2040/3. ADENDA 2/Anexo 1 Arch. Digitales/Anexo 1.5 Actualización Excel Estimación de Emisiones/IE_Sector_Puerto/IE_CONSTRUCCIÓN_TOTAL_SECTOR_PUERTO_ADENDA2.xlsx,2. EIA 2040,3. ADENDA 2,IE_CONSTRUCCIÓN_TOTAL_SECTOR_PUERTO_ADENDA2.xlsx,xlsx,38446394,36.665,EIA 2040 / Adendas / Resolucion,Alta,Pendiente,
DOC-0456,antecedentes/2. EIA 2040/3. ADENDA 2/Anexo 1 Arch. Digitales/Anexo 1.5 Actualización Excel Estimación de Emisiones/IE_Sector_Puerto/IE_OPERACIÓN_TOTAL_SECTOR_PUERTO_ADENDA2.xlsx,2. EIA 2040,3. ADENDA 2,IE_OPERACIÓN_TOTAL_SECTOR_PUERTO_ADENDA2.xlsx,xlsx,1982963,1.891,EIA 2040 / Adendas / Resolucion,Alta,Pendiente,
DOC-0457,antecedentes/2. EIA 2040/3. ADENDA 2/Anexo 1 Arch. Digitales/Anexo 1.5 Actualización Excel Estimación de Emisiones/IE_Sector_Puerto/IE_TPTE_CIERRE_PUERTO_ADENDA2.xlsx,2. EIA 2040,3. ADENDA 2,IE_TPTE_CIERRE_PUERTO_ADENDA2.xlsx,xlsx,904233,0.862,EIA 2040 / Adendas / Resolucion,Alta,Pendiente,
DOC-0458,antecedentes/2. EIA 2040/3. ADENDA 2/Anexo 1 Arch. Digitales/Anexo 1.5 Actualización Excel Estimación de Emisiones/IE_Sector_Puerto/IE_TPTE_CONSTRUCCIÓN_PUERTO_ADENDA2.xlsx,2. EIA 2040,3. ADENDA 2,IE_TPTE_CONSTRUCCIÓN_PUERTO_ADENDA2.xlsx,xlsx,1643198,1.567,EIA 2040 / Adendas / Resolucion,Alta,Pendiente,
DOC-0459,antecedentes/2. EIA 2040/3. ADENDA 2/Anexo 1 Arch. Digitales/Anexo 1.5 Actualización Excel Estimación de Emisiones/IE_Sector_Puerto/IE_TPTE_OPERACIÓN_PUERTO_ADENDA2.xlsx,2. EIA 2040,3. ADENDA 2,IE_TPTE_OPERACIÓN_PUERTO_ADENDA2.xlsx,xlsx,469995,0.448,EIA 2040 / Adendas / Resolucion,Alta,Pendiente,
DOC-0460,antecedentes/2. EIA 2040/3. ADENDA 2/Anexo 1 Arch. Digitales/Anexo 1.5 Actualización Excel Estimación de Emisiones/Tapa Anexo 1.5.pdf,2. EIA 2040,3. ADENDA 2,Tapa Anexo 1.5.pdf,pdf,228253,0.218,EIA 2040 / Adendas / Resolucion,Alta,Pendiente,
DOC-0461,antecedentes/2. EIA 2040/3. ADENDA 2/Anexo 10 Act. Cap 11 Fichas Resumen/Anexo 10 Act. Cap 11 Fichas Resumen_Rev 0.pdf,2. EIA 2040,3. ADENDA 2,Anexo 10 Act. Cap 11 Fichas Resumen_Rev 0.pdf,pdf,1549242,1.477,EIA 2040 / Adendas / Resolucion,Alta,Pendiente,
DOC-0462,antecedentes/2. EIA 2040/3. ADENDA 2/Anexo 11 Act. PAC/Anexo 11.1 Actualización Anexo Particip Ciud_ Rev 1.pdf,2. EIA 2040,3. ADENDA 2,Anexo 11.1 Actualización Anexo Particip Ciud_ Rev 1.pdf,pdf,2161876,2.062,EIA 2040 / Adendas / Resolucion,Alta,Pendiente,
DOC-0463,antecedentes/2. EIA 2040/3. ADENDA 2/Anexo 11 Act. PAC/Anexo 11.2 Act. Anexo Particip Ciud Adicional_Rev 0.pdf,2. EIA 2040,3. ADENDA 2,Anexo 11.2 Act. Anexo Particip Ciud Adicional_Rev 0.pdf,pdf,253059,0.241,EIA 2040 / Adendas / Resolucion,Alta,Pendiente,
DOC-0464,antecedentes/2. EIA 2040/3. ADENDA 2/Anexo 11 Act. PAC/Apéndice 11.1-1 Certificado Notarial Rev 0.pdf,2. EIA 2040,3. ADENDA 2,Apéndice 11.1-1 Certificado Notarial Rev 0.pdf,pdf,1346795,1.284,EIA 2040 / Adendas / Resolucion,Alta,Pendiente,
DOC-0465,antecedentes/2. EIA 2040/3. ADENDA 2/Anexo 2 Láminas/Anexo 2.1 Plano Obras Proyecto Área Mina.pdf,2. EIA 2040,3. ADENDA 2,Anexo 2.1 Plano Obras Proyecto Área Mina.pdf,pdf,6950326,6.628,EIA 2040 / Adendas / Resolucion,Alta,Pendiente,
DOC-0466,antecedentes/2. EIA 2040/3. ADENDA 2/Anexo 3 Estudios Complementarios/Anexo 3.1 Modelo Conc y numérico Pit Lake Candelaria/Anexo 3.1 Modelo Conc y numérico Pit Lake Candelaria.pdf,2. EIA 2040,3. ADENDA 2,Anexo 3.1 Modelo Conc y numérico Pit Lake Candelaria.pdf,pdf,2673159,2.549,EIA 2040 / Adendas / Resolucion,Alta,Pendiente,
DOC-0467,antecedentes/2. EIA 2040/3. ADENDA 2/Anexo 3 Estudios Complementarios/Anexo 3.2 Campaña terreno flora DF jun-agos 2021.pdf,2. EIA 2040,3. ADENDA 2,Anexo 3.2 Campaña terreno flora DF jun-agos 2021.pdf,pdf,1425684,1.360,EIA 2040 / Adendas / Resolucion,Alta,Pendiente,
DOC-0468,antecedentes/2. EIA 2040/3. ADENDA 2/Anexo 3 Estudios Complementarios/Anexo 3.3 Act. Modelación/Anexo 3.3 Act. Modelación de Calidad del Aire.pdf,2. EIA 2040,3. ADENDA 2,Anexo 3.3 Act. Modelación de Calidad del Aire.pdf,pdf,43364399,41.356,EIA 2040 / Adendas / Resolucion,Alta,Pendiente,
DOC-0469,antecedentes/2. EIA 2040/3. ADENDA 2/Anexo 3 Estudios Complementarios/Anexo 3.3 Act. Modelación/Apendice 3.3-3 Archivos digitales/Fuentes_Emisión_Sector_Puerto/Fuentes_fase_cierre.kmz,2. EIA 2040,3. ADENDA 2,Fuentes_fase_cierre.kmz,kmz,10451,0.010,EIA 2040 / Adendas / Resolucion,Alta,Pendiente,
DOC-0470,antecedentes/2. EIA 2040/3. ADENDA 2/Anexo 3 Estudios Complementarios/Anexo 3.3 Act. Modelación/Apendice 3.3-3 Archivos digitales/Isoconcentraciones_Sector_Puerto/Isolineas_Cierre.kmz,2. EIA 2040,3. ADENDA 2,Isolineas_Cierre.kmz,kmz,152642,0.146,EIA 2040 / Adendas / Resolucion,Alta,Pendiente,
DOC-0471,antecedentes/2. EIA 2040/3. ADENDA 2/Anexo 3 Estudios Complementarios/Anexo 3.3 Act. Modelación/Apéndice 3.3-1 Archivos Dig Mod. Calidad del Aire_Mina.pdf,2. EIA 2040,3. ADENDA 2,Apéndice 3.3-1 Archivos Dig Mod. Calidad del Aire_Mina.pdf,pdf,100381,0.096,EIA 2040 / Adendas / Resolucion,Alta,Pendiente,
DOC-0472,antecedentes/2. EIA 2040/3. ADENDA 2/Anexo 3 Estudios Complementarios/Anexo 3.3 Act. Modelación/Apéndice 3.3-2 Archivos Dig Mod. Calidad del Aire_Puerto.pdf,2. EIA 2040,3. ADENDA 2,Apéndice 3.3-2 Archivos Dig Mod. Calidad del Aire_Puerto.pdf,pdf,87096,0.083,EIA 2040 / Adendas / Resolucion,Alta,Pendiente,
DOC-0473,antecedentes/2. EIA 2040/3. ADENDA 2/Anexo 3 Estudios Complementarios/Anexo 3.3 Act. Modelación/Apéndice 3.3-4 Catálogos de Maquinarias/Apéndice 3.3-4 Catálogos de Maquinarias.pdf,2. EIA 2040,3. ADENDA 2,Apéndice 3.3-4 Catálogos de Maquinarias.pdf,pdf,706660,0.674,EIA 2040 / Adendas / Resolucion,Alta,Pendiente,
DOC-0474,antecedentes/2. EIA 2040/3. ADENDA 2/Anexo 3 Estudios Complementarios/Anexo 3.3 Act. Modelación/Apéndice 3.3-4 Catálogos de Maquinarias/Apéndice 3.3-4.1/Camion Articulado 740 B.pdf,2. EIA 2040,3. ADENDA 2,Camion Articulado 740 B.pdf,pdf,7592042,7.240,EIA 2040 / Adendas / Resolucion,Alta,Pendiente,
DOC-0475,antecedentes/2. EIA 2040/3. ADENDA 2/Anexo 3 Estudios Complementarios/Anexo 3.3 Act. Modelación/Apéndice 3.3-4 Catálogos de Maquinarias/Apéndice 3.3-4.10/Cargador Frontal 988K.pdf,2. EIA 2040,3. ADENDA 2,Cargador Frontal 988K.pdf,pdf,834333,0.796,EIA 2040 / Adendas / Resolucion,Alta,Pendiente,
DOC-0476,antecedentes/2. EIA 2040/3. ADENDA 2/Anexo 3 Estudios Complementarios/Anexo 3.3 Act. Modelación/Apéndice 3.3-4 Catálogos de Maquinarias/Apéndice 3.3-4.11/D10T2_ok.pdf,2. EIA 2040,3. ADENDA 2,D10T2_ok.pdf,pdf,3839540,3.662,EIA 2040 / Adendas / Resolucion,Alta,Pendiente,
DOC-0477,antecedentes/2. EIA 2040/3. ADENDA 2/Anexo 3 Estudios Complementarios/Anexo 3.3 Act. Modelación/Apéndice 3.3-4 Catálogos de Maquinarias/Apéndice 3.3-4.12/Track Dill MD5075.pdf,2. EIA 2040,3. ADENDA 2,Track Dill MD5075.pdf,pdf,181611,0.173,EIA 2040 / Adendas / Resolucion,Alta,Pendiente,
DOC-0478,antecedentes/2. EIA 2040/3. ADENDA 2/Anexo 3 Estudios Complementarios/Anexo 3.3 Act. Modelación/Apéndice 3.3-4 Catálogos de Maquinarias/Apéndice 3.3-4.13/Cabrestante 3ton_ok.pdf,2. EIA 2040,3. ADENDA 2,Cabrestante 3ton_ok.pdf,pdf,228381,0.218,EIA 2040 / Adendas / Resolucion,Alta,Pendiente,
DOC-0479,antecedentes/2. EIA 2040/3. ADENDA 2/Anexo 3 Estudios Complementarios/Anexo 3.3 Act. Modelación/Apéndice 3.3-4 Catálogos de Maquinarias/Apéndice 3.3-4.14/maquina_freno_42Kw_ok.pdf,2. EIA 2040,3. ADENDA 2,maquina_freno_42Kw_ok.pdf,pdf,170444,0.163,EIA 2040 / Adendas / Resolucion,Alta,Pendiente,
DOC-0480,antecedentes/2. EIA 2040/3. ADENDA 2/Anexo 3 Estudios Complementarios/Anexo 3.3 Act. Modelación/Apéndice 3.3-4 Catálogos de Maquinarias/Apéndice 3.3-4.15/Maquina_de_Tiro_ok_25KW_ok.pdf,2. EIA 2040,3. ADENDA 2,Maquina_de_Tiro_ok_25KW_ok.pdf,pdf,265084,0.253,EIA 2040 / Adendas / Resolucion,Alta,Pendiente,
DOC-0481,antecedentes/2. EIA 2040/3. ADENDA 2/Anexo 3 Estudios Complementarios/Anexo 3.3 Act. Modelación/Apéndice 3.3-4 Catálogos de Maquinarias/Apéndice 3.3-4.2/Camion_MIXER-mDRIVE-E5-1_ok.pdf,2. EIA 2040,3. ADENDA 2,Camion_MIXER-mDRIVE-E5-1_ok.pdf,pdf,388581,0.371,EIA 2040 / Adendas / Resolucion,Alta,Pendiente,
DOC-0482,antecedentes/2. EIA 2040/3. ADENDA 2/Anexo 3 Estudios Complementarios/Anexo 3.3 Act. Modelación/Apéndice 3.3-4 Catálogos de Maquinarias/Apéndice 3.3-4.3/Retroexcavadora 420F_ok.pdf,2. EIA 2040,3. ADENDA 2,Retroexcavadora 420F_ok.pdf,pdf,465952,0.444,EIA 2040 / Adendas / Resolucion,Alta,Pendiente,
DOC-0483,antecedentes/2. EIA 2040/3. ADENDA 2/Anexo 3 Estudios Complementarios/Anexo 3.3 Act. Modelación/Apéndice 3.3-4 Catálogos de Maquinarias/Apéndice 3.3-4.4/Excavadora 336.pdf,2. EIA 2040,3. ADENDA 2,Excavadora 336.pdf,pdf,228204,0.218,EIA 2040 / Adendas / Resolucion,Alta,Pendiente,
DOC-0484,antecedentes/2. EIA 2040/3. ADENDA 2/Anexo 3 Estudios Complementarios/Anexo 3.3 Act. Modelación/Apéndice 3.3-4 Catálogos de Maquinarias/Apéndice 3.3-4.5/Motoniveladora 16m.pdf,2. EIA 2040,3. ADENDA 2,Motoniveladora 16m.pdf,pdf,3249031,3.099,EIA 2040 / Adendas / Resolucion,Alta,Pendiente,
DOC-0485,antecedentes/2. EIA 2040/3. ADENDA 2/Anexo 3 Estudios Complementarios/Anexo 3.3 Act. Modelación/Apéndice 3.3-4 Catálogos de Maquinarias/Apéndice 3.3-4.6/CS74B.pdf,2. EIA 2040,3. ADENDA 2,CS74B.pdf,pdf,498113,0.475,EIA 2040 / Adendas / Resolucion,Alta,Pendiente,
DOC-0486,antecedentes/2. EIA 2040/3. ADENDA 2/Anexo 3 Estudios Complementarios/Anexo 3.3 Act. Modelación/Apéndice 3.3-4 Catálogos de Maquinarias/Apéndice 3.3-4.7/Grua_ok.pdf,2. EIA 2040,3. ADENDA 2,Grua_ok.pdf,pdf,4244837,4.048,EIA 2040 / Adendas / Resolucion,Alta,Pendiente,
DOC-0487,antecedentes/2. EIA 2040/3. ADENDA 2/Anexo 3 Estudios Complementarios/Anexo 3.3 Act. Modelación/Apéndice 3.3-4 Catálogos de Maquinarias/Apéndice 3.3-4.8/Grua Horquilla_ok.pdf,2. EIA 2040,3. ADENDA 2,Grua Horquilla_ok.pdf,pdf,1967453,1.876,EIA 2040 / Adendas / Resolucion,Alta,Pendiente,
DOC-0488,antecedentes/2. EIA 2040/3. ADENDA 2/Anexo 3 Estudios Complementarios/Anexo 3.3 Act. Modelación/Apéndice 3.3-4 Catálogos de Maquinarias/Apéndice 3.3-4.9/Perforadora Roc L8_ok.pdf,2. EIA 2040,3. ADENDA 2,Perforadora Roc L8_ok.pdf,pdf,223747,0.213,EIA 2040 / Adendas / Resolucion,Alta,Pendiente,
DOC-0489,antecedentes/2. EIA 2040/3. ADENDA 2/Anexo 3 Estudios Complementarios/Anexo 3.3 Act. Modelación/Apéndice 3.3-5 Informe/Acápite 3.3-5-1 Informe Medicion de Terreno.zip,2. EIA 2040,3. ADENDA 2,Acápite 3.3-5-1 Informe Medicion de Terreno.zip,zip,25764032,24.570,EIA 2040 / Adendas / Resolucion,Alta,Pendiente,
DOC-0490,antecedentes/2. EIA 2040/3. ADENDA 2/Anexo 3 Estudios Complementarios/Anexo 3.3 Act. Modelación/Apéndice 3.3-5 Informe/Apéndice 3.3-5 Informe validación Eficiencia.pdf,2. EIA 2040,3. ADENDA 2,Apéndice 3.3-5 Informe validación Eficiencia.pdf,pdf,1901180,1.813,EIA 2040 / Adendas / Resolucion,Alta,Pendiente,
DOC-0491,antecedentes/2. EIA 2040/3. ADENDA 2/Anexo 3 Estudios Complementarios/Anexo 3.3 Act. Modelación/Apéndice 3.3-6 Certificado de Muestras de Suelos.pdf,2. EIA 2040,3. ADENDA 2,Apéndice 3.3-6 Certificado de Muestras de Suelos.pdf,pdf,492327,0.470,EIA 2040 / Adendas / Resolucion,Alta,Pendiente,
DOC-0492,antecedentes/2. EIA 2040/3. ADENDA 2/Anexo 3 Estudios Complementarios/Anexo 3.4 Análisis Cambio Climatico.pdf,2. EIA 2040,3. ADENDA 2,Anexo 3.4 Análisis Cambio Climatico.pdf,pdf,1918722,1.830,EIA 2040 / Adendas / Resolucion,Alta,Pendiente,
DOC-0493,antecedentes/2. EIA 2040/3. ADENDA 2/Anexo 3 Estudios Complementarios/Anexo 3.5 Recuperación del Lago.pdf,2. EIA 2040,3. ADENDA 2,Anexo 3.5 Recuperación del Lago.pdf,pdf,715813,0.683,EIA 2040 / Adendas / Resolucion,Alta,Pendiente,
DOC-0494,antecedentes/2. EIA 2040/3. ADENDA 2/Anexo 4 Otros Documentos/Anexo 4.1/Anexo 4.1 Traducción Anexo J Norma Australiana.pdf,2. EIA 2040,3. ADENDA 2,Anexo 4.1 Traducción Anexo J Norma Australiana.pdf,pdf,2310987,2.204,EIA 2040 / Adendas / Resolucion,Alta,Pendiente,
DOC-0495,antecedentes/2. EIA 2040/3. ADENDA 2/Anexo 4 Otros Documentos/Anexo 4.10/Anexo 4.10 KP 2019 (b) Rev 0.pdf,2. EIA 2040,3. ADENDA 2,Anexo 4.10 KP 2019 (b) Rev 0.pdf,pdf,4093819,3.904,EIA 2040 / Adendas / Resolucion,Alta,Pendiente,
DOC-0496,antecedentes/2. EIA 2040/3. ADENDA 2/Anexo 4 Otros Documentos/Anexo 4.11/Anexo 4.11 Fase 1 Programa Inv. Terreno Rev 0.pdf,2. EIA 2040,3. ADENDA 2,Anexo 4.11 Fase 1 Programa Inv. Terreno Rev 0.pdf,pdf,101259188,96.568,EIA 2040 / Adendas / Resolucion,Alta,Pendiente,
DOC-0497,antecedentes/2. EIA 2040/3. ADENDA 2/Anexo 4 Otros Documentos/Anexo 4.12/Anexo 4.12 Fase 2 Programa Inv. Terreno. Rev 0.pdf,2. EIA 2040,3. ADENDA 2,Anexo 4.12 Fase 2 Programa Inv. Terreno. Rev 0.pdf,pdf,3950870,3.768,EIA 2040 / Adendas / Resolucion,Alta,Pendiente,
DOC-0498,antecedentes/2. EIA 2040/3. ADENDA 2/Anexo 4 Otros Documentos/Anexo 4.13/Anexo 4.13 Informe KP 2021 Rev 0.pdf,2. EIA 2040,3. ADENDA 2,Anexo 4.13 Informe KP 2021 Rev 0.pdf,pdf,1023925,0.976,EIA 2040 / Adendas / Resolucion,Alta,Pendiente,
DOC-0499,antecedentes/2. EIA 2040/3. ADENDA 2/Anexo 4 Otros Documentos/Anexo 4.14/Anexo 4.14 Extracto Informe Arcadis 2013.pdf,2. EIA 2040,3. ADENDA 2,Anexo 4.14 Extracto Informe Arcadis 2013.pdf,pdf,115409,0.110,EIA 2040 / Adendas / Resolucion,Alta,Pendiente,
DOC-0500,antecedentes/2. EIA 2040/3. ADENDA 2/Anexo 4 Otros Documentos/Anexo 4.15/Anexo 4.15 Informes Laboratorios Rev 0.pdf,2. EIA 2040,3. ADENDA 2,Anexo 4.15 Informes Laboratorios Rev 0.pdf,pdf,2394610,2.284,EIA 2040 / Adendas / Resolucion,Alta,Pendiente,
DOC-0501,antecedentes/2. EIA 2040/3. ADENDA 2/Anexo 4 Otros Documentos/Anexo 4.16/Anexo 4.16 Act. Resumen Adecuaciones_Rev 0.pdf,2. EIA 2040,3. ADENDA 2,Anexo 4.16 Act. Resumen Adecuaciones_Rev 0.pdf,pdf,2706183,2.581,EIA 2040 / Adendas / Resolucion,Alta,Pendiente,
DOC-0502,antecedentes/2. EIA 2040/3. ADENDA 2/Anexo 4 Otros Documentos/Anexo 4.17/Anexo 4.17 Cálculos teóricos Tronadura Rev 1.pdf,2. EIA 2040,3. ADENDA 2,Anexo 4.17 Cálculos teóricos Tronadura Rev 1.pdf,pdf,189153,0.180,EIA 2040 / Adendas / Resolucion,Alta,Pendiente,
DOC-0503,antecedentes/2. EIA 2040/3. ADENDA 2/Anexo 4 Otros Documentos/Anexo 4.18/Anexo 4.18 Resultados Modelación Numérica.pdf,2. EIA 2040,3. ADENDA 2,Anexo 4.18 Resultados Modelación Numérica.pdf,pdf,80587,0.077,EIA 2040 / Adendas / Resolucion,Alta,Pendiente,
DOC-0504,antecedentes/2. EIA 2040/3. ADENDA 2/Anexo 4 Otros Documentos/Anexo 4.19/Anexo 4.19 Secciones Tipo.pdf,2. EIA 2040,3. ADENDA 2,Anexo 4.19 Secciones Tipo.pdf,pdf,980160,0.935,EIA 2040 / Adendas / Resolucion,Alta,Pendiente,
DOC-0505,antecedentes/2. EIA 2040/3. ADENDA 2/Anexo 4 Otros Documentos/Anexo 4.2/Anexo 4.2 Certificado Calibración flujómetro Rev 1.pdf,2. EIA 2040,3. ADENDA 2,Anexo 4.2 Certificado Calibración flujómetro Rev 1.pdf,pdf,69290,0.066,EIA 2040 / Adendas / Resolucion,Alta,Pendiente,
DOC-0506,antecedentes/2. EIA 2040/3. ADENDA 2/Anexo 4 Otros Documentos/Anexo 4.3/Anexo 4.3 Informe URS 2014 (ESP) Rev 0.pdf,2. EIA 2040,3. ADENDA 2,Anexo 4.3 Informe URS 2014 (ESP) Rev 0.pdf,pdf,13677877,13.044,EIA 2040 / Adendas / Resolucion,Alta,Pendiente,
DOC-0507,antecedentes/2. EIA 2040/3. ADENDA 2/Anexo 4 Otros Documentos/Anexo 4.4/Anexo 4.4 Informe AMEC 2019 Rev 0.pdf,2. EIA 2040,3. ADENDA 2,Anexo 4.4 Informe AMEC 2019 Rev 0.pdf,pdf,14582645,13.907,EIA 2040 / Adendas / Resolucion,Alta,Pendiente,
DOC-0508,antecedentes/2. EIA 2040/3. ADENDA 2/Anexo 4 Otros Documentos/Anexo 4.5/Anexo 4.5 Informe MWH 2015 Rev 0.pdf,2. EIA 2040,3. ADENDA 2,Anexo 4.5 Informe MWH 2015 Rev 0.pdf,pdf,57066811,54.423,EIA 2040 / Adendas / Resolucion,Alta,Pendiente,
DOC-0509,antecedentes/2. EIA 2040/3. ADENDA 2/Anexo 4 Otros Documentos/Anexo 4.6/Anexo 4.6 Informe ARCADIS 2010 Rev 0.pdf,2. EIA 2040,3. ADENDA 2,Anexo 4.6 Informe ARCADIS 2010 Rev 0.pdf,pdf,5444589,5.192,EIA 2040 / Adendas / Resolucion,Alta,Pendiente,
DOC-0510,antecedentes/2. EIA 2040/3. ADENDA 2/Anexo 4 Otros Documentos/Anexo 4.7/Anexo 4.7 Informe AMEC 2018 Rev 0.pdf,2. EIA 2040,3. ADENDA 2,Anexo 4.7 Informe AMEC 2018 Rev 0.pdf,pdf,21326223,20.338,EIA 2040 / Adendas / Resolucion,Alta,Pendiente,
DOC-0511,antecedentes/2. EIA 2040/3. ADENDA 2/Anexo 4 Otros Documentos/Anexo 4.8/Anexo 4.8 Informe CCMC 2014 Rev 0.pdf,2. EIA 2040,3. ADENDA 2,Anexo 4.8 Informe CCMC 2014 Rev 0.pdf,pdf,4689562,4.472,EIA 2040 / Adendas / Resolucion,Alta,Pendiente,
DOC-0512,antecedentes/2. EIA 2040/3. ADENDA 2/Anexo 4 Otros Documentos/Anexo 4.9/Anexo 4.9 KP 2019 (a) Rev 0.pdf,2. EIA 2040,3. ADENDA 2,Anexo 4.9 KP 2019 (a) Rev 0.pdf,pdf,1081616,1.032,EIA 2040 / Adendas / Resolucion,Alta,Pendiente,
DOC-0513,antecedentes/2. EIA 2040/3. ADENDA 2/Anexo 5 Act. Cap. 9 Plan Cumpl/Anexo 5 Actualiz Cap 9_Rev 0.pdf,2. EIA 2040,3. ADENDA 2,Anexo 5 Actualiz Cap 9_Rev 0.pdf,pdf,1196245,1.141,EIA 2040 / Adendas / Resolucion,Alta,Pendiente,
DOC-0514,antecedentes/2. EIA 2040/3. ADENDA 2/Anexo 6 Act. PAS/Anexo 6.1 Act. PAS 119_Rev 0.pdf,2. EIA 2040,3. ADENDA 2,Anexo 6.1 Act. PAS 119_Rev 0.pdf,pdf,773590,0.738,EIA 2040 / Adendas / Resolucion,Alta,Pendiente,
DOC-0515,antecedentes/2. EIA 2040/3. ADENDA 2/Anexo 6 Act. PAS/Anexo 6.2 Act. PAS 132_Rev 0.pdf,2. EIA 2040,3. ADENDA 2,Anexo 6.2 Act. PAS 132_Rev 0.pdf,pdf,14172336,13.516,EIA 2040 / Adendas / Resolucion,Alta,Pendiente,
DOC-0516,antecedentes/2. EIA 2040/3. ADENDA 2/Anexo 6 Act. PAS/Anexo 6.3 Act. PAS 146_Rev 3/Anexo 6.3 Act. PAS 146_Rev 3.pdf,2. EIA 2040,3. ADENDA 2,Anexo 6.3 Act. PAS 146_Rev 3.pdf,pdf,1693227,1.615,EIA 2040 / Adendas / Resolucion,Alta,Pendiente,
DOC-0517,antecedentes/2. EIA 2040/3. ADENDA 2/Anexo 6 Act. PAS/Anexo 6.3 Act. PAS 146_Rev 3/Apéndice 6.3-1/Areas_de_relocalizacion_de_fauna.cpg,2. EIA 2040,3. ADENDA 2,Areas_de_relocalizacion_de_fauna.cpg,cpg,5,0.000,EIA 2040 / Adendas / Resolucion,Alta,Pendiente,
DOC-0518,antecedentes/2. EIA 2040/3. ADENDA 2/Anexo 6 Act. PAS/Anexo 6.3 Act. PAS 146_Rev 3/Apéndice 6.3-1/Areas_de_relocalizacion_de_fauna.dbf,2. EIA 2040,3. ADENDA 2,Areas_de_relocalizacion_de_fauna.dbf,dbf,838,0.001,EIA 2040 / Adendas / Resolucion,Alta,Pendiente,
DOC-0519,antecedentes/2. EIA 2040/3. ADENDA 2/Anexo 6 Act. PAS/Anexo 6.3 Act. PAS 146_Rev 3/Apéndice 6.3-1/Areas_de_relocalizacion_de_fauna.kmz,2. EIA 2040,3. ADENDA 2,Areas_de_relocalizacion_de_fauna.kmz,kmz,4363,0.004,EIA 2040 / Adendas / Resolucion,Alta,Pendiente,
DOC-0520,antecedentes/2. EIA 2040/3. ADENDA 2/Anexo 6 Act. PAS/Anexo 6.3 Act. PAS 146_Rev 3/Apéndice 6.3-1/Areas_de_relocalizacion_de_fauna.prj,2. EIA 2040,3. ADENDA 2,Areas_de_relocalizacion_de_fauna.prj,prj,409,0.000,EIA 2040 / Adendas / Resolucion,Alta,Pendiente,
DOC-0521,antecedentes/2. EIA 2040/3. ADENDA 2/Anexo 6 Act. PAS/Anexo 6.3 Act. PAS 146_Rev 3/Apéndice 6.3-1/Areas_de_relocalizacion_de_fauna.sbn,2. EIA 2040,3. ADENDA 2,Areas_de_relocalizacion_de_fauna.sbn,sbn,180,0.000,EIA 2040 / Adendas / Resolucion,Alta,Pendiente,
DOC-0522,antecedentes/2. EIA 2040/3. ADENDA 2/Anexo 6 Act. PAS/Anexo 6.3 Act. PAS 146_Rev 3/Apéndice 6.3-1/Areas_de_relocalizacion_de_fauna.sbx,2. EIA 2040,3. ADENDA 2,Areas_de_relocalizacion_de_fauna.sbx,sbx,124,0.000,EIA 2040 / Adendas / Resolucion,Alta,Pendiente,
DOC-0523,antecedentes/2. EIA 2040/3. ADENDA 2/Anexo 6 Act. PAS/Anexo 6.3 Act. PAS 146_Rev 3/Apéndice 6.3-1/Areas_de_relocalizacion_de_fauna.shp,2. EIA 2040,3. ADENDA 2,Areas_de_relocalizacion_de_fauna.shp,shp,5068,0.005,EIA 2040 / Adendas / Resolucion,Alta,Pendiente,
DOC-0524,antecedentes/2. EIA 2040/3. ADENDA 2/Anexo 6 Act. PAS/Anexo 6.3 Act. PAS 146_Rev 3/Apéndice 6.3-1/Areas_de_relocalizacion_de_fauna.shp.xml,2. EIA 2040,3. ADENDA 2,Areas_de_relocalizacion_de_fauna.shp.xml,xml,12156,0.012,EIA 2040 / Adendas / Resolucion,Alta,Pendiente,
DOC-0525,antecedentes/2. EIA 2040/3. ADENDA 2/Anexo 6 Act. PAS/Anexo 6.3 Act. PAS 146_Rev 3/Apéndice 6.3-1/Areas_de_relocalizacion_de_fauna.shx,2. EIA 2040,3. ADENDA 2,Areas_de_relocalizacion_de_fauna.shx,shx,132,0.000,EIA 2040 / Adendas / Resolucion,Alta,Pendiente,
DOC-0526,antecedentes/2. EIA 2040/3. ADENDA 2/Anexo 6 Act. PAS/Anexo 6.3 Act. PAS 146_Rev 3/Apéndice 6.3-1/Tapa Apéndice 6.3-1.pdf,2. EIA 2040,3. ADENDA 2,Tapa Apéndice 6.3-1.pdf,pdf,321382,0.306,EIA 2040 / Adendas / Resolucion,Alta,Pendiente,
DOC-0527,antecedentes/2. EIA 2040/3. ADENDA 2/Anexo 6 Act. PAS/Anexo 6.4 Act. Complemento PAS 156_rev 2.pdf,2. EIA 2040,3. ADENDA 2,Anexo 6.4 Act. Complemento PAS 156_rev 2.pdf,pdf,81960744,78.164,EIA 2040 / Adendas / Resolucion,Alta,Pendiente,
DOC-0528,antecedentes/2. EIA 2040/3. ADENDA 2/Anexo 6 Act. PAS/Anexo 6.5 PAS 156 - Obras Mineras_Rev 0.pdf,2. EIA 2040,3. ADENDA 2,Anexo 6.5 PAS 156 - Obras Mineras_Rev 0.pdf,pdf,1223922,1.167,EIA 2040 / Adendas / Resolucion,Alta,Pendiente,
DOC-0529,antecedentes/2. EIA 2040/3. ADENDA 2/Anexo 7 Act. Cap. 6 Medidas/Anexo 7 Act. Cap. 6 Medidas_Rev 1.pdf,2. EIA 2040,3. ADENDA 2,Anexo 7 Act. Cap. 6 Medidas_Rev 1.pdf,pdf,2217176,2.114,EIA 2040 / Adendas / Resolucion,Alta,Pendiente,
DOC-0530,antecedentes/2. EIA 2040/3. ADENDA 2/Anexo 7 Act. Cap. 6 Medidas/Apéndice 7.1 Act. Plan de Humectacion_Rev 0.pdf,2. EIA 2040,3. ADENDA 2,Apéndice 7.1 Act. Plan de Humectacion_Rev 0.pdf,pdf,2871087,2.738,EIA 2040 / Adendas / Resolucion,Alta,Pendiente,
DOC-0531,antecedentes/2. EIA 2040/3. ADENDA 2/Anexo 7 Act. Cap. 6 Medidas/Apéndice 7.2.zip,2. EIA 2040,3. ADENDA 2,Apéndice 7.2.zip,zip,4034183,3.847,EIA 2040 / Adendas / Resolucion,Alta,Pendiente,
DOC-0532,antecedentes/2. EIA 2040/3. ADENDA 2/Anexo 7 Act. Cap. 6 Medidas/Apéndice 7.2/Acápite 7.2-1/Acápite 7.2-1 Microruteo Rev_0.pdf,2. EIA 2040,3. ADENDA 2,Acápite 7.2-1 Microruteo Rev_0.pdf,pdf,2446610,2.333,EIA 2040 / Adendas / Resolucion,Alta,Pendiente,
DOC-0533,antecedentes/2. EIA 2040/3. ADENDA 2/Anexo 7 Act. Cap. 6 Medidas/Apéndice 7.2/Acápite 7.2-1/Subacápite 7.2-2/Subacápite 7.2-2_Base datos Microruteo Consolid.xlsx,2. EIA 2040,3. ADENDA 2,Subacápite 7.2-2_Base datos Microruteo Consolid.xlsx,xlsx,26464,0.025,EIA 2040 / Adendas / Resolucion,Alta,Pendiente,
DOC-0534,antecedentes/2. EIA 2040/3. ADENDA 2/Anexo 7 Act. Cap. 6 Medidas/Apéndice 7.2/Acápite 7.2-1/Subacápite 7.2-2/Tapa Subacápite 7.2-2 Base Datos Microruteo.pdf,2. EIA 2040,3. ADENDA 2,Tapa Subacápite 7.2-2 Base Datos Microruteo.pdf,pdf,106995,0.102,EIA 2040 / Adendas / Resolucion,Alta,Pendiente,
DOC-0535,antecedentes/2. EIA 2040/3. ADENDA 2/Anexo 7 Act. Cap. 6 Medidas/Apéndice 7.2/Acápite 7.2-1/Subacápite 7.2-3/5283-Track Prospección Dron.kmz,2. EIA 2040,3. ADENDA 2,5283-Track Prospección Dron.kmz,kmz,5180,0.005,EIA 2040 / Adendas / Resolucion,Alta,Pendiente,
DOC-0536,antecedentes/2. EIA 2040/3. ADENDA 2/Anexo 7 Act. Cap. 6 Medidas/Apéndice 7.2/Acápite 7.2-1/Subacápite 7.2-3/5283-Track prospección pedestre .kmz,2. EIA 2040,3. ADENDA 2,5283-Track prospección pedestre .kmz,kmz,603988,0.576,EIA 2040 / Adendas / Resolucion,Alta,Pendiente,
DOC-0537,antecedentes/2. EIA 2040/3. ADENDA 2/Anexo 7 Act. Cap. 6 Medidas/Apéndice 7.2/Acápite 7.2-1/Subacápite 7.2-3/5283_Microruteo_2021.kmz,2. EIA 2040,3. ADENDA 2,5283_Microruteo_2021.kmz,kmz,10060,0.010,EIA 2040 / Adendas / Resolucion,Alta,Pendiente,
DOC-0538,antecedentes/2. EIA 2040/3. ADENDA 2/Anexo 7 Act. Cap. 6 Medidas/Apéndice 7.2/Acápite 7.2-1/Subacápite 7.2-3/Tapa Subacápite 7.2-3 Arch. Digitales Kmz.pdf,2. EIA 2040,3. ADENDA 2,Tapa Subacápite 7.2-3 Arch. Digitales Kmz.pdf,pdf,26074,0.025,EIA 2040 / Adendas / Resolucion,Alta,Pendiente,
DOC-0539,antecedentes/2. EIA 2040/3. ADENDA 2/Anexo 7 Act. Cap. 6 Medidas/Apéndice 7.2/Apéndice 7.2 Plan Manejo_Rev 1.pdf,2. EIA 2040,3. ADENDA 2,Apéndice 7.2 Plan Manejo_Rev 1.pdf,pdf,1140245,1.087,EIA 2040 / Adendas / Resolucion,Alta,Pendiente,
DOC-0540,antecedentes/2. EIA 2040/3. ADENDA 2/Anexo 7 Act. Cap. 6 Medidas/Apéndice 7.3.zip,2. EIA 2040,3. ADENDA 2,Apéndice 7.3.zip,zip,7836955,7.474,EIA 2040 / Adendas / Resolucion,Alta,Pendiente,
DOC-0541,antecedentes/2. EIA 2040/3. ADENDA 2/Anexo 7 Act. Cap. 6 Medidas/Apéndice 7.3/Acápite 7.3-1/7.3.1 Planilla Emisiones.xlsx,2. EIA 2040,3. ADENDA 2,7.3.1 Planilla Emisiones.xlsx,xlsx,42410,0.040,EIA 2040 / Adendas / Resolucion,Alta,Pendiente,
DOC-0542,antecedentes/2. EIA 2040/3. ADENDA 2/Anexo 7 Act. Cap. 6 Medidas/Apéndice 7.3/Acápite 7.3-1/Tapa Acápite 7.3.1.pdf,2. EIA 2040,3. ADENDA 2,Tapa Acápite 7.3.1.pdf,pdf,101452,0.097,EIA 2040 / Adendas / Resolucion,Alta,Pendiente,
DOC-0543,antecedentes/2. EIA 2040/3. ADENDA 2/Anexo 7 Act. Cap. 6 Medidas/Apéndice 7.3/Acápite 7.3-2/7.3.2 Respaldo_Modelos.zip,2. EIA 2040,3. ADENDA 2,7.3.2 Respaldo_Modelos.zip,zip,6266073,5.976,EIA 2040 / Adendas / Resolucion,Alta,Pendiente,
DOC-0544,antecedentes/2. EIA 2040/3. ADENDA 2/Anexo 7 Act. Cap. 6 Medidas/Apéndice 7.3/Acápite 7.3-2/Tapa Acápite 7.3.2.pdf,2. EIA 2040,3. ADENDA 2,Tapa Acápite 7.3.2.pdf,pdf,148014,0.141,EIA 2040 / Adendas / Resolucion,Alta,Pendiente,
DOC-0545,antecedentes/2. EIA 2040/3. ADENDA 2/Anexo 7 Act. Cap. 6 Medidas/Apéndice 7.3/Apéndice 7.3 Act. Medida Comp Aire_Rev 0.pdf,2. EIA 2040,3. ADENDA 2,Apéndice 7.3 Act. Medida Comp Aire_Rev 0.pdf,pdf,2799027,2.669,EIA 2040 / Adendas / Resolucion,Alta,Pendiente,
DOC-0546,antecedentes/2. EIA 2040/3. ADENDA 2/Anexo 7 Act. Cap. 6 Medidas/Apéndice 7.4 Protoc de Reproducción. Rev 0.pdf,2. EIA 2040,3. ADENDA 2,Apéndice 7.4 Protoc de Reproducción. Rev 0.pdf,pdf,1047151,0.999,EIA 2040 / Adendas / Resolucion,Alta,Pendiente,
DOC-0547,antecedentes/2. EIA 2040/3. ADENDA 2/Anexo 8 Act. Cap 8 Plan Seguim Amb/Anexo 8 Act. Cap 8 Plan Segum Amb_Rev 1.pdf,2. EIA 2040,3. ADENDA 2,Anexo 8 Act. Cap 8 Plan Segum Amb_Rev 1.pdf,pdf,387883,0.370,EIA 2040 / Adendas / Resolucion,Alta,Pendiente,
DOC-0548,antecedentes/2. EIA 2040/3. ADENDA 2/Anexo 8 Act. Cap 8 Plan Seguim Amb/Apéndice 8.1 Plan Seguim Amb Rec Hídricos/Apéndice 8.1 Plan Seguim Amb Recurs Hídricos_Rev1.pdf,2. EIA 2040,3. ADENDA 2,Apéndice 8.1 Plan Seguim Amb Recurs Hídricos_Rev1.pdf,pdf,3115137,2.971,EIA 2040 / Adendas / Resolucion,Alta,Pendiente,
DOC-0549,antecedentes/2. EIA 2040/3. ADENDA 2/Anexo 8 Act. Cap 8 Plan Seguim Amb/Apéndice 8.2 Kmz Ptos Monitoreo/2022-05-02_PSA Candelaria 2040.kmz,2. EIA 2040,3. ADENDA 2,2022-05-02_PSA Candelaria 2040.kmz,kmz,3207,0.003,EIA 2040 / Adendas / Resolucion,Alta,Pendiente,
DOC-0550,antecedentes/2. EIA 2040/3. ADENDA 2/Anexo 8 Act. Cap 8 Plan Seguim Amb/Apéndice 8.2 Kmz Ptos Monitoreo/Calidad del Aire.kmz,2. EIA 2040,3. ADENDA 2,Calidad del Aire.kmz,kmz,1139,0.001,EIA 2040 / Adendas / Resolucion,Alta,Pendiente,
DOC-0551,antecedentes/2. EIA 2040/3. ADENDA 2/Anexo 8 Act. Cap 8 Plan Seguim Amb/Apéndice 8.2 Kmz Ptos Monitoreo/Medio Marino.kmz,2. EIA 2040,3. ADENDA 2,Medio Marino.kmz,kmz,2868,0.003,EIA 2040 / Adendas / Resolucion,Alta,Pendiente,
DOC-0552,antecedentes/2. EIA 2040/3. ADENDA 2/Anexo 8 Act. Cap 8 Plan Seguim Amb/Apéndice 8.2 Kmz Ptos Monitoreo/Plan Seguim - Ruido.kmz,2. EIA 2040,3. ADENDA 2,Plan Seguim - Ruido.kmz,kmz,3219,0.003,EIA 2040 / Adendas / Resolucion,Alta,Pendiente,
DOC-0553,antecedentes/2. EIA 2040/3. ADENDA 2/Anexo 8 Act. Cap 8 Plan Seguim Amb/Apéndice 8.2 Kmz Ptos Monitoreo/Plan Seguim - Vibraciones.kmz,2. EIA 2040,3. ADENDA 2,Plan Seguim - Vibraciones.kmz,kmz,2838,0.003,EIA 2040 / Adendas / Resolucion,Alta,Pendiente,
DOC-0554,antecedentes/2. EIA 2040/3. ADENDA 2/Anexo 8 Act. Cap 8 Plan Seguim Amb/Apéndice 8.2 Kmz Ptos Monitoreo/Tapa Apéndice 8.2.pdf,2. EIA 2040,3. ADENDA 2,Tapa Apéndice 8.2.pdf,pdf,241790,0.231,EIA 2040 / Adendas / Resolucion,Alta,Pendiente,
DOC-0555,antecedentes/2. EIA 2040/3. ADENDA 2/Anexo 8 Act. Cap 8 Plan Seguim Amb/Apéndice 8.3 Lámina Puntos Monit Rec Hídricos/Apéndice 8.3 Lámina Ptos Mon. Rec. Hídricos.pdf,2. EIA 2040,3. ADENDA 2,Apéndice 8.3 Lámina Ptos Mon. Rec. Hídricos.pdf,pdf,5158145,4.919,EIA 2040 / Adendas / Resolucion,Alta,Pendiente,
DOC-0556,antecedentes/2. EIA 2040/3. ADENDA 2/Anexo 9 Act. Cap 10 CompAmb/Anexo 9 Act. Cap 10 Compromisos Amb_Rev 1.pdf,2. EIA 2040,3. ADENDA 2,Anexo 9 Act. Cap 10 Compromisos Amb_Rev 1.pdf,pdf,490976,0.468,EIA 2040 / Adendas / Resolucion,Alta,Pendiente,
DOC-0557,antecedentes/2. EIA 2040/3. ADENDA 2/Anexo 9 Act. Cap 10 CompAmb/Apéndice 9.1 Informe PMO.zip,2. EIA 2040,3. ADENDA 2,Apéndice 9.1 Informe PMO.zip,zip,3847590,3.669,EIA 2040 / Adendas / Resolucion,Alta,Pendiente,
DOC-0558,antecedentes/2. EIA 2040/3. ADENDA 2/Anexo 9 Act. Cap 10 CompAmb/Apéndice 9.1 Informe PMO/2022-05-02_PMO Candelaria 2040.kmz,2. EIA 2040,3. ADENDA 2,2022-05-02_PMO Candelaria 2040.kmz,kmz,3392,0.003,EIA 2040 / Adendas / Resolucion,Alta,Pendiente,
DOC-0559,antecedentes/2. EIA 2040/3. ADENDA 2/Anexo 9 Act. Cap 10 CompAmb/Apéndice 9.1 Informe PMO/5283-20220505 Puntos de monitoreo PMO.pdf,2. EIA 2040,3. ADENDA 2,5283-20220505 Puntos de monitoreo PMO.pdf,pdf,3852473,3.674,EIA 2040 / Adendas / Resolucion,Alta,Pendiente,
DOC-0560,antecedentes/2. EIA 2040/3. ADENDA 2/Anexo 9 Act. Cap 10 CompAmb/Apéndice 9.1 Informe PMO/Apéndice 9.1 Plan Monitoreo Oper_Rev 1.pdf,2. EIA 2040,3. ADENDA 2,Apéndice 9.1 Plan Monitoreo Oper_Rev 1.pdf,pdf,733737,0.700,EIA 2040 / Adendas / Resolucion,Alta,Pendiente,
DOC-0561,antecedentes/2. EIA 2040/3. ADENDA 2/Anexo 9 Act. Cap 10 CompAmb/Apéndice 9.2 Informe PMI.zip,2. EIA 2040,3. ADENDA 2,Apéndice 9.2 Informe PMI.zip,zip,85627073,81.660,EIA 2040 / Adendas / Resolucion,Alta,Pendiente,
DOC-0562,antecedentes/2. EIA 2040/3. ADENDA 2/Anexo 9 Act. Cap 10 CompAmb/Apéndice 9.2 Informe PMI/Apéndice 9.2 Informe PMI/2022-05-02_PMI Candelaria 2040.kmz,2. EIA 2040,3. ADENDA 2,2022-05-02_PMI Candelaria 2040.kmz,kmz,4408,0.004,EIA 2040 / Adendas / Resolucion,Alta,Pendiente,
DOC-0563,antecedentes/2. EIA 2040/3. ADENDA 2/Anexo 9 Act. Cap 10 CompAmb/Apéndice 9.2 Informe PMI/Apéndice 9.2 Informe PMI/5283-20220505 Puntos de monitoreo PMI.pdf,2. EIA 2040,3. ADENDA 2,5283-20220505 Puntos de monitoreo PMI.pdf,pdf,5060376,4.826,EIA 2040 / Adendas / Resolucion,Alta,Pendiente,
DOC-0564,antecedentes/2. EIA 2040/3. ADENDA 2/Anexo 9 Act. Cap 10 CompAmb/Apéndice 9.2 Informe PMI/Apéndice 9.2 Informe PMI/Acápite 9.2-1/Acápite 9.2-1_Análisis Hqco e Iso_Rev1.pdf,2. EIA 2040,3. ADENDA 2,Acápite 9.2-1_Análisis Hqco e Iso_Rev1.pdf,pdf,7961191,7.592,EIA 2040 / Adendas / Resolucion,Alta,Pendiente,
DOC-0565,antecedentes/2. EIA 2040/3. ADENDA 2/Anexo 9 Act. Cap 10 CompAmb/Apéndice 9.2 Informe PMI/Apéndice 9.2 Informe PMI/Apéndice 9.2 Plan Mon Isotóp_Rev1.pdf,2. EIA 2040,3. ADENDA 2,Apéndice 9.2 Plan Mon Isotóp_Rev1.pdf,pdf,1253552,1.195,EIA 2040 / Adendas / Resolucion,Alta,Pendiente,
DOC-0566,antecedentes/2. EIA 2040/4. ADENDA 3/5283_ Ingreso Adenda Excepcional Proyecto _Optimización y Continuidad Operación Minera Candelaria_.msg,2. EIA 2040,4. ADENDA 3,5283_ Ingreso Adenda Excepcional Proyecto _Optimización y Continuidad Operación Minera Candelaria_.msg,msg,313856,0.299,EIA 2040 / Adendas / Resolucion,Alta,Pendiente,
DOC-0567,antecedentes/2. EIA 2040/4. ADENDA 3/Adenda_Excepcional_Rev_1.pdf,2. EIA 2040,4. ADENDA 3,Adenda_Excepcional_Rev_1.pdf,pdf,25553907,24.370,EIA 2040 / Adendas / Resolucion,Alta,Pendiente,
DOC-0568,antecedentes/2. EIA 2040/4. ADENDA 3/Anexco 7 Actualización Cap 7Plan Prev. Conting y Emerg/Anexo_7_Act._Cap_7_Plan_Prev._Conting_y_Emerg._R.pdf,2. EIA 2040,4. ADENDA 3,Anexo_7_Act._Cap_7_Plan_Prev._Conting_y_Emerg._R.pdf,pdf,543309,0.518,EIA 2040 / Adendas / Resolucion,Alta,Pendiente,
DOC-0569,antecedentes/2. EIA 2040/4. ADENDA 3/Anexo 1 Archivos Digitales/Anexo 1.1 Kmz y Excel Consolidado Seg. Amb. RRHH/5283-20230628 Seguimiento Ambiental RRHH.kmz,2. EIA 2040,4. ADENDA 3,5283-20230628 Seguimiento Ambiental RRHH.kmz,kmz,13219,0.013,EIA 2040 / Adendas / Resolucion,Alta,Pendiente,
DOC-0570,antecedentes/2. EIA 2040/4. ADENDA 3/Anexo 1 Archivos Digitales/Anexo 1.1 Kmz y Excel Consolidado Seg. Amb. RRHH/Consolidado Seguimiento Ambiental Recursos Hídricos.xlsx,2. EIA 2040,4. ADENDA 3,Consolidado Seguimiento Ambiental Recursos Hídricos.xlsx,xlsx,28944,0.028,EIA 2040 / Adendas / Resolucion,Alta,Pendiente,
DOC-0571,antecedentes/2. EIA 2040/4. ADENDA 3/Anexo 1 Archivos Digitales/Anexo 1.1 Kmz y Excel Consolidado Seg. Amb. RRHH/Tapa Anexo 1.1.pdf,2. EIA 2040,4. ADENDA 3,Tapa Anexo 1.1.pdf,pdf,7422,0.007,EIA 2040 / Adendas / Resolucion,Alta,Pendiente,
DOC-0572,antecedentes/2. EIA 2040/4. ADENDA 3/Anexo 1 Archivos Digitales/Anexo 1.2 Actualización Excel Estimación de Emisiones/Tapa Anexo 1.2.pdf,2. EIA 2040,4. ADENDA 3,Tapa Anexo 1.2.pdf,pdf,139627,0.133,EIA 2040 / Adendas / Resolucion,Alta,Pendiente,
DOC-0573,antecedentes/2. EIA 2040/4. ADENDA 3/Anexo 1 Archivos Digitales/Anexo 1.3 KMZ Receptores y Fuentes de Emisión/Tapa Anexo 1.3 KMZ receptores y fuentes de emisión.pdf,2. EIA 2040,4. ADENDA 3,Tapa Anexo 1.3 KMZ receptores y fuentes de emisión.pdf,pdf,170311,0.162,EIA 2040 / Adendas / Resolucion,Alta,Pendiente,
DOC-0574,antecedentes/2. EIA 2040/4. ADENDA 3/Anexo 1 Archivos Digitales/Anexo 1.4 Excel detalle fuentes de modelación/Anexo 1.4 Excel Detalle de Fuentes de Modelación.pdf,2. EIA 2040,4. ADENDA 3,Anexo 1.4 Excel Detalle de Fuentes de Modelación.pdf,pdf,7616,0.007,EIA 2040 / Adendas / Resolucion,Alta,Pendiente,
DOC-0575,antecedentes/2. EIA 2040/4. ADENDA 3/Anexo 1 Archivos Digitales/Anexo 1.4 Excel detalle fuentes de modelación/Detalle_fuentes_de_modelación_area_Mina.xlsx,2. EIA 2040,4. ADENDA 3,Detalle_fuentes_de_modelación_area_Mina.xlsx,xlsx,690302,0.658,EIA 2040 / Adendas / Resolucion,Alta,Pendiente,
DOC-0576,antecedentes/2. EIA 2040/4. ADENDA 3/Anexo 1 Archivos Digitales/Anexo 1.4 Excel detalle fuentes de modelación/Detalle_fuentes_de_modelación_area_Puerto.xlsx,2. EIA 2040,4. ADENDA 3,Detalle_fuentes_de_modelación_area_Puerto.xlsx,xlsx,73309,0.070,EIA 2040 / Adendas / Resolucion,Alta,Pendiente,
DOC-0577,antecedentes/2. EIA 2040/4. ADENDA 3/Anexo 11 Actualización Cap 11 Fichas Resumen/Anexo_11_Act._Cap_11_Fichas_Resumen_Rev_0.pdf,2. EIA 2040,4. ADENDA 3,Anexo_11_Act._Cap_11_Fichas_Resumen_Rev_0.pdf,pdf,1418020,1.352,EIA 2040 / Adendas / Resolucion,Alta,Pendiente,
DOC-0578,antecedentes/2. EIA 2040/4. ADENDA 3/Anexo 12 Actualización PAC/Anexo 12.1 Actualización Anexo Particip Ciud_ Rev 1.pdf,2. EIA 2040,4. ADENDA 3,Anexo 12.1 Actualización Anexo Particip Ciud_ Rev 1.pdf,pdf,5298827,5.053,EIA 2040 / Adendas / Resolucion,Alta,Pendiente,
DOC-0579,antecedentes/2. EIA 2040/4. ADENDA 3/Anexo 12 Actualización PAC/Anexo 12.2 Actualiz Anexo Particip Ciud Adicional_Rev 0.pdf,2. EIA 2040,4. ADENDA 3,Anexo 12.2 Actualiz Anexo Particip Ciud Adicional_Rev 0.pdf,pdf,326072,0.311,EIA 2040 / Adendas / Resolucion,Alta,Pendiente,
DOC-0580,antecedentes/2. EIA 2040/4. ADENDA 3/Anexo 12 Actualización PAC/cda_Anexo_12_Act._PAC.zip,2. EIA 2040,4. ADENDA 3,cda_Anexo_12_Act._PAC.zip,zip,5203271,4.962,EIA 2040 / Adendas / Resolucion,Alta,Pendiente,
DOC-0581,antecedentes/2. EIA 2040/4. ADENDA 3/Anexo 2 Planos y Láminas/Anexo_2.1_Diagrama_de_STIFF_de_pozos_AI_de_DR_Candelaria_Rev.0.pdf,2. EIA 2040,4. ADENDA 3,Anexo_2.1_Diagrama_de_STIFF_de_pozos_AI_de_DR_Candelaria_Rev.0.pdf,pdf,741001,0.707,EIA 2040 / Adendas / Resolucion,Alta,Pendiente,
DOC-0582,antecedentes/2. EIA 2040/4. ADENDA 3/Anexo 3 Estudios Complementaria/Anexo 3.1 Evaluación Plantas Geófitas/Anexo 3.1_Evaluación de Plantas Geófitas_Rev 1.pdf,2. EIA 2040,4. ADENDA 3,Anexo 3.1_Evaluación de Plantas Geófitas_Rev 1.pdf,pdf,5666431,5.404,EIA 2040 / Adendas / Resolucion,Alta,Pendiente,
DOC-0583,antecedentes/2. EIA 2040/4. ADENDA 3/Anexo 3 Estudios Complementaria/Anexo 3.11 Estudio Ruido Fauna/Anexo 3.11_Estudio de Ruido sobre Fauna_Rev 2.pdf,2. EIA 2040,4. ADENDA 3,Anexo 3.11_Estudio de Ruido sobre Fauna_Rev 2.pdf,pdf,6704631,6.394,EIA 2040 / Adendas / Resolucion,Alta,Pendiente,
DOC-0584,antecedentes/2. EIA 2040/4. ADENDA 3/Anexo 3 Estudios Complementaria/Anexo 3.2 Actualización Modelación Calidad de Aire/348_Anexo_3.2_Actualizacion_Modelacion_Calidad_de_Aire.zip,2. EIA 2040,4. ADENDA 3,348_Anexo_3.2_Actualizacion_Modelacion_Calidad_de_Aire.zip,zip,127507218,121.600,EIA 2040 / Adendas / Resolucion,Alta,Pendiente,
DOC-0585,antecedentes/2. EIA 2040/4. ADENDA 3/Anexo 3 Estudios Complementaria/Anexo 3.3 Análisis ruido por tronadura/Anexo_3.3_Analisis_de_Ruido_Rev_1.pdf,2. EIA 2040,4. ADENDA 3,Anexo_3.3_Analisis_de_Ruido_Rev_1.pdf,pdf,2078636,1.982,EIA 2040 / Adendas / Resolucion,Alta,Pendiente,
DOC-0586,antecedentes/2. EIA 2040/4. ADENDA 3/Anexo 3 Estudios Complementaria/Anexo 3.4 Resultado de Mediciones de Flujo/Anexo 3.4 Resultados Mediciones Flujo_Rev 0.pdf,2. EIA 2040,4. ADENDA 3,Anexo 3.4 Resultados Mediciones Flujo_Rev 0.pdf,pdf,5027106,4.794,EIA 2040 / Adendas / Resolucion,Alta,Pendiente,
DOC-0587,antecedentes/2. EIA 2040/4. ADENDA 3/Anexo 3 Estudios Complementaria/Anexo 3.5 Informe Experto Ev del Riesgo para la Salud/Anexo 3.5_Informe Experto Salud_Rev.0.pdf,2. EIA 2040,4. ADENDA 3,Anexo 3.5_Informe Experto Salud_Rev.0.pdf,pdf,4277651,4.079,EIA 2040 / Adendas / Resolucion,Alta,Pendiente,
DOC-0588,antecedentes/2. EIA 2040/4. ADENDA 3/Anexo 3 Estudios Complementaria/Anexo 3.6 Memo Socavación/Anexo 3.6 Rev Memo Socavación 0.pdf,2. EIA 2040,4. ADENDA 3,Anexo 3.6 Rev Memo Socavación 0.pdf,pdf,1297490,1.237,EIA 2040 / Adendas / Resolucion,Alta,Pendiente,
DOC-0589,antecedentes/2. EIA 2040/4. ADENDA 3/Anexo 3 Estudios Complementaria/Anexo 3.6 Memo Socavación/Apéndice A Resultados de Laboratorio_Rev 0.pdf,2. EIA 2040,4. ADENDA 3,Apéndice A Resultados de Laboratorio_Rev 0.pdf,pdf,249662,0.238,EIA 2040 / Adendas / Resolucion,Alta,Pendiente,
DOC-0590,antecedentes/2. EIA 2040/4. ADENDA 3/Anexo 3 Estudios Complementaria/Anexo 3.6 Memo Socavación/Apéndice B Descripción_Calicatas Rev_0.pdf,2. EIA 2040,4. ADENDA 3,Apéndice B Descripción_Calicatas Rev_0.pdf,pdf,4834833,4.611,EIA 2040 / Adendas / Resolucion,Alta,Pendiente,
DOC-0591,antecedentes/2. EIA 2040/4. ADENDA 3/Anexo 3 Estudios Complementaria/Anexo 3.6 Memo Socavación/Apéndice C Detalle fundaciones LT.pdf,2. EIA 2040,4. ADENDA 3,Apéndice C Detalle fundaciones LT.pdf,pdf,151751,0.145,EIA 2040 / Adendas / Resolucion,Alta,Pendiente,
DOC-0592,antecedentes/2. EIA 2040/4. ADENDA 3/Anexo 3 Estudios Complementaria/Anexo 3.7 Metodología Cálculo Volumen Reposición de Agua/9d5_Anexo_3.7_Metodoogia_Calculo_Reposicion_Agua_Rev_0.pdf,2. EIA 2040,4. ADENDA 3,9d5_Anexo_3.7_Metodoogia_Calculo_Reposicion_Agua_Rev_0.pdf,pdf,809741,0.772,EIA 2040 / Adendas / Resolucion,Alta,Pendiente,
DOC-0593,antecedentes/2. EIA 2040/4. ADENDA 3/Anexo 3 Estudios Complementaria/Anexo 3.8 Memo Estimación Caudal de Compensación/a12_Anexo_3.8_Memo_Estimacion_Caudal_de_Compensacion_Rev._0.pdf,2. EIA 2040,4. ADENDA 3,a12_Anexo_3.8_Memo_Estimacion_Caudal_de_Compensacion_Rev._0.pdf,pdf,309340,0.295,EIA 2040 / Adendas / Resolucion,Alta,Pendiente,
DOC-0594,antecedentes/2. EIA 2040/4. ADENDA 3/Anexo 3 Estudios Complementaria/Anexo 3.9 Criterio Definición de receptores/Anexo 3.9 Criterio Definicion Receptores_Rev 1.pdf,2. EIA 2040,4. ADENDA 3,Anexo 3.9 Criterio Definicion Receptores_Rev 1.pdf,pdf,2924501,2.789,EIA 2040 / Adendas / Resolucion,Alta,Pendiente,
DOC-0595,antecedentes/2. EIA 2040/4. ADENDA 3/Anexo 4 Otros Documentos/Anexo 4.1 Resoluciones Polvorín Área Mina/32f_Anexo_4.1_Resoluciones_Polvorin_Area_Mina.pdf,2. EIA 2040,4. ADENDA 3,32f_Anexo_4.1_Resoluciones_Polvorin_Area_Mina.pdf,pdf,2516609,2.400,EIA 2040 / Adendas / Resolucion,Alta,Pendiente,
DOC-0596,antecedentes/2. EIA 2040/4. ADENDA 3/Anexo 4 Otros Documentos/Anexo 4.2 Videos e informes de los pozos WM17/ad7_Anexo_4.2_Video_e_Informe_del_Pozo_WM17.pdf,2. EIA 2040,4. ADENDA 3,ad7_Anexo_4.2_Video_e_Informe_del_Pozo_WM17.pdf,pdf,1465536,1.398,EIA 2040 / Adendas / Resolucion,Alta,Pendiente,
DOC-0597,antecedentes/2. EIA 2040/4. ADENDA 3/Anexo 4 Otros Documentos/Anexo 4.3 Videos e informes de los pozos  WM18/002_Anexo_4.3_Video_e_Informe_del_Pozo_WM18.pdf,2. EIA 2040,4. ADENDA 3,002_Anexo_4.3_Video_e_Informe_del_Pozo_WM18.pdf,pdf,918146,0.876,EIA 2040 / Adendas / Resolucion,Alta,Pendiente,
DOC-0598,antecedentes/2. EIA 2040/4. ADENDA 3/Anexo 4 Otros Documentos/Anexo 4.4 Protocolo Hallazgos de Agua/5a4_Anexo_4.4_Protocolo_de_Hallazgos_de_Agua_Mina_Subte_Rev_0.pdf,2. EIA 2040,4. ADENDA 3,5a4_Anexo_4.4_Protocolo_de_Hallazgos_de_Agua_Mina_Subte_Rev_0.pdf,pdf,194140,0.185,EIA 2040 / Adendas / Resolucion,Alta,Pendiente,
DOC-0599,antecedentes/2. EIA 2040/4. ADENDA 3/Anexo 4 Otros Documentos/Anexo 4.5 Base de Datos/2021-12-23_BD Calidad Agua.xlsx,2. EIA 2040,4. ADENDA 3,2021-12-23_BD Calidad Agua.xlsx,xlsx,7174094,6.842,EIA 2040 / Adendas / Resolucion,Alta,Pendiente,
DOC-0600,antecedentes/2. EIA 2040/4. ADENDA 3/Anexo 4 Otros Documentos/Anexo 4.5 Base de Datos/Tapa Anexo 4.5.pdf,2. EIA 2040,4. ADENDA 3,Tapa Anexo 4.5.pdf,pdf,7423,0.007,EIA 2040 / Adendas / Resolucion,Alta,Pendiente,
DOC-0601,antecedentes/2. EIA 2040/4. ADENDA 3/Anexo 4 Otros Documentos/Anexo 4.6 Informe Contrastación Flujómetro/e66_Anexo_4.6_Informe_Contrastacion_Flujometro.pdf,2. EIA 2040,4. ADENDA 3,e66_Anexo_4.6_Informe_Contrastacion_Flujometro.pdf,pdf,2943295,2.807,EIA 2040 / Adendas / Resolucion,Alta,Pendiente,
DOC-0602,antecedentes/2. EIA 2040/4. ADENDA 3/Anexo 5 Act. PAS/Anexo 5.1 Act. PAS 146/Anexo 5.1 Act. PAS 146_Rev 0.pdf,2. EIA 2040,4. ADENDA 3,Anexo 5.1 Act. PAS 146_Rev 0.pdf,pdf,2477576,2.363,EIA 2040 / Adendas / Resolucion,Alta,Pendiente,
DOC-0603,antecedentes/2. EIA 2040/4. ADENDA 3/Anexo 5 Act. PAS/Anexo 5.2 Act. PAS 155/Anexo 5.2 Actualización PAS 155.pdf,2. EIA 2040,4. ADENDA 3,Anexo 5.2 Actualización PAS 155.pdf,pdf,3033028,2.893,EIA 2040 / Adendas / Resolucion,Alta,Pendiente,
DOC-0604,antecedentes/2. EIA 2040/4. ADENDA 3/Anexo 5 Act. PAS/Anexo 5.3 Act. Consolidada PAS 156/Anexo 5.3 Actualización PAS 156.pdf,2. EIA 2040,4. ADENDA 3,Anexo 5.3 Actualización PAS 156.pdf,pdf,9865384,9.408,EIA 2040 / Adendas / Resolucion,Alta,Pendiente,
DOC-0605,antecedentes/2. EIA 2040/4. ADENDA 3/Anexo 5 Act. PAS/Anexo 5.3 Act. Consolidada PAS 156/Apéndice 5.3.1 Plano Eje hidráulico/5283-0000-RH-PLA-001_1.pdf,2. EIA 2040,4. ADENDA 3,5283-0000-RH-PLA-001_1.pdf,pdf,1341403,1.279,EIA 2040 / Adendas / Resolucion,Alta,Pendiente,
DOC-0606,antecedentes/2. EIA 2040/4. ADENDA 3/Anexo 5 Act. PAS/Anexo 5.3 Act. Consolidada PAS 156/Apéndice 5.3.1 Plano Eje hidráulico/5283-0000-RH-PLA-002_1.pdf,2. EIA 2040,4. ADENDA 3,5283-0000-RH-PLA-002_1.pdf,pdf,1364917,1.302,EIA 2040 / Adendas / Resolucion,Alta,Pendiente,
DOC-0607,antecedentes/2. EIA 2040/4. ADENDA 3/Anexo 5 Act. PAS/Anexo 5.3 Act. Consolidada PAS 156/Apéndice 5.3.1 Plano Eje hidráulico/5283-0000-RH-PLA-005_1.pdf,2. EIA 2040,4. ADENDA 3,5283-0000-RH-PLA-005_1.pdf,pdf,1096139,1.045,EIA 2040 / Adendas / Resolucion,Alta,Pendiente,
DOC-0608,antecedentes/2. EIA 2040/4. ADENDA 3/Anexo 5 Act. PAS/Anexo 5.3 Act. Consolidada PAS 156/Apéndice 5.3.2 Memoria de Cálculo.pdf,2. EIA 2040,4. ADENDA 3,Apéndice 5.3.2 Memoria de Cálculo.pdf,pdf,7009730,6.685,EIA 2040 / Adendas / Resolucion,Alta,Pendiente,
DOC-0609,antecedentes/2. EIA 2040/4. ADENDA 3/Anexo 5 Act. PAS/Anexo 5.3 Act. Consolidada PAS 156/Apéndice 5.3.3 Inf. Estimación de Caudales de Crecida.pdf,2. EIA 2040,4. ADENDA 3,Apéndice 5.3.3 Inf. Estimación de Caudales de Crecida.pdf,pdf,1930907,1.841,EIA 2040 / Adendas / Resolucion,Alta,Pendiente,
DOC-0610,antecedentes/2. EIA 2040/4. ADENDA 3/Anexo 5 Act. PAS/Anexo 5.3 Act. Consolidada PAS 156/Apéndice 5.3.4 Láminas Superficie Inundación.pdf,2. EIA 2040,4. ADENDA 3,Apéndice 5.3.4 Láminas Superficie Inundación.pdf,pdf,88019991,83.942,EIA 2040 / Adendas / Resolucion,Alta,Pendiente,
DOC-0611,antecedentes/2. EIA 2040/4. ADENDA 3/Anexo 5 Act. PAS/Anexo 5.3 Act. Consolidada PAS 156/Apéndice 5.3.5 KMZ superficie de inundación/0_Cruces presentados en PASM156.kmz,2. EIA 2040,4. ADENDA 3,0_Cruces presentados en PASM156.kmz,kmz,2762,0.003,EIA 2040 / Adendas / Resolucion,Alta,Pendiente,
DOC-0612,antecedentes/2. EIA 2040/4. ADENDA 3/Anexo 5 Act. PAS/Anexo 5.3 Act. Consolidada PAS 156/Apéndice 5.3.5 KMZ superficie de inundación/Acceso Las Pintadas.kmz,2. EIA 2040,4. ADENDA 3,Acceso Las Pintadas.kmz,kmz,255290,0.243,EIA 2040 / Adendas / Resolucion,Alta,Pendiente,
DOC-0613,antecedentes/2. EIA 2040/4. ADENDA 3/Anexo 5 Act. PAS/Anexo 5.3 Act. Consolidada PAS 156/Apéndice 5.3.5 KMZ superficie de inundación/Apéndice 5.3.5 KMZ Superficies de Inundación.pdf,2. EIA 2040,4. ADENDA 3,Apéndice 5.3.5 KMZ Superficies de Inundación.pdf,pdf,207781,0.198,EIA 2040 / Adendas / Resolucion,Alta,Pendiente,
DOC-0614,antecedentes/2. EIA 2040/4. ADENDA 3/Anexo 5 Act. PAS/Anexo 5.3 Act. Consolidada PAS 156/Apéndice 5.3.5 KMZ superficie de inundación/Canal de Descarga.kmz,2. EIA 2040,4. ADENDA 3,Canal de Descarga.kmz,kmz,105851,0.101,EIA 2040 / Adendas / Resolucion,Alta,Pendiente,
DOC-0615,antecedentes/2. EIA 2040/4. ADENDA 3/Anexo 5 Act. PAS/Anexo 5.3 Act. Consolidada PAS 156/Apéndice 5.3.5 KMZ superficie de inundación/Canal de Desvío norte.kmz,2. EIA 2040,4. ADENDA 3,Canal de Desvío norte.kmz,kmz,58715,0.056,EIA 2040 / Adendas / Resolucion,Alta,Pendiente,
DOC-0616,antecedentes/2. EIA 2040/4. ADENDA 3/Anexo 5 Act. PAS/Anexo 5.3 Act. Consolidada PAS 156/Apéndice 5.3.5 KMZ superficie de inundación/Canal de Desvío sur.kmz,2. EIA 2040,4. ADENDA 3,Canal de Desvío sur.kmz,kmz,104308,0.099,EIA 2040 / Adendas / Resolucion,Alta,Pendiente,
DOC-0617,antecedentes/2. EIA 2040/4. ADENDA 3/Anexo 5 Act. PAS/Anexo 5.3 Act. Consolidada PAS 156/Apéndice 5.3.5 KMZ superficie de inundación/Depósito de Estériles Sur Sur.kmz,2. EIA 2040,4. ADENDA 3,Depósito de Estériles Sur Sur.kmz,kmz,79969,0.076,EIA 2040 / Adendas / Resolucion,Alta,Pendiente,
DOC-0618,antecedentes/2. EIA 2040/4. ADENDA 3/Anexo 5 Act. PAS/Anexo 5.3 Act. Consolidada PAS 156/Apéndice 5.3.5 KMZ superficie de inundación/Hidrografía.kmz,2. EIA 2040,4. ADENDA 3,Hidrografía.kmz,kmz,14855,0.014,EIA 2040 / Adendas / Resolucion,Alta,Pendiente,
DOC-0619,antecedentes/2. EIA 2040/4. ADENDA 3/Anexo 5 Act. PAS/Anexo 5.3 Act. Consolidada PAS 156/Apéndice 5.3.5 KMZ superficie de inundación/Línea 1x110 kV Cardones - Cerrillos.kmz,2. EIA 2040,4. ADENDA 3,Línea 1x110 kV Cardones - Cerrillos.kmz,kmz,1649,0.002,EIA 2040 / Adendas / Resolucion,Alta,Pendiente,
DOC-0620,antecedentes/2. EIA 2040/4. ADENDA 3/Anexo 5 Act. PAS/Anexo 5.3 Act. Consolidada PAS 156/Apéndice 5.3.5 KMZ superficie de inundación/Línea 1x110 kV Cardones - Refugio.kmz,2. EIA 2040,4. ADENDA 3,Línea 1x110 kV Cardones - Refugio.kmz,kmz,1592,0.002,EIA 2040 / Adendas / Resolucion,Alta,Pendiente,
DOC-0621,antecedentes/2. EIA 2040/4. ADENDA 3/Anexo 5 Act. PAS/Anexo 5.3 Act. Consolidada PAS 156/Apéndice 5.3.5 KMZ superficie de inundación/Línea 1x110 kV Cardones - Tierra Amarilla.kmz,2. EIA 2040,4. ADENDA 3,Línea 1x110 kV Cardones - Tierra Amarilla.kmz,kmz,1367,0.001,EIA 2040 / Adendas / Resolucion,Alta,Pendiente,
DOC-0622,antecedentes/2. EIA 2040/4. ADENDA 3/Anexo 5 Act. PAS/Anexo 5.3 Act. Consolidada PAS 156/Apéndice 5.3.5 KMZ superficie de inundación/Rajo La Española.kmz,2. EIA 2040,4. ADENDA 3,Rajo La Española.kmz,kmz,33865,0.032,EIA 2040 / Adendas / Resolucion,Alta,Pendiente,
DOC-0623,antecedentes/2. EIA 2040/4. ADENDA 3/Anexo 5 Act. PAS/Anexo 5.3 Act. Consolidada PAS 156/Apéndice 5.3.5 KMZ superficie de inundación/Ruta C-397.kmz,2. EIA 2040,4. ADENDA 3,Ruta C-397.kmz,kmz,321212,0.306,EIA 2040 / Adendas / Resolucion,Alta,Pendiente,
DOC-0624,antecedentes/2. EIA 2040/4. ADENDA 3/Anexo 5 Act. PAS/Anexo 5.3 Act. Consolidada PAS 156/Apéndice 5.3.5 KMZ superficie de inundación/Torres LAT.kmz,2. EIA 2040,4. ADENDA 3,Torres LAT.kmz,kmz,486184,0.464,EIA 2040 / Adendas / Resolucion,Alta,Pendiente,
DOC-0625,antecedentes/2. EIA 2040/4. ADENDA 3/Anexo 5 Act. PAS/Anexo 5.3 Act. Consolidada PAS 156/Apéndice 5.3.5 KMZ superficie de inundación/Áreas de Inundación 1D.kmz,2. EIA 2040,4. ADENDA 3,Áreas de Inundación 1D.kmz,kmz,6073,0.006,EIA 2040 / Adendas / Resolucion,Alta,Pendiente,
DOC-0626,antecedentes/2. EIA 2040/4. ADENDA 3/Anexo 5 Act. PAS/Anexo 5.3 Act. Consolidada PAS 156/Apéndice 5.3.5 KMZ superficie de inundación/Áreas de Inundación 2D.kmz,2. EIA 2040,4. ADENDA 3,Áreas de Inundación 2D.kmz,kmz,810603,0.773,EIA 2040 / Adendas / Resolucion,Alta,Pendiente,
DOC-0627,antecedentes/2. EIA 2040/4. ADENDA 3/Anexo 5 Act. PAS/Anexo 5.4 Act. PAS 157/Anexo 5.4 Act. PAS 157 Rev 0.pdf,2. EIA 2040,4. ADENDA 3,Anexo 5.4 Act. PAS 157 Rev 0.pdf,pdf,7017389,6.692,EIA 2040 / Adendas / Resolucion,Alta,Pendiente,
DOC-0628,antecedentes/2. EIA 2040/4. ADENDA 3/Anexo 5 Act. PAS/Anexo 5.4 Act. PAS 157/Apéndice 5.4-1 Planos de Obras/5283-0000-RH-PLA-012.pdf,2. EIA 2040,4. ADENDA 3,5283-0000-RH-PLA-012.pdf,pdf,1149581,1.096,EIA 2040 / Adendas / Resolucion,Alta,Pendiente,
DOC-0629,antecedentes/2. EIA 2040/4. ADENDA 3/Anexo 5 Act. PAS/Anexo 5.4 Act. PAS 157/Apéndice 5.4-1 Planos de Obras/5283-0000-RH-PLA-013.pdf,2. EIA 2040,4. ADENDA 3,5283-0000-RH-PLA-013.pdf,pdf,413714,0.395,EIA 2040 / Adendas / Resolucion,Alta,Pendiente,
DOC-0630,antecedentes/2. EIA 2040/4. ADENDA 3/Anexo 5 Act. PAS/Anexo 5.4 Act. PAS 157/Apéndice 5.4-1 Planos de Obras/5283-0000-RH-PLA-014.pdf,2. EIA 2040,4. ADENDA 3,5283-0000-RH-PLA-014.pdf,pdf,442979,0.422,EIA 2040 / Adendas / Resolucion,Alta,Pendiente,
DOC-0631,antecedentes/2. EIA 2040/4. ADENDA 3/Anexo 5 Act. PAS/Anexo 5.4 Act. PAS 157/Apéndice 5.4-1 Planos de Obras/Plano C 3003.pdf,2. EIA 2040,4. ADENDA 3,Plano C 3003.pdf,pdf,2883273,2.750,EIA 2040 / Adendas / Resolucion,Alta,Pendiente,
DOC-0632,antecedentes/2. EIA 2040/4. ADENDA 3/Anexo 5 Act. PAS/Anexo 5.4 Act. PAS 157/Apéndice 5.4-1 Planos de Obras/Plano C 3004.pdf,2. EIA 2040,4. ADENDA 3,Plano C 3004.pdf,pdf,2815843,2.685,EIA 2040 / Adendas / Resolucion,Alta,Pendiente,
DOC-0633,antecedentes/2. EIA 2040/4. ADENDA 3/Anexo 5 Act. PAS/Anexo 5.4 Act. PAS 157/Apéndice 5.4-1 Planos de Obras/Plano C3001.pdf,2. EIA 2040,4. ADENDA 3,Plano C3001.pdf,pdf,23942477,22.833,EIA 2040 / Adendas / Resolucion,Alta,Pendiente,
DOC-0634,antecedentes/2. EIA 2040/4. ADENDA 3/Anexo 5 Act. PAS/Anexo 5.4 Act. PAS 157/Apéndice 5.4-1 Planos de Obras/Plano C3002.pdf,2. EIA 2040,4. ADENDA 3,Plano C3002.pdf,pdf,17040453,16.251,EIA 2040 / Adendas / Resolucion,Alta,Pendiente,
DOC-0635,antecedentes/2. EIA 2040/4. ADENDA 3/Anexo 5 Act. PAS/Anexo 5.4 Act. PAS 157/Apéndice 5.4-1 Planos de Obras/Plano C3005.pdf,2. EIA 2040,4. ADENDA 3,Plano C3005.pdf,pdf,539666,0.515,EIA 2040 / Adendas / Resolucion,Alta,Pendiente,
DOC-0636,antecedentes/2. EIA 2040/4. ADENDA 3/Anexo 5 Act. PAS/Anexo 5.4 Act. PAS 157/Apéndice 5.4-1 Planos de Obras/Plano C3006.pdf,2. EIA 2040,4. ADENDA 3,Plano C3006.pdf,pdf,23985003,22.874,EIA 2040 / Adendas / Resolucion,Alta,Pendiente,
DOC-0637,antecedentes/2. EIA 2040/4. ADENDA 3/Anexo 5 Act. PAS/Anexo 5.4 Act. PAS 157/Apéndice 5.4-1 Planos de Obras/Plano C3007.pdf,2. EIA 2040,4. ADENDA 3,Plano C3007.pdf,pdf,470574,0.449,EIA 2040 / Adendas / Resolucion,Alta,Pendiente,
DOC-0638,antecedentes/2. EIA 2040/4. ADENDA 3/Anexo 5 Act. PAS/Anexo 5.4 Act. PAS 157/Apéndice 5.4-1 Planos de Obras/Plano C3008.pdf,2. EIA 2040,4. ADENDA 3,Plano C3008.pdf,pdf,1760713,1.679,EIA 2040 / Adendas / Resolucion,Alta,Pendiente,
DOC-0639,antecedentes/2. EIA 2040/4. ADENDA 3/Anexo 5 Act. PAS/Anexo 5.4 Act. PAS 157/Apéndice 5.4-1 Planos de Obras/Portada Apéndice 5.4.1.pdf,2. EIA 2040,4. ADENDA 3,Portada Apéndice 5.4.1.pdf,pdf,45006,0.043,EIA 2040 / Adendas / Resolucion,Alta,Pendiente,
DOC-0640,antecedentes/2. EIA 2040/4. ADENDA 3/Anexo 5 Act. PAS/Anexo 5.4 Act. PAS 157/Apéndice 5.4-2 Memorias de Cálculo/2021-04-09 Informe Pp máx 24 hrs Rev B.pdf,2. EIA 2040,4. ADENDA 3,2021-04-09 Informe Pp máx 24 hrs Rev B.pdf,pdf,1133365,1.081,EIA 2040 / Adendas / Resolucion,Alta,Pendiente,
DOC-0641,antecedentes/2. EIA 2040/4. ADENDA 3/Anexo 5 Act. PAS/Anexo 5.4 Act. PAS 157/Apéndice 5.4-2 Memorias de Cálculo/20P20002-A-3647-HD-124-001_1.pdf,2. EIA 2040,4. ADENDA 3,20P20002-A-3647-HD-124-001_1.pdf,pdf,10633410,10.141,EIA 2040 / Adendas / Resolucion,Alta,Pendiente,
DOC-0642,antecedentes/2. EIA 2040/4. ADENDA 3/Anexo 5 Act. PAS/Anexo 5.4 Act. PAS 157/Apéndice 5.4-2 Memorias de Cálculo/5283-0000-MA-INF-001_1.pdf,2. EIA 2040,4. ADENDA 3,5283-0000-MA-INF-001_1.pdf,pdf,2026258,1.932,EIA 2040 / Adendas / Resolucion,Alta,Pendiente,
DOC-0643,antecedentes/2. EIA 2040/4. ADENDA 3/Anexo 5 Act. PAS/Anexo 5.4 Act. PAS 157/Apéndice 5.4-2 Memorias de Cálculo/Portada Apéndice 5.4.2.pdf,2. EIA 2040,4. ADENDA 3,Portada Apéndice 5.4.2.pdf,pdf,45231,0.043,EIA 2040 / Adendas / Resolucion,Alta,Pendiente,
DOC-0644,antecedentes/2. EIA 2040/4. ADENDA 3/Anexo 5 Act. PAS/Anexo 5.4 Act. PAS 157/Apéndice 5.4-3 Planos de Inundación con y sin Py/20P20002-A-3647-HD-035-0001_0.pdf,2. EIA 2040,4. ADENDA 3,20P20002-A-3647-HD-035-0001_0.pdf,pdf,597218,0.570,EIA 2040 / Adendas / Resolucion,Alta,Pendiente,
DOC-0645,antecedentes/2. EIA 2040/4. ADENDA 3/Anexo 5 Act. PAS/Anexo 5.4 Act. PAS 157/Apéndice 5.4-3 Planos de Inundación con y sin Py/20P20002-A-3647-HD-035-0002_0.pdf,2. EIA 2040,4. ADENDA 3,20P20002-A-3647-HD-035-0002_0.pdf,pdf,716649,0.683,EIA 2040 / Adendas / Resolucion,Alta,Pendiente,
DOC-0646,antecedentes/2. EIA 2040/4. ADENDA 3/Anexo 5 Act. PAS/Anexo 5.4 Act. PAS 157/Apéndice 5.4-3 Planos de Inundación con y sin Py/20P20002-A-3647-HD-035-0003_0.pdf,2. EIA 2040,4. ADENDA 3,20P20002-A-3647-HD-035-0003_0.pdf,pdf,595860,0.568,EIA 2040 / Adendas / Resolucion,Alta,Pendiente,
DOC-0647,antecedentes/2. EIA 2040/4. ADENDA 3/Anexo 5 Act. PAS/Anexo 5.4 Act. PAS 157/Apéndice 5.4-3 Planos de Inundación con y sin Py/20P20002-A-3647-HD-035-0004_0.pdf,2. EIA 2040,4. ADENDA 3,20P20002-A-3647-HD-035-0004_0.pdf,pdf,591967,0.565,EIA 2040 / Adendas / Resolucion,Alta,Pendiente,
DOC-0648,antecedentes/2. EIA 2040/4. ADENDA 3/Anexo 5 Act. PAS/Anexo 5.4 Act. PAS 157/Apéndice 5.4-3 Planos de Inundación con y sin Py/20P20002-A-3647-HD-035-0005_0.pdf,2. EIA 2040,4. ADENDA 3,20P20002-A-3647-HD-035-0005_0.pdf,pdf,632065,0.603,EIA 2040 / Adendas / Resolucion,Alta,Pendiente,
DOC-0649,antecedentes/2. EIA 2040/4. ADENDA 3/Anexo 5 Act. PAS/Anexo 5.4 Act. PAS 157/Apéndice 5.4-3 Planos de Inundación con y sin Py/20P20002-A-3647-HD-035-0006_0.pdf,2. EIA 2040,4. ADENDA 3,20P20002-A-3647-HD-035-0006_0.pdf,pdf,672497,0.641,EIA 2040 / Adendas / Resolucion,Alta,Pendiente,
DOC-0650,antecedentes/2. EIA 2040/4. ADENDA 3/Anexo 5 Act. PAS/Anexo 5.4 Act. PAS 157/Apéndice 5.4-3 Planos de Inundación con y sin Py/20P20002-A-3647-HD-035-0007_0.pdf,2. EIA 2040,4. ADENDA 3,20P20002-A-3647-HD-035-0007_0.pdf,pdf,603948,0.576,EIA 2040 / Adendas / Resolucion,Alta,Pendiente,
DOC-0651,antecedentes/2. EIA 2040/4. ADENDA 3/Anexo 5 Act. PAS/Anexo 5.4 Act. PAS 157/Apéndice 5.4-3 Planos de Inundación con y sin Py/20P20002-A-3647-HD-035-0008_0.pdf,2. EIA 2040,4. ADENDA 3,20P20002-A-3647-HD-035-0008_0.pdf,pdf,637397,0.608,EIA 2040 / Adendas / Resolucion,Alta,Pendiente,
DOC-0652,antecedentes/2. EIA 2040/4. ADENDA 3/Anexo 5 Act. PAS/Anexo 5.4 Act. PAS 157/Apéndice 5.4-3 Planos de Inundación con y sin Py/20P20002-A-3647-HD-035-0009_0.pdf,2. EIA 2040,4. ADENDA 3,20P20002-A-3647-HD-035-0009_0.pdf,pdf,663270,0.633,EIA 2040 / Adendas / Resolucion,Alta,Pendiente,
DOC-0653,antecedentes/2. EIA 2040/4. ADENDA 3/Anexo 5 Act. PAS/Anexo 5.4 Act. PAS 157/Apéndice 5.4-3 Planos de Inundación con y sin Py/20P20002-A-3647-HD-035-0010_1.pdf,2. EIA 2040,4. ADENDA 3,20P20002-A-3647-HD-035-0010_1.pdf,pdf,1158751,1.105,EIA 2040 / Adendas / Resolucion,Alta,Pendiente,
DOC-0654,antecedentes/2. EIA 2040/4. ADENDA 3/Anexo 5 Act. PAS/Anexo 5.4 Act. PAS 157/Apéndice 5.4-3 Planos de Inundación con y sin Py/20P20002-A-3647-HD-035-0011_1.pdf,2. EIA 2040,4. ADENDA 3,20P20002-A-3647-HD-035-0011_1.pdf,pdf,1335771,1.274,EIA 2040 / Adendas / Resolucion,Alta,Pendiente,
DOC-0655,antecedentes/2. EIA 2040/4. ADENDA 3/Anexo 5 Act. PAS/Anexo 5.4 Act. PAS 157/Apéndice 5.4-3 Planos de Inundación con y sin Py/20P20002-A-3647-HD-035-0012_1.pdf,2. EIA 2040,4. ADENDA 3,20P20002-A-3647-HD-035-0012_1.pdf,pdf,1194010,1.139,EIA 2040 / Adendas / Resolucion,Alta,Pendiente,
DOC-0656,antecedentes/2. EIA 2040/4. ADENDA 3/Anexo 5 Act. PAS/Anexo 5.4 Act. PAS 157/Apéndice 5.4-3 Planos de Inundación con y sin Py/20P20002-A-3647-HD-035-0013_0.pdf,2. EIA 2040,4. ADENDA 3,20P20002-A-3647-HD-035-0013_0.pdf,pdf,1268451,1.210,EIA 2040 / Adendas / Resolucion,Alta,Pendiente,
DOC-0657,antecedentes/2. EIA 2040/4. ADENDA 3/Anexo 5 Act. PAS/Anexo 5.4 Act. PAS 157/Apéndice 5.4-3 Planos de Inundación con y sin Py/20P20002-A-3647-HD-035-0014_1.pdf,2. EIA 2040,4. ADENDA 3,20P20002-A-3647-HD-035-0014_1.pdf,pdf,1266663,1.208,EIA 2040 / Adendas / Resolucion,Alta,Pendiente,
DOC-0658,antecedentes/2. EIA 2040/4. ADENDA 3/Anexo 5 Act. PAS/Anexo 5.4 Act. PAS 157/Apéndice 5.4-3 Planos de Inundación con y sin Py/20P20002-A-3647-HD-035-0015_1.pdf,2. EIA 2040,4. ADENDA 3,20P20002-A-3647-HD-035-0015_1.pdf,pdf,1181253,1.127,EIA 2040 / Adendas / Resolucion,Alta,Pendiente,
DOC-0659,antecedentes/2. EIA 2040/4. ADENDA 3/Anexo 5 Act. PAS/Anexo 5.4 Act. PAS 157/Apéndice 5.4-3 Planos de Inundación con y sin Py/20P20002-A-3647-HD-035-0016_1.pdf,2. EIA 2040,4. ADENDA 3,20P20002-A-3647-HD-035-0016_1.pdf,pdf,1078938,1.029,EIA 2040 / Adendas / Resolucion,Alta,Pendiente,
DOC-0660,antecedentes/2. EIA 2040/4. ADENDA 3/Anexo 5 Act. PAS/Anexo 5.4 Act. PAS 157/Apéndice 5.4-3 Planos de Inundación con y sin Py/20P20002-A-3647-HD-035-0017_1.pdf,2. EIA 2040,4. ADENDA 3,20P20002-A-3647-HD-035-0017_1.pdf,pdf,1325718,1.264,EIA 2040 / Adendas / Resolucion,Alta,Pendiente,
DOC-0661,antecedentes/2. EIA 2040/4. ADENDA 3/Anexo 5 Act. PAS/Anexo 5.4 Act. PAS 157/Apéndice 5.4-3 Planos de Inundación con y sin Py/20P20002-A-3647-HD-035-0018_1.pdf,2. EIA 2040,4. ADENDA 3,20P20002-A-3647-HD-035-0018_1.pdf,pdf,1239174,1.182,EIA 2040 / Adendas / Resolucion,Alta,Pendiente,
DOC-0662,antecedentes/2. EIA 2040/4. ADENDA 3/Anexo 5 Act. PAS/Anexo 5.4 Act. PAS 157/Apéndice 5.4-3 Planos de Inundación con y sin Py/20P20002-A-3647-HD-035-0019_0.pdf,2. EIA 2040,4. ADENDA 3,20P20002-A-3647-HD-035-0019_0.pdf,pdf,282641,0.270,EIA 2040 / Adendas / Resolucion,Alta,Pendiente,
DOC-0663,antecedentes/2. EIA 2040/4. ADENDA 3/Anexo 5 Act. PAS/Anexo 5.4 Act. PAS 157/Apéndice 5.4-3 Planos de Inundación con y sin Py/20P20002-A-3647-HD-035-0020_0.pdf,2. EIA 2040,4. ADENDA 3,20P20002-A-3647-HD-035-0020_0.pdf,pdf,280064,0.267,EIA 2040 / Adendas / Resolucion,Alta,Pendiente,
DOC-0664,antecedentes/2. EIA 2040/4. ADENDA 3/Anexo 5 Act. PAS/Anexo 5.4 Act. PAS 157/Apéndice 5.4-3 Planos de Inundación con y sin Py/20P20002-A-3647-HD-035-0021_0.pdf,2. EIA 2040,4. ADENDA 3,20P20002-A-3647-HD-035-0021_0.pdf,pdf,300237,0.286,EIA 2040 / Adendas / Resolucion,Alta,Pendiente,
DOC-0665,antecedentes/2. EIA 2040/4. ADENDA 3/Anexo 5 Act. PAS/Anexo 5.4 Act. PAS 157/Apéndice 5.4-3 Planos de Inundación con y sin Py/20P20002-A-3647-HD-035-0022_0.pdf,2. EIA 2040,4. ADENDA 3,20P20002-A-3647-HD-035-0022_0.pdf,pdf,280429,0.267,EIA 2040 / Adendas / Resolucion,Alta,Pendiente,
DOC-0666,antecedentes/2. EIA 2040/4. ADENDA 3/Anexo 5 Act. PAS/Anexo 5.4 Act. PAS 157/Apéndice 5.4-3 Planos de Inundación con y sin Py/20P20002-A-3647-HD-035-0023_0.pdf,2. EIA 2040,4. ADENDA 3,20P20002-A-3647-HD-035-0023_0.pdf,pdf,283541,0.270,EIA 2040 / Adendas / Resolucion,Alta,Pendiente,
DOC-0667,antecedentes/2. EIA 2040/4. ADENDA 3/Anexo 5 Act. PAS/Anexo 5.4 Act. PAS 157/Apéndice 5.4-3 Planos de Inundación con y sin Py/20P20002-A-3647-HD-035-0024_0.pdf,2. EIA 2040,4. ADENDA 3,20P20002-A-3647-HD-035-0024_0.pdf,pdf,291147,0.278,EIA 2040 / Adendas / Resolucion,Alta,Pendiente,
DOC-0668,antecedentes/2. EIA 2040/4. ADENDA 3/Anexo 5 Act. PAS/Anexo 5.4 Act. PAS 157/Apéndice 5.4-3 Planos de Inundación con y sin Py/20P20002-A-3647-HD-035-0025_0.pdf,2. EIA 2040,4. ADENDA 3,20P20002-A-3647-HD-035-0025_0.pdf,pdf,265562,0.253,EIA 2040 / Adendas / Resolucion,Alta,Pendiente,
DOC-0669,antecedentes/2. EIA 2040/4. ADENDA 3/Anexo 5 Act. PAS/Anexo 5.4 Act. PAS 157/Apéndice 5.4-3 Planos de Inundación con y sin Py/20P20002-A-3647-HD-035-0026_0.pdf,2. EIA 2040,4. ADENDA 3,20P20002-A-3647-HD-035-0026_0.pdf,pdf,321959,0.307,EIA 2040 / Adendas / Resolucion,Alta,Pendiente,
DOC-0670,antecedentes/2. EIA 2040/4. ADENDA 3/Anexo 5 Act. PAS/Anexo 5.4 Act. PAS 157/Apéndice 5.4-3 Planos de Inundación con y sin Py/20P20002-A-3647-HD-035-0027_0.pdf,2. EIA 2040,4. ADENDA 3,20P20002-A-3647-HD-035-0027_0.pdf,pdf,296572,0.283,EIA 2040 / Adendas / Resolucion,Alta,Pendiente,
DOC-0671,antecedentes/2. EIA 2040/4. ADENDA 3/Anexo 5 Act. PAS/Anexo 5.4 Act. PAS 157/Apéndice 5.4-3 Planos de Inundación con y sin Py/Portada Apéndice 5.4.3.pdf,2. EIA 2040,4. ADENDA 3,Portada Apéndice 5.4.3.pdf,pdf,45033,0.043,EIA 2040 / Adendas / Resolucion,Alta,Pendiente,
DOC-0672,antecedentes/2. EIA 2040/4. ADENDA 3/Anexo 6 Act. Cap 6 Plan de Medidas/8a0_Anexo_6_Act._Cap_6_Plan_de_Medidas.zip,2. EIA 2040,4. ADENDA 3,8a0_Anexo_6_Act._Cap_6_Plan_de_Medidas.zip,zip,69852923,66.617,EIA 2040 / Adendas / Resolucion,Alta,Pendiente,
DOC-0673,antecedentes/2. EIA 2040/4. ADENDA 3/Anexo 6 Act. Cap 6 Plan de Medidas/Anexo 6 Act. Cap 6 Plan de Medidas/Anexo 6 Act. Cap. 6 Plan de Medidas_Rev 1.pdf,2. EIA 2040,4. ADENDA 3,Anexo 6 Act. Cap. 6 Plan de Medidas_Rev 1.pdf,pdf,2547388,2.429,EIA 2040 / Adendas / Resolucion,Alta,Pendiente,
DOC-0674,antecedentes/2. EIA 2040/4. ADENDA 3/Anexo 6 Act. Cap 6 Plan de Medidas/Anexo 6 Act. Cap 6 Plan de Medidas/Apéndice 6.1 Act Plan de Humectación de caminos.zip,2. EIA 2040,4. ADENDA 3,Apéndice 6.1 Act Plan de Humectación de caminos.zip,zip,2675219,2.551,EIA 2040 / Adendas / Resolucion,Alta,Pendiente,
DOC-0675,antecedentes/2. EIA 2040/4. ADENDA 3/Anexo 6 Act. Cap 6 Plan de Medidas/Anexo 6 Act. Cap 6 Plan de Medidas/Apéndice 6.2 Act. Plan Manejo Ambiental para flora.zip,2. EIA 2040,4. ADENDA 3,Apéndice 6.2 Act. Plan Manejo Ambiental para flora.zip,zip,4464992,4.258,EIA 2040 / Adendas / Resolucion,Alta,Pendiente,
DOC-0676,antecedentes/2. EIA 2040/4. ADENDA 3/Anexo 6 Act. Cap 6 Plan de Medidas/Anexo 6 Act. Cap 6 Plan de Medidas/Apéndice 6.3 Act. Medidas Compensación.zip,2. EIA 2040,4. ADENDA 3,Apéndice 6.3 Act. Medidas Compensación.zip,zip,59501383,56.745,EIA 2040 / Adendas / Resolucion,Alta,Pendiente,
DOC-0677,antecedentes/2. EIA 2040/4. ADENDA 3/Anexo 6 Act. Cap 6 Plan de Medidas/Anexo 6 Act. Cap 6 Plan de Medidas/Apéndice 6.4_Protocolo Propag. Ex Situ Pintoa_Rev 0.pdf,2. EIA 2040,4. ADENDA 3,Apéndice 6.4_Protocolo Propag. Ex Situ Pintoa_Rev 0.pdf,pdf,1016895,0.970,EIA 2040 / Adendas / Resolucion,Alta,Pendiente,
DOC-0678,antecedentes/2. EIA 2040/4. ADENDA 3/Anexo 8 Act. Plan de Seguimiento Ambiental/Anexo 8 Act. Cap 8 Plan Segum Amb_Rev 1.pdf,2. EIA 2040,4. ADENDA 3,Anexo 8 Act. Cap 8 Plan Segum Amb_Rev 1.pdf,pdf,585724,0.559,EIA 2040 / Adendas / Resolucion,Alta,Pendiente,
DOC-0679,antecedentes/2. EIA 2040/4. ADENDA 3/Anexo 8 Act. Plan de Seguimiento Ambiental/Anexo_8_Act._Plan_de_Seguimiento_Ambiental (1).zip,2. EIA 2040,4. ADENDA 3,Anexo_8_Act._Plan_de_Seguimiento_Ambiental (1).zip,zip,15751127,15.021,EIA 2040 / Adendas / Resolucion,Alta,Pendiente,
DOC-0680,antecedentes/2. EIA 2040/4. ADENDA 3/Anexo 8 Act. Plan de Seguimiento Ambiental/Apéndice 8.1_Plan de Seguimiento Ambiental RRHH_Rev2.pdf,2. EIA 2040,4. ADENDA 3,Apéndice 8.1_Plan de Seguimiento Ambiental RRHH_Rev2.pdf,pdf,11334150,10.809,EIA 2040 / Adendas / Resolucion,Alta,Pendiente,
DOC-0681,antecedentes/2. EIA 2040/4. ADENDA 3/Anexo 8 Act. Plan de Seguimiento Ambiental/Apéndice 8.2 Kmz Punto de Monitoreo.zip,2. EIA 2040,4. ADENDA 3,Apéndice 8.2 Kmz Punto de Monitoreo.zip,zip,198859,0.190,EIA 2040 / Adendas / Resolucion,Alta,Pendiente,
DOC-0682,antecedentes/2. EIA 2040/4. ADENDA 3/Anexo 8 Act. Plan de Seguimiento Ambiental/Apéndice 8.2 Kmz Punto de Monitoreo/Calidad del Aire.kmz,2. EIA 2040,4. ADENDA 3,Calidad del Aire.kmz,kmz,1139,0.001,EIA 2040 / Adendas / Resolucion,Alta,Pendiente,
DOC-0683,antecedentes/2. EIA 2040/4. ADENDA 3/Anexo 8 Act. Plan de Seguimiento Ambiental/Apéndice 8.2 Kmz Punto de Monitoreo/Medio Marino.kmz,2. EIA 2040,4. ADENDA 3,Medio Marino.kmz,kmz,2868,0.003,EIA 2040 / Adendas / Resolucion,Alta,Pendiente,
DOC-0684,antecedentes/2. EIA 2040/4. ADENDA 3/Anexo 8 Act. Plan de Seguimiento Ambiental/Apéndice 8.2 Kmz Punto de Monitoreo/Plan Seguim - Ruido.kmz,2. EIA 2040,4. ADENDA 3,Plan Seguim - Ruido.kmz,kmz,3219,0.003,EIA 2040 / Adendas / Resolucion,Alta,Pendiente,
DOC-0685,antecedentes/2. EIA 2040/4. ADENDA 3/Anexo 8 Act. Plan de Seguimiento Ambiental/Apéndice 8.2 Kmz Punto de Monitoreo/Plan Seguim - Vibraciones.kmz,2. EIA 2040,4. ADENDA 3,Plan Seguim - Vibraciones.kmz,kmz,2838,0.003,EIA 2040 / Adendas / Resolucion,Alta,Pendiente,
DOC-0686,antecedentes/2. EIA 2040/4. ADENDA 3/Anexo 8 Act. Plan de Seguimiento Ambiental/Apéndice 8.2 Kmz Punto de Monitoreo/PSA RRHH.kmz,2. EIA 2040,4. ADENDA 3,PSA RRHH.kmz,kmz,3561,0.003,EIA 2040 / Adendas / Resolucion,Alta,Pendiente,
DOC-0687,antecedentes/2. EIA 2040/4. ADENDA 3/Anexo 8 Act. Plan de Seguimiento Ambiental/Apéndice 8.2 Kmz Punto de Monitoreo/Tapa Apéndice 8.2.pdf,2. EIA 2040,4. ADENDA 3,Tapa Apéndice 8.2.pdf,pdf,241790,0.231,EIA 2040 / Adendas / Resolucion,Alta,Pendiente,
DOC-0688,antecedentes/2. EIA 2040/4. ADENDA 3/Anexo 8 Act. Plan de Seguimiento Ambiental/Apéndice 8.3 Lámina PSA RRHH.pdf,2. EIA 2040,4. ADENDA 3,Apéndice 8.3 Lámina PSA RRHH.pdf,pdf,5213560,4.972,EIA 2040 / Adendas / Resolucion,Alta,Pendiente,
DOC-0689,antecedentes/2. EIA 2040/4. ADENDA 3/Anexo 9 Actualización Capítulo 9 - Plan De Cumplimiento De La Legislacion Ambiental Aplicable/a9f_Anexo_9_Act._Cap_9_Plan_Cumplimiento_Leg.pdf,2. EIA 2040,4. ADENDA 3,a9f_Anexo_9_Act._Cap_9_Plan_Cumplimiento_Leg.pdf,pdf,1161776,1.108,EIA 2040 / Adendas / Resolucion,Alta,Pendiente,
DOC-0690,antecedentes/2. EIA 2040/4. ADENDA 3/Panel único de firma.pdf,2. EIA 2040,4. ADENDA 3,Panel único de firma.pdf,pdf,53684,0.051,EIA 2040 / Adendas / Resolucion,Alta,Pendiente,
DOC-0691,antecedentes/2. EIA 2040/5. Resolucion/RCA_Op_Candelaria_Fin.pdf,2. EIA 2040,5. Resolucion,RCA_Op_Candelaria_Fin.pdf,pdf,5740461,5.475,EIA 2040 / Adendas / Resolucion,Alta,Pendiente,
DOC-0692,antecedentes/3. Inventario Emisiones/Anexo 3.2 Actualización Modelación Calidad de Aire/Apéndice 3.2-3 Archivos Digitales KMZ/Fuentes_Emisión_Sector_Mina/Fuentes_Fase_Cierre_Mina.kmz,3. Inventario Emisiones,Anexo 3.2 Actualización Modelación Calidad de Aire,Fuentes_Fase_Cierre_Mina.kmz,kmz,49625,0.047,Inventario / modelacion / eficiencia,Alta,Pendiente,
DOC-0693,antecedentes/3. Inventario Emisiones/Anexo 3.2 Actualización Modelación Calidad de Aire/Apéndice 3.2-3 Archivos Digitales KMZ/Fuentes_Emisión_Sector_Mina/Fuentes_Fase_Construccion_Mina.kmz,3. Inventario Emisiones,Anexo 3.2 Actualización Modelación Calidad de Aire,Fuentes_Fase_Construccion_Mina.kmz,kmz,154128,0.147,Inventario / modelacion / eficiencia,Alta,Pendiente,
DOC-0694,antecedentes/3. Inventario Emisiones/Anexo 3.2 Actualización Modelación Calidad de Aire/Apéndice 3.2-3 Archivos Digitales KMZ/Fuentes_Emisión_Sector_Mina/Fuentes_Fase_Operacion_Mina.kmz,3. Inventario Emisiones,Anexo 3.2 Actualización Modelación Calidad de Aire,Fuentes_Fase_Operacion_Mina.kmz,kmz,63044,0.060,Inventario / modelacion / eficiencia,Alta,Pendiente,
DOC-0695,antecedentes/3. Inventario Emisiones/Anexo 3.2 Actualización Modelación Calidad de Aire/Apéndice 3.2-3 Archivos Digitales KMZ/Fuentes_Emisión_Sector_Puerto/Fuentes_fase_cierre_Puerto.kmz,3. Inventario Emisiones,Anexo 3.2 Actualización Modelación Calidad de Aire,Fuentes_fase_cierre_Puerto.kmz,kmz,10451,0.010,Inventario / modelacion / eficiencia,Alta,Pendiente,
DOC-0696,antecedentes/3. Inventario Emisiones/Anexo 3.2 Actualización Modelación Calidad de Aire/Apéndice 3.2-3 Archivos Digitales KMZ/Fuentes_Emisión_Sector_Puerto/Fuentes_fase_construcción_Puerto.kmz,3. Inventario Emisiones,Anexo 3.2 Actualización Modelación Calidad de Aire,Fuentes_fase_construcción_Puerto.kmz,kmz,22272,0.021,Inventario / modelacion / eficiencia,Alta,Pendiente,
DOC-0697,antecedentes/3. Inventario Emisiones/Anexo 3.2 Actualización Modelación Calidad de Aire/Apéndice 3.2-3 Archivos Digitales KMZ/Fuentes_Emisión_Sector_Puerto/Fuentes_fase_operación_Puerto.kmz,3. Inventario Emisiones,Anexo 3.2 Actualización Modelación Calidad de Aire,Fuentes_fase_operación_Puerto.kmz,kmz,15834,0.015,Inventario / modelacion / eficiencia,Alta,Pendiente,
DOC-0698,antecedentes/3. Inventario Emisiones/Anexo 3.2 Actualización Modelación Calidad de Aire/Apéndice 3.2-3 Archivos Digitales KMZ/Isoc_Sector_Mina/1_Const_Sector_Mina/CONSTRUCCION_ADENDA_3.kmz,3. Inventario Emisiones,Anexo 3.2 Actualización Modelación Calidad de Aire,CONSTRUCCION_ADENDA_3.kmz,kmz,1037639,0.990,Inventario / modelacion / eficiencia,Alta,Pendiente,
DOC-0699,antecedentes/3. Inventario Emisiones/Anexo 3.2 Actualización Modelación Calidad de Aire/Apéndice 3.2-3 Archivos Digitales KMZ/Isoc_Sector_Mina/2_Oper_Sector_Mina/OPERACION_ADENDA_3.kmz,3. Inventario Emisiones,Anexo 3.2 Actualización Modelación Calidad de Aire,OPERACION_ADENDA_3.kmz,kmz,1533888,1.463,Inventario / modelacion / eficiencia,Alta,Pendiente,
DOC-0700,antecedentes/3. Inventario Emisiones/Anexo 3.2 Actualización Modelación Calidad de Aire/Apéndice 3.2-3 Archivos Digitales KMZ/Isoc_Sector_Mina/3_Cierre_Sector_Mina/CIERRE_ADENDA_3.kmz,3. Inventario Emisiones,Anexo 3.2 Actualización Modelación Calidad de Aire,CIERRE_ADENDA_3.kmz,kmz,623799,0.595,Inventario / modelacion / eficiencia,Alta,Pendiente,
DOC-0701,antecedentes/3. Inventario Emisiones/Anexo 3.2 Actualización Modelación Calidad de Aire/Apéndice 3.2-3 Archivos Digitales KMZ/Isoc_Sector_Puerto/1_Con_Sector_Puerto/Isolineas_Construccion.kmz,3. Inventario Emisiones,Anexo 3.2 Actualización Modelación Calidad de Aire,Isolineas_Construccion.kmz,kmz,177511,0.169,Inventario / modelacion / eficiencia,Alta,Pendiente,
DOC-0702,antecedentes/3. Inventario Emisiones/Anexo 3.2 Actualización Modelación Calidad de Aire/Apéndice 3.2-3 Archivos Digitales KMZ/Isoc_Sector_Puerto/2_Ope_Sector_Puerto/Isolineas_Operacion.kmz,3. Inventario Emisiones,Anexo 3.2 Actualización Modelación Calidad de Aire,Isolineas_Operacion.kmz,kmz,158982,0.152,Inventario / modelacion / eficiencia,Alta,Pendiente,
DOC-0703,antecedentes/3. Inventario Emisiones/Anexo 3.2 Actualización Modelación Calidad de Aire/Apéndice 3.2-3 Archivos Digitales KMZ/Isoc_Sector_Puerto/3_Ci_Sector_puerto/Isolineas_Cierre.kmz,3. Inventario Emisiones,Anexo 3.2 Actualización Modelación Calidad de Aire,Isolineas_Cierre.kmz,kmz,152638,0.146,Inventario / modelacion / eficiencia,Alta,Pendiente,
DOC-0704,antecedentes/3. Inventario Emisiones/Anexo 3.2 Actualización Modelación Calidad de Aire/Apéndice 3.2-3 Archivos Digitales KMZ/R_Sector_Mina/Rutas Op_Años_4_A_18/RED_MINA_OP_Año_15_a_18_Pavimento.kmz,3. Inventario Emisiones,Anexo 3.2 Actualización Modelación Calidad de Aire,RED_MINA_OP_Año_15_a_18_Pavimento.kmz,kmz,3287,0.003,Inventario / modelacion / eficiencia,Alta,Pendiente,
DOC-0705,antecedentes/3. Inventario Emisiones/Anexo 3.2 Actualización Modelación Calidad de Aire/Apéndice 3.2-3 Archivos Digitales KMZ/R_Sector_Mina/Rutas Op_Años_4_A_18/RED_MINA_OP_Año_4_a_14_Pavimento.kmz,3. Inventario Emisiones,Anexo 3.2 Actualización Modelación Calidad de Aire,RED_MINA_OP_Año_4_a_14_Pavimento.kmz,kmz,3302,0.003,Inventario / modelacion / eficiencia,Alta,Pendiente,
DOC-0706,antecedentes/3. Inventario Emisiones/Anexo 3.2 Actualización Modelación Calidad de Aire/Apéndice 3.2-3 Archivos Digitales KMZ/Rutas_Sector_Puerto/RUTAS_CIERRE.kmz,3. Inventario Emisiones,Anexo 3.2 Actualización Modelación Calidad de Aire,RUTAS_CIERRE.kmz,kmz,4616,0.004,Inventario / modelacion / eficiencia,Alta,Pendiente,
DOC-0707,antecedentes/3. Inventario Emisiones/Anexo 3.2 Actualización Modelación Calidad de Aire/Apéndice 3.2-3 Archivos Digitales KMZ/Rutas_Sector_Puerto/RUTAS_CONSTRUCCION.kmz,3. Inventario Emisiones,Anexo 3.2 Actualización Modelación Calidad de Aire,RUTAS_CONSTRUCCION.kmz,kmz,9525,0.009,Inventario / modelacion / eficiencia,Alta,Pendiente,
DOC-0708,antecedentes/3. Inventario Emisiones/Anexo 3.2 Actualización Modelación Calidad de Aire/Apéndice 3.2-3 Archivos Digitales KMZ/Rutas_Sector_Puerto/RUTAS_OPERACION.kmz,3. Inventario Emisiones,Anexo 3.2 Actualización Modelación Calidad de Aire,RUTAS_OPERACION.kmz,kmz,8384,0.008,Inventario / modelacion / eficiencia,Alta,Pendiente,
DOC-0709,antecedentes/3. Inventario Emisiones/Anexo 3.2 Actualización Modelación Calidad de Aire/Apéndice 3.2-3 Archivos Digitales KMZ/Tapa Apéndice 3.2-3.pdf,3. Inventario Emisiones,Anexo 3.2 Actualización Modelación Calidad de Aire,Tapa Apéndice 3.2-3.pdf,pdf,10605,0.010,Inventario / modelacion / eficiencia,Alta,Pendiente,
DOC-0710,antecedentes/3. Inventario Emisiones/Anexo 3.2 Actualización Modelación Calidad de Aire/Apéndice 3.2-4 Catálogo de Maquinaria/Cabrestante 3ton_ok.pdf,3. Inventario Emisiones,Anexo 3.2 Actualización Modelación Calidad de Aire,Cabrestante 3ton_ok.pdf,pdf,228381,0.218,Inventario / modelacion / eficiencia,Alta,Pendiente,
DOC-0711,antecedentes/3. Inventario Emisiones/Anexo 3.2 Actualización Modelación Calidad de Aire/Apéndice 3.2-4 Catálogo de Maquinaria/Camion_MIXER-mDRIVE-E5-1_ok.pdf,3. Inventario Emisiones,Anexo 3.2 Actualización Modelación Calidad de Aire,Camion_MIXER-mDRIVE-E5-1_ok.pdf,pdf,388581,0.371,Inventario / modelacion / eficiencia,Alta,Pendiente,
DOC-0712,antecedentes/3. Inventario Emisiones/Anexo 3.2 Actualización Modelación Calidad de Aire/Apéndice 3.2-4 Catálogo de Maquinaria/Cargador Frontal 988K.pdf,3. Inventario Emisiones,Anexo 3.2 Actualización Modelación Calidad de Aire,Cargador Frontal 988K.pdf,pdf,834333,0.796,Inventario / modelacion / eficiencia,Alta,Pendiente,
DOC-0713,antecedentes/3. Inventario Emisiones/Anexo 3.2 Actualización Modelación Calidad de Aire/Apéndice 3.2-4 Catálogo de Maquinaria/CS74B.pdf,3. Inventario Emisiones,Anexo 3.2 Actualización Modelación Calidad de Aire,CS74B.pdf,pdf,498113,0.475,Inventario / modelacion / eficiencia,Alta,Pendiente,
DOC-0714,antecedentes/3. Inventario Emisiones/Anexo 3.2 Actualización Modelación Calidad de Aire/Apéndice 3.2-4 Catálogo de Maquinaria/D10T2_ok.pdf,3. Inventario Emisiones,Anexo 3.2 Actualización Modelación Calidad de Aire,D10T2_ok.pdf,pdf,3839540,3.662,Inventario / modelacion / eficiencia,Alta,Pendiente,
DOC-0715,antecedentes/3. Inventario Emisiones/Anexo 3.2 Actualización Modelación Calidad de Aire/Apéndice 3.2-4 Catálogo de Maquinaria/Excavadora 336.pdf,3. Inventario Emisiones,Anexo 3.2 Actualización Modelación Calidad de Aire,Excavadora 336.pdf,pdf,228204,0.218,Inventario / modelacion / eficiencia,Alta,Pendiente,
DOC-0716,antecedentes/3. Inventario Emisiones/Anexo 3.2 Actualización Modelación Calidad de Aire/Apéndice 3.2-4 Catálogo de Maquinaria/Excavadora 390.pdf,3. Inventario Emisiones,Anexo 3.2 Actualización Modelación Calidad de Aire,Excavadora 390.pdf,pdf,162706,0.155,Inventario / modelacion / eficiencia,Alta,Pendiente,
DOC-0717,antecedentes/3. Inventario Emisiones/Anexo 3.2 Actualización Modelación Calidad de Aire/Apéndice 3.2-4 Catálogo de Maquinaria/Grua Horquilla_ok.pdf,3. Inventario Emisiones,Anexo 3.2 Actualización Modelación Calidad de Aire,Grua Horquilla_ok.pdf,pdf,1967453,1.876,Inventario / modelacion / eficiencia,Alta,Pendiente,
DOC-0718,antecedentes/3. Inventario Emisiones/Anexo 3.2 Actualización Modelación Calidad de Aire/Apéndice 3.2-4 Catálogo de Maquinaria/Grua_ok.pdf,3. Inventario Emisiones,Anexo 3.2 Actualización Modelación Calidad de Aire,Grua_ok.pdf,pdf,4246671,4.050,Inventario / modelacion / eficiencia,Alta,Pendiente,
DOC-0719,antecedentes/3. Inventario Emisiones/Anexo 3.2 Actualización Modelación Calidad de Aire/Apéndice 3.2-4 Catálogo de Maquinaria/Maquina_de_Tiro_ok_25KW_ok.pdf,3. Inventario Emisiones,Anexo 3.2 Actualización Modelación Calidad de Aire,Maquina_de_Tiro_ok_25KW_ok.pdf,pdf,265084,0.253,Inventario / modelacion / eficiencia,Alta,Pendiente,
DOC-0720,antecedentes/3. Inventario Emisiones/Anexo 3.2 Actualización Modelación Calidad de Aire/Apéndice 3.2-4 Catálogo de Maquinaria/maquina_freno_42Kw_ok.pdf,3. Inventario Emisiones,Anexo 3.2 Actualización Modelación Calidad de Aire,maquina_freno_42Kw_ok.pdf,pdf,170444,0.163,Inventario / modelacion / eficiencia,Alta,Pendiente,
DOC-0721,antecedentes/3. Inventario Emisiones/Anexo 3.2 Actualización Modelación Calidad de Aire/Apéndice 3.2-4 Catálogo de Maquinaria/Mini Cargador 242D.pdf,3. Inventario Emisiones,Anexo 3.2 Actualización Modelación Calidad de Aire,Mini Cargador 242D.pdf,pdf,340143,0.324,Inventario / modelacion / eficiencia,Alta,Pendiente,
DOC-0722,antecedentes/3. Inventario Emisiones/Anexo 3.2 Actualización Modelación Calidad de Aire/Apéndice 3.2-4 Catálogo de Maquinaria/Motoniveladora 16m.pdf,3. Inventario Emisiones,Anexo 3.2 Actualización Modelación Calidad de Aire,Motoniveladora 16m.pdf,pdf,3249031,3.099,Inventario / modelacion / eficiencia,Alta,Pendiente,
DOC-0723,antecedentes/3. Inventario Emisiones/Anexo 3.2 Actualización Modelación Calidad de Aire/Apéndice 3.2-4 Catálogo de Maquinaria/Perforadora Roc L8_ok.pdf,3. Inventario Emisiones,Anexo 3.2 Actualización Modelación Calidad de Aire,Perforadora Roc L8_ok.pdf,pdf,223747,0.213,Inventario / modelacion / eficiencia,Alta,Pendiente,
DOC-0724,antecedentes/3. Inventario Emisiones/Anexo 3.2 Actualización Modelación Calidad de Aire/Apéndice 3.2-4 Catálogo de Maquinaria/Pit Viper 275.pdf,3. Inventario Emisiones,Anexo 3.2 Actualización Modelación Calidad de Aire,Pit Viper 275.pdf,pdf,4451076,4.245,Inventario / modelacion / eficiencia,Alta,Pendiente,
DOC-0725,antecedentes/3. Inventario Emisiones/Anexo 3.2 Actualización Modelación Calidad de Aire/Apéndice 3.2-4 Catálogo de Maquinaria/Retroexcavadora 420F.pdf,3. Inventario Emisiones,Anexo 3.2 Actualización Modelación Calidad de Aire,Retroexcavadora 420F.pdf,pdf,465952,0.444,Inventario / modelacion / eficiencia,Alta,Pendiente,
DOC-0726,antecedentes/3. Inventario Emisiones/Anexo 3.2 Actualización Modelación Calidad de Aire/Apéndice 3.2-4 Catálogo de Maquinaria/Retroexcavadora 420F_ok.pdf,3. Inventario Emisiones,Anexo 3.2 Actualización Modelación Calidad de Aire,Retroexcavadora 420F_ok.pdf,pdf,465952,0.444,Inventario / modelacion / eficiencia,Alta,Pendiente,
DOC-0727,antecedentes/3. Inventario Emisiones/Anexo 3.2 Actualización Modelación Calidad de Aire/Apéndice 3.2-4 Catálogo de Maquinaria/Tapa Apéndice 3.2-4.pdf,3. Inventario Emisiones,Anexo 3.2 Actualización Modelación Calidad de Aire,Tapa Apéndice 3.2-4.pdf,pdf,10500,0.010,Inventario / modelacion / eficiencia,Alta,Pendiente,
DOC-0728,antecedentes/3. Inventario Emisiones/Anexo 3.2 Actualización Modelación Calidad de Aire/Apéndice 3.2-4 Catálogo de Maquinaria/Track Dill MD5075.pdf,3. Inventario Emisiones,Anexo 3.2 Actualización Modelación Calidad de Aire,Track Dill MD5075.pdf,pdf,181611,0.173,Inventario / modelacion / eficiencia,Alta,Pendiente,
DOC-0729,antecedentes/3. Inventario Emisiones/Anexo 3.2 Actualización Modelación Calidad de Aire/Apéndice 3.2-4 Catálogo de Maquinaria/Wheeldozer 834K.pdf,3. Inventario Emisiones,Anexo 3.2 Actualización Modelación Calidad de Aire,Wheeldozer 834K.pdf,pdf,2681548,2.557,Inventario / modelacion / eficiencia,Alta,Pendiente,
DOC-0730,antecedentes/3. Inventario Emisiones/Anexo 3.2 Actualización Modelación Calidad de Aire/Apéndice 3.2-5 Inf Validación Ef/Acápite 3.2.5-1 Inf Medición en Terreno/2018.zip,3. Inventario Emisiones,Anexo 3.2 Actualización Modelación Calidad de Aire,2018.zip,zip,15225637,14.520,Inventario / modelacion / eficiencia,Alta,Pendiente,
DOC-0731,antecedentes/3. Inventario Emisiones/Anexo 3.2 Actualización Modelación Calidad de Aire/Apéndice 3.2-5 Inf Validación Ef/Acápite 3.2.5-1 Inf Medición en Terreno/2019.zip,3. Inventario Emisiones,Anexo 3.2 Actualización Modelación Calidad de Aire,2019.zip,zip,6770728,6.457,Inventario / modelacion / eficiencia,Alta,Pendiente,
DOC-0732,antecedentes/3. Inventario Emisiones/Anexo 3.2 Actualización Modelación Calidad de Aire/Apéndice 3.2-5 Inf Validación Ef/Acápite 3.2.5-1 Inf Medición en Terreno/2020.zip,3. Inventario Emisiones,Anexo 3.2 Actualización Modelación Calidad de Aire,2020.zip,zip,5263536,5.020,Inventario / modelacion / eficiencia,Alta,Pendiente,
DOC-0733,antecedentes/3. Inventario Emisiones/Anexo 3.2 Actualización Modelación Calidad de Aire/Apéndice 3.2-5 Inf Validación Ef/Apéndice 3.2-5 Informe de validación de eficiencias de control de polvo.pdf,3. Inventario Emisiones,Anexo 3.2 Actualización Modelación Calidad de Aire,Apéndice 3.2-5 Informe de validación de eficiencias de control de polvo.pdf,pdf,2566345,2.447,Inventario / modelacion / eficiencia,Alta,Pendiente,
DOC-0734,antecedentes/3. Inventario Emisiones/Anexo 3.2 Actualización Modelación Calidad de Aire/Apéndice 3.2-6 Certificado Análisis Suelo/Apéndice 3.2-6 Certificado Análisis Muestras de suelo Rev 0.pdf,3. Inventario Emisiones,Anexo 3.2 Actualización Modelación Calidad de Aire,Apéndice 3.2-6 Certificado Análisis Muestras de suelo Rev 0.pdf,pdf,18408374,17.556,Inventario / modelacion / eficiencia,Alta,Pendiente,
DOC-0735,antecedentes/3. Inventario Emisiones/Link descarga modelo EIA 2040.docx,3. Inventario Emisiones,,Link descarga modelo EIA 2040.docx,docx,14992,0.014,Inventario / modelacion / eficiencia,Alta,Pendiente,
DOC-0736,antecedentes/Antecedentes NC SGS/Detalle Zip.txt,Antecedentes NC SGS,,Detalle Zip.txt,txt,112,0.000,No conformidades / planes de accion,Alta,Pendiente,
DOC-0737,antecedentes/Antecedentes NC SGS/NC 01. Desconexión estaciones y QMonitor - 12-01-2026/Carta EHS2026_009_CCMC.pdf,Antecedentes NC SGS,NC 01. Desconexión estaciones y QMonitor - 12-01-2026,Carta EHS2026_009_CCMC.pdf,pdf,878016,0.837,No conformidades / planes de accion,Alta,Pendiente,
DOC-0738,antecedentes/Antecedentes NC SGS/NC 01. Desconexión estaciones y QMonitor - 12-01-2026/Carta EHS2026_010_QMonitorCCMC.pdf,Antecedentes NC SGS,NC 01. Desconexión estaciones y QMonitor - 12-01-2026,Carta EHS2026_010_QMonitorCCMC.pdf,pdf,878742,0.838,No conformidades / planes de accion,Alta,Pendiente,
DOC-0739,antecedentes/Antecedentes NC SGS/NC 01. Desconexión estaciones y QMonitor - 12-01-2026/Libro de Obra Digital - NC 12-01-2026.pdf,Antecedentes NC SGS,NC 01. Desconexión estaciones y QMonitor - 12-01-2026,Libro de Obra Digital - NC 12-01-2026.pdf,pdf,188483,0.180,No conformidades / planes de accion,Alta,Pendiente,
DOC-0740,antecedentes/Antecedentes NC SGS/NC 01. Desconexión estaciones y QMonitor - 12-01-2026/NC-SGS-MADS.docx,Antecedentes NC SGS,NC 01. Desconexión estaciones y QMonitor - 12-01-2026,NC-SGS-MADS.docx,docx,38403,0.037,No conformidades / planes de accion,Alta,Pendiente,
DOC-0741,antecedentes/Antecedentes NC SGS/NC 01. Desconexión estaciones y QMonitor - 12-01-2026/NC-SGS-MADS.pdf,Antecedentes NC SGS,NC 01. Desconexión estaciones y QMonitor - 12-01-2026,NC-SGS-MADS.pdf,pdf,103537,0.099,No conformidades / planes de accion,Alta,Pendiente,
DOC-0742,antecedentes/Antecedentes NC SGS/NC 01. Desconexión estaciones y QMonitor - 12-01-2026/NC-SGS-MADS_firma_12-01-2026.pdf,Antecedentes NC SGS,NC 01. Desconexión estaciones y QMonitor - 12-01-2026,NC-SGS-MADS_firma_12-01-2026.pdf,pdf,346597,0.331,No conformidades / planes de accion,Alta,Pendiente,
DOC-0743,antecedentes/Antecedentes NC SGS/NC 01. Desconexión estaciones y QMonitor - 12-01-2026/NC2-SGS-MADS.docx,Antecedentes NC SGS,NC 01. Desconexión estaciones y QMonitor - 12-01-2026,NC2-SGS-MADS.docx,docx,38311,0.037,No conformidades / planes de accion,Alta,Pendiente,
DOC-0744,antecedentes/Antecedentes NC SGS/NC 01. Desconexión estaciones y QMonitor - 12-01-2026/Plan de Accin SGS CCMC_150126_v3.xlsx,Antecedentes NC SGS,NC 01. Desconexión estaciones y QMonitor - 12-01-2026,Plan de Accin SGS CCMC_150126_v3.xlsx,xlsx,425003,0.405,No conformidades / planes de accion,Alta,Pendiente,
DOC-0745,antecedentes/Antecedentes NC SGS/NC 01. Desconexión estaciones y QMonitor - 12-01-2026/Plan de acción NC enero 2026/2/Comparativo discreto TAMA continuo vs Discreto.msg,Antecedentes NC SGS,NC 01. Desconexión estaciones y QMonitor - 12-01-2026,Comparativo discreto TAMA continuo vs Discreto.msg,msg,1187840,1.133,No conformidades / planes de accion,Alta,Pendiente,
DOC-0746,antecedentes/Antecedentes NC SGS/NC 01. Desconexión estaciones y QMonitor - 12-01-2026/Plan de acción NC enero 2026/4/Desconexiones de estaciones.msg,Antecedentes NC SGS,NC 01. Desconexión estaciones y QMonitor - 12-01-2026,Desconexiones de estaciones.msg,msg,761344,0.726,No conformidades / planes de accion,Alta,Pendiente,
DOC-0747,antecedentes/Antecedentes NC SGS/NC 01. Desconexión estaciones y QMonitor - 12-01-2026/Plan de acción NC enero 2026/4/Re_ [EXTERNAL] Desconexiones de estaciones.msg,Antecedentes NC SGS,NC 01. Desconexión estaciones y QMonitor - 12-01-2026,Re_ [EXTERNAL] Desconexiones de estaciones.msg,msg,310272,0.296,No conformidades / planes de accion,Alta,Pendiente,
DOC-0748,antecedentes/Antecedentes NC SGS/NC 01. Desconexión estaciones y QMonitor - 12-01-2026/Plan de acción NC enero 2026/Compromisos NC.xlsx,Antecedentes NC SGS,NC 01. Desconexión estaciones y QMonitor - 12-01-2026,Compromisos NC.xlsx,xlsx,11389,0.011,No conformidades / planes de accion,Alta,Pendiente,
DOC-0749,antecedentes/Antecedentes NC SGS/NC 01. Desconexión estaciones y QMonitor - 12-01-2026/Respuesta NC 12-01-2026/Carta EHS2026_009_CCMC.pdf,Antecedentes NC SGS,NC 01. Desconexión estaciones y QMonitor - 12-01-2026,Carta EHS2026_009_CCMC.pdf,pdf,878016,0.837,No conformidades / planes de accion,Alta,Pendiente,
DOC-0750,antecedentes/Antecedentes NC SGS/NC 01. Desconexión estaciones y QMonitor - 12-01-2026/Respuesta NC 12-01-2026/Carta EHS2026_010_QMonitorCCMC.pdf,Antecedentes NC SGS,NC 01. Desconexión estaciones y QMonitor - 12-01-2026,Carta EHS2026_010_QMonitorCCMC.pdf,pdf,878742,0.838,No conformidades / planes de accion,Alta,Pendiente,
DOC-0751,antecedentes/Antecedentes NC SGS/NC 01. Desconexión estaciones y QMonitor - 12-01-2026/Respuesta NC 12-01-2026/Plan de Accin SGS CCMC_150126_v3.xlsx,Antecedentes NC SGS,NC 01. Desconexión estaciones y QMonitor - 12-01-2026,Plan de Accin SGS CCMC_150126_v3.xlsx,xlsx,425003,0.405,No conformidades / planes de accion,Alta,Pendiente,
DOC-0752,antecedentes/Antecedentes NC SGS/NC 02. Documentos y monitoreos 12-04-2026/1. Incumplimiento de Reportabilidad y Omisión de Datos el 31-03-2026/1.png,Antecedentes NC SGS,NC 02. Documentos y monitoreos 12-04-2026,1.png,png,91223,0.087,No conformidades / planes de accion,Alta,Pendiente,
DOC-0753,antecedentes/Antecedentes NC SGS/NC 02. Documentos y monitoreos 12-04-2026/1. Incumplimiento de Reportabilidad y Omisión de Datos el 31-03-2026/2.png,Antecedentes NC SGS,NC 02. Documentos y monitoreos 12-04-2026,2.png,png,126103,0.120,No conformidades / planes de accion,Alta,Pendiente,
DOC-0754,antecedentes/Antecedentes NC SGS/NC 02. Documentos y monitoreos 12-04-2026/1. Incumplimiento de Reportabilidad y Omisión de Datos el 31-03-2026/3.png,Antecedentes NC SGS,NC 02. Documentos y monitoreos 12-04-2026,3.png,png,121403,0.116,No conformidades / planes de accion,Alta,Pendiente,
DOC-0755,antecedentes/Antecedentes NC SGS/NC 02. Documentos y monitoreos 12-04-2026/2. Entrega tardía de informes de eficiencia de caminos compensatorios/1.png,Antecedentes NC SGS,NC 02. Documentos y monitoreos 12-04-2026,1.png,png,165698,0.158,No conformidades / planes de accion,Alta,Pendiente,
DOC-0756,antecedentes/Antecedentes NC SGS/NC 02. Documentos y monitoreos 12-04-2026/3. Deficiencias en coordinación y errores técnicos el 19-12-2025/1.png,Antecedentes NC SGS,NC 02. Documentos y monitoreos 12-04-2026,1.png,png,69588,0.066,No conformidades / planes de accion,Alta,Pendiente,
DOC-0757,antecedentes/Antecedentes NC SGS/NC 02. Documentos y monitoreos 12-04-2026/3. Deficiencias en coordinación y errores técnicos el 19-12-2025/2.png,Antecedentes NC SGS,NC 02. Documentos y monitoreos 12-04-2026,2.png,png,84574,0.081,No conformidades / planes de accion,Alta,Pendiente,
DOC-0758,antecedentes/Antecedentes NC SGS/NC 02. Documentos y monitoreos 12-04-2026/3. Deficiencias en coordinación y errores técnicos el 19-12-2025/3.png,Antecedentes NC SGS,NC 02. Documentos y monitoreos 12-04-2026,3.png,png,98899,0.094,No conformidades / planes de accion,Alta,Pendiente,
DOC-0759,antecedentes/Antecedentes NC SGS/NC 02. Documentos y monitoreos 12-04-2026/3. Deficiencias en coordinación y errores técnicos el 19-12-2025/WhatsApp Image 2026-04-02 at 10.36.17 AM.jpeg,Antecedentes NC SGS,NC 02. Documentos y monitoreos 12-04-2026,WhatsApp Image 2026-04-02 at 10.36.17 AM.jpeg,jpeg,141779,0.135,No conformidades / planes de accion,Alta,Pendiente,
DOC-0760,antecedentes/Antecedentes NC SGS/NC 02. Documentos y monitoreos 12-04-2026/4. Incumplimiento técnico en informes reportables/V-CAN-26032025-III-48_Rev0.pdf,Antecedentes NC SGS,NC 02. Documentos y monitoreos 12-04-2026,V-CAN-26032025-III-48_Rev0.pdf,pdf,14687347,14.007,No conformidades / planes de accion,Alta,Pendiente,
DOC-0761,antecedentes/Antecedentes NC SGS/NC 02. Documentos y monitoreos 12-04-2026/5. Preparación para compromisos EIA 2040 (Protocolo de Purga)/1.jpg,Antecedentes NC SGS,NC 02. Documentos y monitoreos 12-04-2026,1.jpg,jpg,83267,0.079,No conformidades / planes de accion,Alta,Pendiente,
DOC-0762,antecedentes/Antecedentes NC SGS/NC 02. Documentos y monitoreos 12-04-2026/5. Preparación para compromisos EIA 2040 (Protocolo de Purga)/2.jpg,Antecedentes NC SGS,NC 02. Documentos y monitoreos 12-04-2026,2.jpg,jpg,64050,0.061,No conformidades / planes de accion,Alta,Pendiente,
DOC-0763,antecedentes/Antecedentes NC SGS/NC 02. Documentos y monitoreos 12-04-2026/5. Preparación para compromisos EIA 2040 (Protocolo de Purga)/3.jpg,Antecedentes NC SGS,NC 02. Documentos y monitoreos 12-04-2026,3.jpg,jpg,99628,0.095,No conformidades / planes de accion,Alta,Pendiente,
DOC-0764,antecedentes/Antecedentes NC SGS/NC 02. Documentos y monitoreos 12-04-2026/5. Preparación para compromisos EIA 2040 (Protocolo de Purga)/4.jpg,Antecedentes NC SGS,NC 02. Documentos y monitoreos 12-04-2026,4.jpg,jpg,109034,0.104,No conformidades / planes de accion,Alta,Pendiente,
DOC-0765,antecedentes/Antecedentes NC SGS/NC 02. Documentos y monitoreos 12-04-2026/5. Preparación para compromisos EIA 2040 (Protocolo de Purga)/Información PSA - PMO - PMI Candelaria 2040.eml,Antecedentes NC SGS,NC 02. Documentos y monitoreos 12-04-2026,Información PSA - PMO - PMI Candelaria 2040.eml,eml,38060,0.036,No conformidades / planes de accion,Alta,Pendiente,
DOC-0766,antecedentes/Antecedentes NC SGS/NC 02. Documentos y monitoreos 12-04-2026/5. Preparación para compromisos EIA 2040 (Protocolo de Purga)/Matriz Compromisos EIA2040_vGMA.xlsx,Antecedentes NC SGS,NC 02. Documentos y monitoreos 12-04-2026,Matriz Compromisos EIA2040_vGMA.xlsx,xlsx,426756,0.407,No conformidades / planes de accion,Alta,Pendiente,
DOC-0767,antecedentes/Antecedentes NC SGS/NC 02. Documentos y monitoreos 12-04-2026/5. Preparación para compromisos EIA 2040 (Protocolo de Purga)/Propuesta datos estación de Monitoreos.eml,Antecedentes NC SGS,NC 02. Documentos y monitoreos 12-04-2026,Propuesta datos estación de Monitoreos.eml,eml,75585,0.072,No conformidades / planes de accion,Alta,Pendiente,
DOC-0768,antecedentes/Antecedentes NC SGS/NC 02. Documentos y monitoreos 12-04-2026/5. Preparación para compromisos EIA 2040 (Protocolo de Purga)/Protocolo Purga Pozos PSA Candelaria 2040.eml,Antecedentes NC SGS,NC 02. Documentos y monitoreos 12-04-2026,Protocolo Purga Pozos PSA Candelaria 2040.eml,eml,203255,0.194,No conformidades / planes de accion,Alta,Pendiente,
DOC-0769,antecedentes/Antecedentes NC SGS/NC 02. Documentos y monitoreos 12-04-2026/5. Preparación para compromisos EIA 2040 (Protocolo de Purga)/RCA_Op_Candelaria 2040_1169_2023.pdf,Antecedentes NC SGS,NC 02. Documentos y monitoreos 12-04-2026,RCA_Op_Candelaria 2040_1169_2023.pdf,pdf,5723354,5.458,No conformidades / planes de accion,Alta,Pendiente,
DOC-0770,antecedentes/Antecedentes NC SGS/NC 02. Documentos y monitoreos 12-04-2026/5. Preparación para compromisos EIA 2040 (Protocolo de Purga)/RV Compromisos 2040.eml,Antecedentes NC SGS,NC 02. Documentos y monitoreos 12-04-2026,RV Compromisos 2040.eml,eml,8690025,8.287,No conformidades / planes de accion,Alta,Pendiente,
DOC-0771,antecedentes/Antecedentes NC SGS/NC 02. Documentos y monitoreos 12-04-2026/5. Preparación para compromisos EIA 2040 (Protocolo de Purga)/RV Información PSA - PMO - PMI Candelaria 2040.eml,Antecedentes NC SGS,NC 02. Documentos y monitoreos 12-04-2026,RV Información PSA - PMO - PMI Candelaria 2040.eml,eml,29068579,27.722,No conformidades / planes de accion,Alta,Pendiente,
DOC-0772,antecedentes/Antecedentes NC SGS/NC 02. Documentos y monitoreos 12-04-2026/Antecedentes SGS abirl 2026.docx,Antecedentes NC SGS,NC 02. Documentos y monitoreos 12-04-2026,Antecedentes SGS abirl 2026.docx,docx,18801,0.018,No conformidades / planes de accion,Alta,Pendiente,
DOC-0773,antecedentes/Antecedentes NC SGS/NC 02. Documentos y monitoreos 12-04-2026/Carta_No_Conformidad_SGS 09042026.docx,Antecedentes NC SGS,NC 02. Documentos y monitoreos 12-04-2026,Carta_No_Conformidad_SGS 09042026.docx,docx,220719,0.210,No conformidades / planes de accion,Alta,Pendiente,
DOC-0774,antecedentes/Antecedentes NC SGS/NC 02. Documentos y monitoreos 12-04-2026/Carta_No_Conformidad_SGS 09042026.pdf,Antecedentes NC SGS,NC 02. Documentos y monitoreos 12-04-2026,Carta_No_Conformidad_SGS 09042026.pdf,pdf,403941,0.385,No conformidades / planes de accion,Alta,Pendiente,
DOC-0775,antecedentes/Antecedentes NC SGS/NC 02. Documentos y monitoreos 12-04-2026/LOD_Carta_No_Conformidad_SGS 09042026.pdf,Antecedentes NC SGS,NC 02. Documentos y monitoreos 12-04-2026,LOD_Carta_No_Conformidad_SGS 09042026.pdf,pdf,203884,0.194,No conformidades / planes de accion,Alta,Pendiente,
DOC-0776,antecedentes/Antecedentes NC SGS/NC 02. Documentos y monitoreos 12-04-2026/Plan de Accin_Minera Candelaria 1 1.xlsx,Antecedentes NC SGS,NC 02. Documentos y monitoreos 12-04-2026,Plan de Accin_Minera Candelaria 1 1.xlsx,xlsx,52568,0.050,No conformidades / planes de accion,Alta,Pendiente,
DOC-0777,antecedentes/Antecedentes NC SGS/NC 02. Documentos y monitoreos 12-04-2026/Plan de Acción Minera Candelaria_Cierre_03-06-2026.xlsx,Antecedentes NC SGS,NC 02. Documentos y monitoreos 12-04-2026,Plan de Acción Minera Candelaria_Cierre_03-06-2026.xlsx,xlsx,52419,0.050,No conformidades / planes de accion,Alta,Pendiente,
DOC-0778,antecedentes/Antecedentes NC SGS/NC 02. Documentos y monitoreos 12-04-2026/Programa de monitoreo 2026/Programa 2026 Maestro.xlsx,Antecedentes NC SGS,NC 02. Documentos y monitoreos 12-04-2026,Programa 2026 Maestro.xlsx,xlsx,57017,0.054,No conformidades / planes de accion,Alta,Pendiente,
DOC-0779,antecedentes/Antecedentes NC SGS/NC 02. Documentos y monitoreos 12-04-2026/Programa de monitoreo 2026/Programa Aguas ETFA 2026.xls,Antecedentes NC SGS,NC 02. Documentos y monitoreos 12-04-2026,Programa Aguas ETFA 2026.xls,xls,287232,0.274,No conformidades / planes de accion,Alta,Pendiente,
DOC-0780,antecedentes/Antecedentes NC SGS/NC 02. Documentos y monitoreos 12-04-2026/Programa de monitoreo 2026/Programa Aguas Interno CCMC  2026.xls,Antecedentes NC SGS,NC 02. Documentos y monitoreos 12-04-2026,Programa Aguas Interno CCMC  2026.xls,xls,195584,0.187,No conformidades / planes de accion,Alta,Pendiente,
DOC-0781,antecedentes/Antecedentes NC SGS/NC 02. Documentos y monitoreos 12-04-2026/Programa de monitoreo 2026/Programa Aguas Interno CCMO  2026.xls,Antecedentes NC SGS,NC 02. Documentos y monitoreos 12-04-2026,Programa Aguas Interno CCMO  2026.xls,xls,151552,0.145,No conformidades / planes de accion,Alta,Pendiente,
DOC-0782,antecedentes/Antecedentes NC SGS/NC 02. Documentos y monitoreos 12-04-2026/Programa de monitoreo 2026/PROGRAMA DE EFICIENCIA_2026.xlsx,Antecedentes NC SGS,NC 02. Documentos y monitoreos 12-04-2026,PROGRAMA DE EFICIENCIA_2026.xlsx,xlsx,16952,0.016,No conformidades / planes de accion,Alta,Pendiente,
DOC-0783,antecedentes/Antecedentes NC SGS/NC 02. Documentos y monitoreos 12-04-2026/Programa de monitoreo 2026/Programa Monitoteo Alcaparrosa 2026.xlsx,Antecedentes NC SGS,NC 02. Documentos y monitoreos 12-04-2026,Programa Monitoteo Alcaparrosa 2026.xlsx,xlsx,394085,0.376,No conformidades / planes de accion,Alta,Pendiente,
DOC-0784,antecedentes/Antecedentes NC SGS/NC 02. Documentos y monitoreos 12-04-2026/Programa de monitoreo 2026/PROGRAMA RUIDO Y VIBRACIONES_2026 ACC.xlsx,Antecedentes NC SGS,NC 02. Documentos y monitoreos 12-04-2026,PROGRAMA RUIDO Y VIBRACIONES_2026 ACC.xlsx,xlsx,131149,0.125,No conformidades / planes de accion,Alta,Pendiente,
DOC-0785,antecedentes/Antecedentes NC SGS/NC 02. Documentos y monitoreos 12-04-2026/Re [EXTERNAL] Reportabilidad RES31 Monitoreo Febrero 2026.eml,Antecedentes NC SGS,NC 02. Documentos y monitoreos 12-04-2026,Re [EXTERNAL] Reportabilidad RES31 Monitoreo Febrero 2026.eml,eml,866418,0.826,No conformidades / planes de accion,Alta,Pendiente,
DOC-0786,antecedentes/Antecedentes NC SGS/NC 02. Documentos y monitoreos 12-04-2026/Respuesta/Carta EHS2026_108_Candelaria_Plan de Accin.pdf,Antecedentes NC SGS,NC 02. Documentos y monitoreos 12-04-2026,Carta EHS2026_108_Candelaria_Plan de Accin.pdf,pdf,351913,0.336,No conformidades / planes de accion,Alta,Pendiente,
DOC-0787,antecedentes/Antecedentes NC SGS/NC 02. Documentos y monitoreos 12-04-2026/Respuesta/Plan de Accin_Minera Candelaria 1 1.xlsx,Antecedentes NC SGS,NC 02. Documentos y monitoreos 12-04-2026,Plan de Accin_Minera Candelaria 1 1.xlsx,xlsx,52604,0.050,No conformidades / planes de accion,Alta,Pendiente,
DOC-0788,antecedentes/Antecedentes NC SGS/NC 02. Documentos y monitoreos 12-04-2026/SGS-Abril 2026.docx,Antecedentes NC SGS,NC 02. Documentos y monitoreos 12-04-2026,SGS-Abril 2026.docx,docx,37361,0.036,No conformidades / planes de accion,Alta,Pendiente,
DOC-0789,antecedentes/Antecedentes NC SGS/NC 03. MPS - 06-05-2026.zip,Antecedentes NC SGS,,NC 03. MPS - 06-05-2026.zip,zip,95499804,91.076,No conformidades / planes de accion,Alta,Pendiente,
DOC-0790,antecedentes/Antecedentes NC SGS/NC 03. MPS - 06-05-2026/Carta_No_Conformidad_SGS 06-5-2026.docx,Antecedentes NC SGS,NC 03. MPS - 06-05-2026,Carta_No_Conformidad_SGS 06-5-2026.docx,docx,220436,0.210,No conformidades / planes de accion,Alta,Pendiente,
DOC-0791,antecedentes/Antecedentes NC SGS/NC 03. MPS - 06-05-2026/Carta_No_Conformidad_SGS 06-5-2026.pdf,Antecedentes NC SGS,NC 03. MPS - 06-05-2026,Carta_No_Conformidad_SGS 06-5-2026.pdf,pdf,376490,0.359,No conformidades / planes de accion,Alta,Pendiente,
DOC-0792,antecedentes/Antecedentes NC SGS/NC 03. MPS - 06-05-2026/Mina/01. ES26-09219_F MINA_ENERO 26.PDF,Antecedentes NC SGS,NC 03. MPS - 06-05-2026,01. ES26-09219_F MINA_ENERO 26.PDF,pdf,131588,0.125,No conformidades / planes de accion,Alta,Pendiente,
DOC-0793,antecedentes/Antecedentes NC SGS/NC 03. MPS - 06-05-2026/Mina/02. ES26-16626_F MINA_FEBRERO 26.PDF,Antecedentes NC SGS,NC 03. MPS - 06-05-2026,02. ES26-16626_F MINA_FEBRERO 26.PDF,pdf,130487,0.124,No conformidades / planes de accion,Alta,Pendiente,
DOC-0794,antecedentes/Antecedentes NC SGS/NC 03. MPS - 06-05-2026/Mina/03. ES26-24793_F MINA_MARZO 26.PDF,Antecedentes NC SGS,NC 03. MPS - 06-05-2026,03. ES26-24793_F MINA_MARZO 26.PDF,pdf,131665,0.126,No conformidades / planes de accion,Alta,Pendiente,
DOC-0795,antecedentes/Antecedentes NC SGS/NC 03. MPS - 06-05-2026/Mina/2025/01. ES25-11429_F MINA_ENERO 25.PDF,Antecedentes NC SGS,NC 03. MPS - 06-05-2026,01. ES25-11429_F MINA_ENERO 25.PDF,pdf,130934,0.125,No conformidades / planes de accion,Alta,Pendiente,
DOC-0796,antecedentes/Antecedentes NC SGS/NC 03. MPS - 06-05-2026/Mina/2025/02. ES25-13565_F MINA_FEBRERO 25.PDF,Antecedentes NC SGS,NC 03. MPS - 06-05-2026,02. ES25-13565_F MINA_FEBRERO 25.PDF,pdf,131075,0.125,No conformidades / planes de accion,Alta,Pendiente,
DOC-0797,antecedentes/Antecedentes NC SGS/NC 03. MPS - 06-05-2026/Mina/2025/03. ES25-20696_F MINA_MARZO 25.PDF,Antecedentes NC SGS,NC 03. MPS - 06-05-2026,03. ES25-20696_F MINA_MARZO 25.PDF,pdf,131216,0.125,No conformidades / planes de accion,Alta,Pendiente,
DOC-0798,antecedentes/Antecedentes NC SGS/NC 03. MPS - 06-05-2026/Mina/2025/04. ES25-31576_F MINA_ABRIL 25.PDF,Antecedentes NC SGS,NC 03. MPS - 06-05-2026,04. ES25-31576_F MINA_ABRIL 25.PDF,pdf,131184,0.125,No conformidades / planes de accion,Alta,Pendiente,
DOC-0799,antecedentes/Antecedentes NC SGS/NC 03. MPS - 06-05-2026/Mina/2025/05. ES25-36107_F MINA_MAYO 25.PDF,Antecedentes NC SGS,NC 03. MPS - 06-05-2026,05. ES25-36107_F MINA_MAYO 25.PDF,pdf,131413,0.125,No conformidades / planes de accion,Alta,Pendiente,
DOC-0800,antecedentes/Antecedentes NC SGS/NC 03. MPS - 06-05-2026/Mina/2025/06. ES25-42970_F MINA_JUNIO 25.PDF,Antecedentes NC SGS,NC 03. MPS - 06-05-2026,06. ES25-42970_F MINA_JUNIO 25.PDF,pdf,131087,0.125,No conformidades / planes de accion,Alta,Pendiente,
DOC-0801,antecedentes/Antecedentes NC SGS/NC 03. MPS - 06-05-2026/Mina/2025/07. ES25-50005_F MINA_JULIO 25.PDF,Antecedentes NC SGS,NC 03. MPS - 06-05-2026,07. ES25-50005_F MINA_JULIO 25.PDF,pdf,130395,0.124,No conformidades / planes de accion,Alta,Pendiente,
DOC-0802,antecedentes/Antecedentes NC SGS/NC 03. MPS - 06-05-2026/Mina/2025/08. ES25-56746_F MINA_AGOSTO 25.PDF,Antecedentes NC SGS,NC 03. MPS - 06-05-2026,08. ES25-56746_F MINA_AGOSTO 25.PDF,pdf,130759,0.125,No conformidades / planes de accion,Alta,Pendiente,
DOC-0803,antecedentes/Antecedentes NC SGS/NC 03. MPS - 06-05-2026/Mina/2025/09. ES25-64217_F MINA_SEPTIEMBRE 25.PDF,Antecedentes NC SGS,NC 03. MPS - 06-05-2026,09. ES25-64217_F MINA_SEPTIEMBRE 25.PDF,pdf,131187,0.125,No conformidades / planes de accion,Alta,Pendiente,
DOC-0804,antecedentes/Antecedentes NC SGS/NC 03. MPS - 06-05-2026/Mina/2025/10. ES25-71904_F MINA_OCTUBRE 25.PDF,Antecedentes NC SGS,NC 03. MPS - 06-05-2026,10. ES25-71904_F MINA_OCTUBRE 25.PDF,pdf,130854,0.125,No conformidades / planes de accion,Alta,Pendiente,
DOC-0805,antecedentes/Antecedentes NC SGS/NC 03. MPS - 06-05-2026/Mina/2025/11. ES25-80089_F MINA_NOVIEMBRE 25.PDF,Antecedentes NC SGS,NC 03. MPS - 06-05-2026,11. ES25-80089_F MINA_NOVIEMBRE 25.PDF,pdf,131054,0.125,No conformidades / planes de accion,Alta,Pendiente,
DOC-0806,antecedentes/Antecedentes NC SGS/NC 03. MPS - 06-05-2026/Mina/2025/12. ES26-02376_F MINA_DICIEMBRE 25.PDF,Antecedentes NC SGS,NC 03. MPS - 06-05-2026,12. ES26-02376_F MINA_DICIEMBRE 25.PDF,pdf,131076,0.125,No conformidades / planes de accion,Alta,Pendiente,
DOC-0807,antecedentes/Antecedentes NC SGS/NC 03. MPS - 06-05-2026/Mina/MPS Mina_Reportable.pdf,Antecedentes NC SGS,NC 03. MPS - 06-05-2026,MPS Mina_Reportable.pdf,pdf,167234,0.159,No conformidades / planes de accion,Alta,Pendiente,
DOC-0808,antecedentes/Antecedentes NC SGS/NC 03. MPS - 06-05-2026/Mina/MPS Mina_Reportable.xlsx,Antecedentes NC SGS,NC 03. MPS - 06-05-2026,MPS Mina_Reportable.xlsx,xlsx,1998161,1.906,No conformidades / planes de accion,Alta,Pendiente,
DOC-0809,antecedentes/Antecedentes NC SGS/NC 03. MPS - 06-05-2026/MPS Reportable.xlsx,Antecedentes NC SGS,NC 03. MPS - 06-05-2026,MPS Reportable.xlsx,xlsx,5481447,5.228,No conformidades / planes de accion,Alta,Pendiente,
DOC-0810,antecedentes/Antecedentes NC SGS/NC 03. MPS - 06-05-2026/Nantoco (Fruticola)/01. ES26-09211_F NANTOCO_ENERO 26.PDF,Antecedentes NC SGS,NC 03. MPS - 06-05-2026,01. ES26-09211_F NANTOCO_ENERO 26.PDF,pdf,131998,0.126,No conformidades / planes de accion,Alta,Pendiente,
DOC-0811,antecedentes/Antecedentes NC SGS/NC 03. MPS - 06-05-2026/Nantoco (Fruticola)/02. ES26-16619_F NANTOCO_FEBRERO 26.PDF,Antecedentes NC SGS,NC 03. MPS - 06-05-2026,02. ES26-16619_F NANTOCO_FEBRERO 26.PDF,pdf,131451,0.125,No conformidades / planes de accion,Alta,Pendiente,
DOC-0812,antecedentes/Antecedentes NC SGS/NC 03. MPS - 06-05-2026/Nantoco (Fruticola)/03. ES26-24781_F NANTOCO_MARZO 26.PDF,Antecedentes NC SGS,NC 03. MPS - 06-05-2026,03. ES26-24781_F NANTOCO_MARZO 26.PDF,pdf,132170,0.126,No conformidades / planes de accion,Alta,Pendiente,
DOC-0813,antecedentes/Antecedentes NC SGS/NC 03. MPS - 06-05-2026/Nantoco (Fruticola)/2025/01. ES25-11421_F NANTOCO_ENERO 25.PDF,Antecedentes NC SGS,NC 03. MPS - 06-05-2026,01. ES25-11421_F NANTOCO_ENERO 25.PDF,pdf,131343,0.125,No conformidades / planes de accion,Alta,Pendiente,
DOC-0814,antecedentes/Antecedentes NC SGS/NC 03. MPS - 06-05-2026/Nantoco (Fruticola)/2025/02. ES25-13575_F NANTOCO_FEBRERO 25.PDF,Antecedentes NC SGS,NC 03. MPS - 06-05-2026,02. ES25-13575_F NANTOCO_FEBRERO 25.PDF,pdf,131599,0.126,No conformidades / planes de accion,Alta,Pendiente,
DOC-0815,antecedentes/Antecedentes NC SGS/NC 03. MPS - 06-05-2026/Nantoco (Fruticola)/2025/03. ES25-20679_F NANTOCO_MARZO 25.PDF,Antecedentes NC SGS,NC 03. MPS - 06-05-2026,03. ES25-20679_F NANTOCO_MARZO 25.PDF,pdf,131875,0.126,No conformidades / planes de accion,Alta,Pendiente,
DOC-0816,antecedentes/Antecedentes NC SGS/NC 03. MPS - 06-05-2026/Nantoco (Fruticola)/2025/04. ES25-31564_F NANTOCO_ABRIL 25.PDF,Antecedentes NC SGS,NC 03. MPS - 06-05-2026,04. ES25-31564_F NANTOCO_ABRIL 25.PDF,pdf,131025,0.125,No conformidades / planes de accion,Alta,Pendiente,
DOC-0817,antecedentes/Antecedentes NC SGS/NC 03. MPS - 06-05-2026/Nantoco (Fruticola)/2025/05. ES25-36095_F NANTOCO_MAYO 25.PDF,Antecedentes NC SGS,NC 03. MPS - 06-05-2026,05. ES25-36095_F NANTOCO_MAYO 25.PDF,pdf,131745,0.126,No conformidades / planes de accion,Alta,Pendiente,
DOC-0818,antecedentes/Antecedentes NC SGS/NC 03. MPS - 06-05-2026/Nantoco (Fruticola)/2025/06. ES25-42963_F NANTOCO_JUNIO 25.PDF,Antecedentes NC SGS,NC 03. MPS - 06-05-2026,06. ES25-42963_F NANTOCO_JUNIO 25.PDF,pdf,131930,0.126,No conformidades / planes de accion,Alta,Pendiente,
DOC-0819,antecedentes/Antecedentes NC SGS/NC 03. MPS - 06-05-2026/Nantoco (Fruticola)/2025/07. ES25-49996_F NANTOCO_JULIO 25.PDF,Antecedentes NC SGS,NC 03. MPS - 06-05-2026,07. ES25-49996_F NANTOCO_JULIO 25.PDF,pdf,131482,0.125,No conformidades / planes de accion,Alta,Pendiente,
DOC-0820,antecedentes/Antecedentes NC SGS/NC 03. MPS - 06-05-2026/Nantoco (Fruticola)/2025/08. ES25-56738_F NANTOCO_AGOSTO 25.PDF,Antecedentes NC SGS,NC 03. MPS - 06-05-2026,08. ES25-56738_F NANTOCO_AGOSTO 25.PDF,pdf,131813,0.126,No conformidades / planes de accion,Alta,Pendiente,
DOC-0821,antecedentes/Antecedentes NC SGS/NC 03. MPS - 06-05-2026/Nantoco (Fruticola)/2025/09. ES25-64192_F NANTOCO_SEPTIEMBRE 25.PDF,Antecedentes NC SGS,NC 03. MPS - 06-05-2026,09. ES25-64192_F NANTOCO_SEPTIEMBRE 25.PDF,pdf,131894,0.126,No conformidades / planes de accion,Alta,Pendiente,
DOC-0822,antecedentes/Antecedentes NC SGS/NC 03. MPS - 06-05-2026/Nantoco (Fruticola)/2025/10. ES25-71884_F NANTOCO_OCTUBRE 25.PDF,Antecedentes NC SGS,NC 03. MPS - 06-05-2026,10. ES25-71884_F NANTOCO_OCTUBRE 25.PDF,pdf,131356,0.125,No conformidades / planes de accion,Alta,Pendiente,
DOC-0823,antecedentes/Antecedentes NC SGS/NC 03. MPS - 06-05-2026/Nantoco (Fruticola)/2025/11. ES25-80081_F NANTOCO_NOVIEMBRE 25.PDF,Antecedentes NC SGS,NC 03. MPS - 06-05-2026,11. ES25-80081_F NANTOCO_NOVIEMBRE 25.PDF,pdf,131499,0.125,No conformidades / planes de accion,Alta,Pendiente,
DOC-0824,antecedentes/Antecedentes NC SGS/NC 03. MPS - 06-05-2026/Nantoco (Fruticola)/2025/12. ES26-02369_F NANTOCO_ DICIEMBRE 25.PDF,Antecedentes NC SGS,NC 03. MPS - 06-05-2026,12. ES26-02369_F NANTOCO_ DICIEMBRE 25.PDF,pdf,131798,0.126,No conformidades / planes de accion,Alta,Pendiente,
DOC-0825,antecedentes/Antecedentes NC SGS/NC 03. MPS - 06-05-2026/Nantoco (Fruticola)/Historico MPS Nantoco al 2025.xlsx,Antecedentes NC SGS,NC 03. MPS - 06-05-2026,Historico MPS Nantoco al 2025.xlsx,xlsx,3795542,3.620,No conformidades / planes de accion,Alta,Pendiente,
DOC-0826,antecedentes/Antecedentes NC SGS/NC 03. MPS - 06-05-2026/Nantoco (Fruticola)/Historico MPS Nantoco.pdf,Antecedentes NC SGS,NC 03. MPS - 06-05-2026,Historico MPS Nantoco.pdf,pdf,287307,0.274,No conformidades / planes de accion,Alta,Pendiente,
DOC-0827,antecedentes/Antecedentes NC SGS/NC 03. MPS - 06-05-2026/Puerto/01. ES26-09221_F PUERTO PP_ENERO 26.PDF,Antecedentes NC SGS,NC 03. MPS - 06-05-2026,01. ES26-09221_F PUERTO PP_ENERO 26.PDF,pdf,131741,0.126,No conformidades / planes de accion,Alta,Pendiente,
DOC-0828,antecedentes/Antecedentes NC SGS/NC 03. MPS - 06-05-2026/Puerto/02. ES26-16628_F PUERTO PP_FEBRERO 26.PDF,Antecedentes NC SGS,NC 03. MPS - 06-05-2026,02. ES26-16628_F PUERTO PP_FEBRERO 26.PDF,pdf,131200,0.125,No conformidades / planes de accion,Alta,Pendiente,
DOC-0829,antecedentes/Antecedentes NC SGS/NC 03. MPS - 06-05-2026/Puerto/03. ES26-24797_F PUERTO PP_MARZO 26.PDF,Antecedentes NC SGS,NC 03. MPS - 06-05-2026,03. ES26-24797_F PUERTO PP_MARZO 26.PDF,pdf,131625,0.126,No conformidades / planes de accion,Alta,Pendiente,
DOC-0830,antecedentes/Antecedentes NC SGS/NC 03. MPS - 06-05-2026/Puerto/2025/01. ES25-13553_F Puerto PP enero 25.PDF,Antecedentes NC SGS,NC 03. MPS - 06-05-2026,01. ES25-13553_F Puerto PP enero 25.PDF,pdf,130538,0.124,No conformidades / planes de accion,Alta,Pendiente,
DOC-0831,antecedentes/Antecedentes NC SGS/NC 03. MPS - 06-05-2026/Puerto/2025/02. ES25-20698_F Puerto PP febrero 25.PDF,Antecedentes NC SGS,NC 03. MPS - 06-05-2026,02. ES25-20698_F Puerto PP febrero 25.PDF,pdf,131521,0.125,No conformidades / planes de accion,Alta,Pendiente,
DOC-0832,antecedentes/Antecedentes NC SGS/NC 03. MPS - 06-05-2026/Puerto/2025/03. ES25-11431_F Puerto PP marzo 25.PDF,Antecedentes NC SGS,NC 03. MPS - 06-05-2026,03. ES25-11431_F Puerto PP marzo 25.PDF,pdf,130560,0.125,No conformidades / planes de accion,Alta,Pendiente,
DOC-0833,antecedentes/Antecedentes NC SGS/NC 03. MPS - 06-05-2026/Puerto/2025/04. ES25-31573_F PUERTO PP_ABRIL 25.PDF,Antecedentes NC SGS,NC 03. MPS - 06-05-2026,04. ES25-31573_F PUERTO PP_ABRIL 25.PDF,pdf,131175,0.125,No conformidades / planes de accion,Alta,Pendiente,
DOC-0834,antecedentes/Antecedentes NC SGS/NC 03. MPS - 06-05-2026/Puerto/2025/05. ES25-36110_F PUERTO PP_MAYO 25.PDF,Antecedentes NC SGS,NC 03. MPS - 06-05-2026,05. ES25-36110_F PUERTO PP_MAYO 25.PDF,pdf,131572,0.125,No conformidades / planes de accion,Alta,Pendiente,
DOC-0835,antecedentes/Antecedentes NC SGS/NC 03. MPS - 06-05-2026/Puerto/2025/06. ES25-42972_F PUERTO PP_JUNIO 25.PDF,Antecedentes NC SGS,NC 03. MPS - 06-05-2026,06. ES25-42972_F PUERTO PP_JUNIO 25.PDF,pdf,131192,0.125,No conformidades / planes de accion,Alta,Pendiente,
DOC-0836,antecedentes/Antecedentes NC SGS/NC 03. MPS - 06-05-2026/Puerto/2025/07. ES25-50007_F PUERTO PP_JULIO 25.PDF,Antecedentes NC SGS,NC 03. MPS - 06-05-2026,07. ES25-50007_F PUERTO PP_JULIO 25.PDF,pdf,130795,0.125,No conformidades / planes de accion,Alta,Pendiente,
DOC-0837,antecedentes/Antecedentes NC SGS/NC 03. MPS - 06-05-2026/Puerto/2025/08. ES25-56748_F PUERTO PP_AGOSTO 25.PDF,Antecedentes NC SGS,NC 03. MPS - 06-05-2026,08. ES25-56748_F PUERTO PP_AGOSTO 25.PDF,pdf,131379,0.125,No conformidades / planes de accion,Alta,Pendiente,
DOC-0838,antecedentes/Antecedentes NC SGS/NC 03. MPS - 06-05-2026/Puerto/2025/09. ES25-64219_F PUERTO PP_SEPTIEMBRE 25.PDF,Antecedentes NC SGS,NC 03. MPS - 06-05-2026,09. ES25-64219_F PUERTO PP_SEPTIEMBRE 25.PDF,pdf,131443,0.125,No conformidades / planes de accion,Alta,Pendiente,
DOC-0839,antecedentes/Antecedentes NC SGS/NC 03. MPS - 06-05-2026/Puerto/2025/10. ES25-71932_F PUERTO PP_OCTUBRE 25.PDF,Antecedentes NC SGS,NC 03. MPS - 06-05-2026,10. ES25-71932_F PUERTO PP_OCTUBRE 25.PDF,pdf,131153,0.125,No conformidades / planes de accion,Alta,Pendiente,
DOC-0840,antecedentes/Antecedentes NC SGS/NC 03. MPS - 06-05-2026/Puerto/2025/11. ES25-80092_F PUERTO PP_NOVIEMBRE 25.PDF,Antecedentes NC SGS,NC 03. MPS - 06-05-2026,11. ES25-80092_F PUERTO PP_NOVIEMBRE 25.PDF,pdf,131314,0.125,No conformidades / planes de accion,Alta,Pendiente,
DOC-0841,antecedentes/Antecedentes NC SGS/NC 03. MPS - 06-05-2026/Puerto/2025/12. ES26-02380_F PUERTO PP_DICIEMBRE 25.PDF,Antecedentes NC SGS,NC 03. MPS - 06-05-2026,12. ES26-02380_F PUERTO PP_DICIEMBRE 25.PDF,pdf,131601,0.126,No conformidades / planes de accion,Alta,Pendiente,
DOC-0842,antecedentes/Antecedentes NC SGS/NC 03. MPS - 06-05-2026/Puerto/Planilla MPS Puerto 2025.xlsx,Antecedentes NC SGS,NC 03. MPS - 06-05-2026,Planilla MPS Puerto 2025.xlsx,xlsx,2886184,2.752,No conformidades / planes de accion,Alta,Pendiente,
DOC-0843,antecedentes/Antecedentes NC SGS/NC 03. MPS - 06-05-2026/Puerto/Planilla MPS Puerto.pdf,Antecedentes NC SGS,NC 03. MPS - 06-05-2026,Planilla MPS Puerto.pdf,pdf,283714,0.271,No conformidades / planes de accion,Alta,Pendiente,
DOC-0844,antecedentes/Antecedentes NC SGS/NC 03. MPS - 06-05-2026/Puerto/SGS-Abril 2026.docx,Antecedentes NC SGS,NC 03. MPS - 06-05-2026,SGS-Abril 2026.docx,docx,37361,0.036,No conformidades / planes de accion,Alta,Pendiente,
DOC-0845,antecedentes/Antecedentes NC SGS/NC 03. MPS - 06-05-2026/Puerto/SGS-NC-30-04-2026.docx,Antecedentes NC SGS,NC 03. MPS - 06-05-2026,SGS-NC-30-04-2026.docx,docx,38620,0.037,No conformidades / planes de accion,Alta,Pendiente,
DOC-0846,antecedentes/Antecedentes NC SGS/NC 03. MPS - 06-05-2026/Respaldo NC MPS.pdf,Antecedentes NC SGS,NC 03. MPS - 06-05-2026,Respaldo NC MPS.pdf,pdf,182189,0.174,No conformidades / planes de accion,Alta,Pendiente,
DOC-0847,antecedentes/Antecedentes NC SGS/NC 03. MPS - 06-05-2026/Respuesta/Atencion LOD MPS_CCMCvf.pdf,Antecedentes NC SGS,NC 03. MPS - 06-05-2026,Atencion LOD MPS_CCMCvf.pdf,pdf,6161986,5.877,No conformidades / planes de accion,Alta,Pendiente,
DOC-0848,antecedentes/Antecedentes NC SGS/NC 03. MPS - 06-05-2026/Respuesta/Bitacoras_Candelaria.pdf,Antecedentes NC SGS,NC 03. MPS - 06-05-2026,Bitacoras_Candelaria.pdf,pdf,1600649,1.526,No conformidades / planes de accion,Alta,Pendiente,
DOC-0849,antecedentes/Antecedentes NC SGS/NC 03. MPS - 06-05-2026/Respuesta/CC_MPS 2025_2026.pdf,Antecedentes NC SGS,NC 03. MPS - 06-05-2026,CC_MPS 2025_2026.pdf,pdf,2254403,2.150,No conformidades / planes de accion,Alta,Pendiente,
DOC-0850,antecedentes/Antecedentes NC SGS/NC 03. MPS - 06-05-2026/Respuesta/Comportamiento del viento Red CCMC.pdf,Antecedentes NC SGS,NC 03. MPS - 06-05-2026,Comportamiento del viento Red CCMC.pdf,pdf,888771,0.848,No conformidades / planes de accion,Alta,Pendiente,
DOC-0851,antecedentes/Antecedentes NC SGS/NC 03. MPS - 06-05-2026/Respuesta/INFORME VISITA TCNICA A TERRENO.pdf,Antecedentes NC SGS,NC 03. MPS - 06-05-2026,INFORME VISITA TCNICA A TERRENO.pdf,pdf,4730599,4.511,No conformidades / planes de accion,Alta,Pendiente,
DOC-0852,antecedentes/Antecedentes NC SGS/NC 03. MPS - 06-05-2026/Respuesta/Libro de Obra Digital - Respuesta.pdf,Antecedentes NC SGS,NC 03. MPS - 06-05-2026,Libro de Obra Digital - Respuesta.pdf,pdf,200878,0.192,No conformidades / planes de accion,Alta,Pendiente,
DOC-0853,antecedentes/Antecedentes NC SGS/NC 03. MPS - 06-05-2026/Respuesta/PLANILLA REGISTRO AGUA DESTILADA_CANDELARIA_abril.pdf,Antecedentes NC SGS,NC 03. MPS - 06-05-2026,PLANILLA REGISTRO AGUA DESTILADA_CANDELARIA_abril.pdf,pdf,118735,0.113,No conformidades / planes de accion,Alta,Pendiente,
DOC-0854,antecedentes/Antecedentes NC SGS/NC 03. MPS - 06-05-2026/Respuesta/PLANILLA REGISTRO AGUA DESTILADA_CANDELARIA_Mayo.pdf,Antecedentes NC SGS,NC 03. MPS - 06-05-2026,PLANILLA REGISTRO AGUA DESTILADA_CANDELARIA_Mayo.pdf,pdf,113622,0.108,No conformidades / planes de accion,Alta,Pendiente,
DOC-0855,antecedentes/Antecedentes NC SGS/NC 03. MPS - 06-05-2026/SGS-NC-30-04-2026 Rev.B.docx,Antecedentes NC SGS,NC 03. MPS - 06-05-2026,SGS-NC-30-04-2026 Rev.B.docx,docx,39693,0.038,No conformidades / planes de accion,Alta,Pendiente,
DOC-0856,antecedentes/Antecedentes NC SGS/NC 03. MPS - 06-05-2026/SGS-NC-30-04-2026 Rev.C.docx,Antecedentes NC SGS,NC 03. MPS - 06-05-2026,SGS-NC-30-04-2026 Rev.C.docx,docx,39779,0.038,No conformidades / planes de accion,Alta,Pendiente,
DOC-0857,antecedentes/Antecedentes NC SGS/NC 03. MPS - 06-05-2026/SGS-NC-30-04-2026.docx,Antecedentes NC SGS,NC 03. MPS - 06-05-2026,SGS-NC-30-04-2026.docx,docx,44888,0.043,No conformidades / planes de accion,Alta,Pendiente,
DOC-0858,antecedentes/Antecedentes NC SGS/NC 03. MPS - 06-05-2026/TAMA/01. ES26-09220_F TAMA_ENERO 26.PDF,Antecedentes NC SGS,NC 03. MPS - 06-05-2026,01. ES26-09220_F TAMA_ENERO 26.PDF,pdf,130922,0.125,No conformidades / planes de accion,Alta,Pendiente,
DOC-0859,antecedentes/Antecedentes NC SGS/NC 03. MPS - 06-05-2026/TAMA/02. ES26-16627_F TAMA_FEBRERO 26.PDF,Antecedentes NC SGS,NC 03. MPS - 06-05-2026,02. ES26-16627_F TAMA_FEBRERO 26.PDF,pdf,130608,0.125,No conformidades / planes de accion,Alta,Pendiente,
DOC-0860,antecedentes/Antecedentes NC SGS/NC 03. MPS - 06-05-2026/TAMA/03. ES26-24795_F TAMA_MARZO 26.PDF,Antecedentes NC SGS,NC 03. MPS - 06-05-2026,03. ES26-24795_F TAMA_MARZO 26.PDF,pdf,131599,0.126,No conformidades / planes de accion,Alta,Pendiente,
DOC-0861,antecedentes/Antecedentes NC SGS/NC 03. MPS - 06-05-2026/TAMA/2025/01. ES25-11422_F TAMA_ENERO 25.PDF,Antecedentes NC SGS,NC 03. MPS - 06-05-2026,01. ES25-11422_F TAMA_ENERO 25.PDF,pdf,130252,0.124,No conformidades / planes de accion,Alta,Pendiente,
DOC-0862,antecedentes/Antecedentes NC SGS/NC 03. MPS - 06-05-2026/TAMA/2025/02. ES25-13556_F TAMA_FEBRERO 25.PDF,Antecedentes NC SGS,NC 03. MPS - 06-05-2026,02. ES25-13556_F TAMA_FEBRERO 25.PDF,pdf,130643,0.125,No conformidades / planes de accion,Alta,Pendiente,
DOC-0863,antecedentes/Antecedentes NC SGS/NC 03. MPS - 06-05-2026/TAMA/2025/03. ES25-20697_F TAMA marzo 25.PDF,Antecedentes NC SGS,NC 03. MPS - 06-05-2026,03. ES25-20697_F TAMA marzo 25.PDF,pdf,130888,0.125,No conformidades / planes de accion,Alta,Pendiente,
DOC-0864,antecedentes/Antecedentes NC SGS/NC 03. MPS - 06-05-2026/TAMA/2025/04. ES25-31554_F TAMA_ABRIL 25.PDF,Antecedentes NC SGS,NC 03. MPS - 06-05-2026,04. ES25-31554_F TAMA_ABRIL 25.PDF,pdf,130509,0.124,No conformidades / planes de accion,Alta,Pendiente,
DOC-0865,antecedentes/Antecedentes NC SGS/NC 03. MPS - 06-05-2026/TAMA/2025/05. ES25-36108_F TAMA_MAYO 25.PDF,Antecedentes NC SGS,NC 03. MPS - 06-05-2026,05. ES25-36108_F TAMA_MAYO 25.PDF,pdf,131627,0.126,No conformidades / planes de accion,Alta,Pendiente,
DOC-0866,antecedentes/Antecedentes NC SGS/NC 03. MPS - 06-05-2026/TAMA/2025/06. ES25-42971_F TAMA_JUNIO 25.PDF,Antecedentes NC SGS,NC 03. MPS - 06-05-2026,06. ES25-42971_F TAMA_JUNIO 25.PDF,pdf,131055,0.125,No conformidades / planes de accion,Alta,Pendiente,
DOC-0867,antecedentes/Antecedentes NC SGS/NC 03. MPS - 06-05-2026/TAMA/2025/07. ES25-50006_F TAMA_JULIO 25.PDF,Antecedentes NC SGS,NC 03. MPS - 06-05-2026,07. ES25-50006_F TAMA_JULIO 25.PDF,pdf,130656,0.125,No conformidades / planes de accion,Alta,Pendiente,
DOC-0868,antecedentes/Antecedentes NC SGS/NC 03. MPS - 06-05-2026/TAMA/2025/08. ES25-56747_F TAMA_AGOSTO 25.PDF,Antecedentes NC SGS,NC 03. MPS - 06-05-2026,08. ES25-56747_F TAMA_AGOSTO 25.PDF,pdf,130774,0.125,No conformidades / planes de accion,Alta,Pendiente,
DOC-0869,antecedentes/Antecedentes NC SGS/NC 03. MPS - 06-05-2026/TAMA/2025/09. ES25-64218_F TAMA_SEPTIEMBRE 25.PDF,Antecedentes NC SGS,NC 03. MPS - 06-05-2026,09. ES25-64218_F TAMA_SEPTIEMBRE 25.PDF,pdf,131401,0.125,No conformidades / planes de accion,Alta,Pendiente,
DOC-0870,antecedentes/Antecedentes NC SGS/NC 03. MPS - 06-05-2026/TAMA/2025/10. ES25-71907_F TAMA_OCTUBRE 25.PDF,Antecedentes NC SGS,NC 03. MPS - 06-05-2026,10. ES25-71907_F TAMA_OCTUBRE 25.PDF,pdf,130707,0.125,No conformidades / planes de accion,Alta,Pendiente,
DOC-0871,antecedentes/Antecedentes NC SGS/NC 03. MPS - 06-05-2026/TAMA/2025/11. ES25-80090_F TAMA_NOVIEMBRE 25.PDF,Antecedentes NC SGS,NC 03. MPS - 06-05-2026,11. ES25-80090_F TAMA_NOVIEMBRE 25.PDF,pdf,131191,0.125,No conformidades / planes de accion,Alta,Pendiente,
DOC-0872,antecedentes/Antecedentes NC SGS/NC 03. MPS - 06-05-2026/TAMA/2025/12. ES26-02379_F TAMA_DICIEMBRE 25.PDF,Antecedentes NC SGS,NC 03. MPS - 06-05-2026,12. ES26-02379_F TAMA_DICIEMBRE 25.PDF,pdf,131350,0.125,No conformidades / planes de accion,Alta,Pendiente,
DOC-0873,antecedentes/Antecedentes NC SGS/NC 03. MPS - 06-05-2026/TAMA/Planilla MPS Tama 2025.xlsx,Antecedentes NC SGS,NC 03. MPS - 06-05-2026,Planilla MPS Tama 2025.xlsx,xlsx,2973444,2.836,No conformidades / planes de accion,Alta,Pendiente,
DOC-0874,antecedentes/Antecedentes NC SGS/NC 03. MPS - 06-05-2026/TAMA/Planilla MPS Tama.pdf,Antecedentes NC SGS,NC 03. MPS - 06-05-2026,Planilla MPS Tama.pdf,pdf,429015,0.409,No conformidades / planes de accion,Alta,Pendiente,
DOC-0875,antecedentes/Anteproyecto PDA/4.-56_-135_Informe_Tecnico_DZS_Coppo_T._Amarilla_Diciembre_2020.pdf,Anteproyecto PDA,,4.-56_-135_Informe_Tecnico_DZS_Coppo_T._Amarilla_Diciembre_2020.pdf,pdf,6323554,6.031,PDA / contexto regulatorio territorial,Media-Alta,Pendiente,
DOC-0876,antecedentes/Anteproyecto PDA/Acta_reunion_Candelaria_Ojos_del_Salado_13.11.2025.pdf,Anteproyecto PDA,,Acta_reunion_Candelaria_Ojos_del_Salado_13.11.2025.pdf,pdf,340127,0.324,PDA / contexto regulatorio territorial,Media-Alta,Pendiente,
DOC-0877,antecedentes/Anteproyecto PDA/Decreto-15_18-OCT-2021.pdf,Anteproyecto PDA,,Decreto-15_18-OCT-2021.pdf,pdf,136079,0.130,PDA / contexto regulatorio territorial,Media-Alta,Pendiente,
DOC-0878,antecedentes/Anteproyecto PDA/Informe_tecnico_antecedentes_para_inventario_10.04.2025_VF_pagenumber__2_.pdf,Anteproyecto PDA,,Informe_tecnico_antecedentes_para_inventario_10.04.2025_VF_pagenumber__2_.pdf,pdf,813693,0.776,PDA / contexto regulatorio territorial,Media-Alta,Pendiente,
DOC-0879,antecedentes/Anteproyecto PDA/PPT COA/Sesion N°4_06.12.24.pdf,Anteproyecto PDA,PPT COA,Sesion N°4_06.12.24.pdf,pdf,7180347,6.848,PDA / contexto regulatorio territorial,Media-Alta,Pendiente,
DOC-0880,antecedentes/Anteproyecto PDA/PPT COA/Sesion N°5_09.01.25.pdf,Anteproyecto PDA,PPT COA,Sesion N°5_09.01.25.pdf,pdf,4143728,3.952,PDA / contexto regulatorio territorial,Media-Alta,Pendiente,
DOC-0881,antecedentes/Anteproyecto PDA/Res. Exe. N°01844_10.04.26 acumula proc.pdf,Anteproyecto PDA,,Res. Exe. N°01844_10.04.26 acumula proc.pdf,pdf,187811,0.179,PDA / contexto regulatorio territorial,Media-Alta,Pendiente,
DOC-0882,antecedentes/Anteproyecto PDA/Res. Exe. N°02042_21.04.26 amplia plazo.pdf,Anteproyecto PDA,,Res. Exe. N°02042_21.04.26 amplia plazo.pdf,pdf,168481,0.161,PDA / contexto regulatorio territorial,Media-Alta,Pendiente,
DOC-0883,antecedentes/Anteproyecto PDA/Resultados_Inventario_emisiones_11.04.25_VF_pagenumber.pdf,Anteproyecto PDA,,Resultados_Inventario_emisiones_11.04.25_VF_pagenumber.pdf,pdf,2222313,2.119,PDA / contexto regulatorio territorial,Media-Alta,Pendiente,
DOC-0884,antecedentes/Anteproyecto PDA/Situación Candelaria Ojos del Salado 13.11.2025 vf.pdf,Anteproyecto PDA,,Situación Candelaria Ojos del Salado 13.11.2025 vf.pdf,pdf,585465,0.558,PDA / contexto regulatorio territorial,Media-Alta,Pendiente,
DOC-0885,antecedentes/Fiscalizaciones/2026/SMA/Da respuesta a requerimiento de informacion VF 2.pdf,Fiscalizaciones,2026,Da respuesta a requerimiento de informacion VF 2.pdf,pdf,378799,0.361,Fiscalizacion / requerimientos autoridad,Alta,Pendiente,
DOC-0886,antecedentes/Fiscalizaciones/2026/SMA/Ord. ORA 70_AI CCMC.pdf,Fiscalizaciones,2026,Ord. ORA 70_AI CCMC.pdf,pdf,831718,0.793,Fiscalizacion / requerimientos autoridad,Alta,Pendiente,
DOC-0887,antecedentes/Fiscalizaciones/2026/SMA/Req.infoORAN°70/Anexo 1/Registro humectación Alijbes 75m3 y mega aljibe 193Km3.xlsx,Fiscalizaciones,2026,Registro humectación Alijbes 75m3 y mega aljibe 193Km3.xlsx,xlsx,32423,0.031,Fiscalizacion / requerimientos autoridad,Alta,Pendiente,
DOC-0888,antecedentes/Fiscalizaciones/2026/SMA/Req.infoORAN°70/Anexo 1/Registro humectación Aljibes 30m3.xlsx,Fiscalizaciones,2026,Registro humectación Aljibes 30m3.xlsx,xlsx,47543,0.045,Fiscalizacion / requerimientos autoridad,Alta,Pendiente,
DOC-0889,antecedentes/Fiscalizaciones/2026/SMA/Req.infoORAN°70/Anexo 10/Vibraciones por maquinaria (2040) - Mensual - Abril 2026/1850. Respaldo_vibraciones por maquinaria_abril_2026.pdf,Fiscalizaciones,2026,1850. Respaldo_vibraciones por maquinaria_abril_2026.pdf,pdf,331386,0.316,Fiscalizacion / requerimientos autoridad,Alta,Pendiente,
DOC-0890,antecedentes/Fiscalizaciones/2026/SMA/Req.infoORAN°70/Anexo 10/Vibraciones por maquinaria (2040) - Mensual - Abril 2026/V-CAN-27042026-III-65 Abril 2026.pdf,Fiscalizaciones,2026,V-CAN-27042026-III-65 Abril 2026.pdf,pdf,5663745,5.401,Fiscalizacion / requerimientos autoridad,Alta,Pendiente,
DOC-0891,antecedentes/Fiscalizaciones/2026/SMA/Req.infoORAN°70/Anexo 10/Vibraciones por maquinaria (2040) - Mensual - Enero 2026/1781RE~1.PDF,Fiscalizaciones,2026,1781RE~1.PDF,pdf,330980,0.316,Fiscalizacion / requerimientos autoridad,Alta,Pendiente,
DOC-0892,antecedentes/Fiscalizaciones/2026/SMA/Req.infoORAN°70/Anexo 10/Vibraciones por maquinaria (2040) - Mensual - Enero 2026/V-CAN-26012026-III-56_Rev0_Enero 2026.pdf,Fiscalizaciones,2026,V-CAN-26012026-III-56_Rev0_Enero 2026.pdf,pdf,3891913,3.712,Fiscalizacion / requerimientos autoridad,Alta,Pendiente,
DOC-0893,antecedentes/Fiscalizaciones/2026/SMA/Req.infoORAN°70/Anexo 10/Vibraciones por maquinaria (2040) - Mensual - Febrero 2026/1782RE~1.PDF,Fiscalizaciones,2026,1782RE~1.PDF,pdf,330613,0.315,Fiscalizacion / requerimientos autoridad,Alta,Pendiente,
DOC-0894,antecedentes/Fiscalizaciones/2026/SMA/Req.infoORAN°70/Anexo 10/Vibraciones por maquinaria (2040) - Mensual - Febrero 2026/V-CAN-23022026-III-62_Rev0_Febrero 2026.pdf,Fiscalizaciones,2026,V-CAN-23022026-III-62_Rev0_Febrero 2026.pdf,pdf,4058965,3.871,Fiscalizacion / requerimientos autoridad,Alta,Pendiente,
DOC-0895,antecedentes/Fiscalizaciones/2026/SMA/Req.infoORAN°70/Anexo 10/Vibraciones por maquinaria (2040) - Mensual - Junio 2026/1972. Reporte SSA - Vibraciones por maquinaria junio 2026.pdf,Fiscalizaciones,2026,1972. Reporte SSA - Vibraciones por maquinaria junio 2026.pdf,pdf,266767,0.254,Fiscalizacion / requerimientos autoridad,Alta,Pendiente,
DOC-0896,antecedentes/Fiscalizaciones/2026/SMA/Req.infoORAN°70/Anexo 10/Vibraciones por maquinaria (2040) - Mensual - Junio 2026/V-CAN-01062026-III-68.pdf,Fiscalizaciones,2026,V-CAN-01062026-III-68.pdf,pdf,5864175,5.593,Fiscalizacion / requerimientos autoridad,Alta,Pendiente,
DOC-0897,antecedentes/Fiscalizaciones/2026/SMA/Req.infoORAN°70/Anexo 10/Vibraciones por maquinaria (2040) - Mensual - Marzo 2026/1849. Respaldo_vibraciones por maquinaria_marzo_2026.pdf,Fiscalizaciones,2026,1849. Respaldo_vibraciones por maquinaria_marzo_2026.pdf,pdf,307795,0.294,Fiscalizacion / requerimientos autoridad,Alta,Pendiente,
DOC-0898,antecedentes/Fiscalizaciones/2026/SMA/Req.infoORAN°70/Anexo 10/Vibraciones por maquinaria (2040) - Mensual - Marzo 2026/V-CAN-23032026-III-64 Marzo 2026.pdf,Fiscalizaciones,2026,V-CAN-23032026-III-64 Marzo 2026.pdf,pdf,5412025,5.161,Fiscalizacion / requerimientos autoridad,Alta,Pendiente,
DOC-0899,antecedentes/Fiscalizaciones/2026/SMA/Req.infoORAN°70/Anexo 10/Vibraciones por maquinaria (2040) - Mensual - Mayo 2026/1955. Reporte SSA - Vibraciones por maquinaria mayo 2026.pdf,Fiscalizaciones,2026,1955. Reporte SSA - Vibraciones por maquinaria mayo 2026.pdf,pdf,239382,0.228,Fiscalizacion / requerimientos autoridad,Alta,Pendiente,
DOC-0900,antecedentes/Fiscalizaciones/2026/SMA/Req.infoORAN°70/Anexo 10/Vibraciones por maquinaria (2040) - Mensual - Mayo 2026/V-CAN-12052026-III-66.pdf,Fiscalizaciones,2026,V-CAN-12052026-III-66.pdf,pdf,4556559,4.345,Fiscalizacion / requerimientos autoridad,Alta,Pendiente,
DOC-0901,antecedentes/Fiscalizaciones/2026/SMA/Req.infoORAN°70/Anexo 11/Reporte Monitoreo Continuo Tronaduras Enero a Abril 2026.pdf,Fiscalizaciones,2026,Reporte Monitoreo Continuo Tronaduras Enero a Abril 2026.pdf,pdf,844057,0.805,Fiscalizacion / requerimientos autoridad,Alta,Pendiente,
DOC-0902,antecedentes/Fiscalizaciones/2026/SMA/Req.infoORAN°70/Anexo 11/Vibraciones por tronadura (2040) - Mensual - Junio 2026/2001. Reporte SSA - Vibraciones por tronadura junio 2026.pdf,Fiscalizaciones,2026,2001. Reporte SSA - Vibraciones por tronadura junio 2026.pdf,pdf,238211,0.227,Fiscalizacion / requerimientos autoridad,Alta,Pendiente,
DOC-0903,antecedentes/Fiscalizaciones/2026/SMA/Req.infoORAN°70/Anexo 11/Vibraciones por tronadura (2040) - Mensual - Junio 2026/V-CAN-01062026-III-70.pdf,Fiscalizaciones,2026,V-CAN-01062026-III-70.pdf,pdf,4581032,4.369,Fiscalizacion / requerimientos autoridad,Alta,Pendiente,
DOC-0904,antecedentes/Fiscalizaciones/2026/SMA/Req.infoORAN°70/Anexo 11/Vibraciones por tronadura (2040) - Mensual - Mayo 2026/1956. Reporte SSA - Vibraciones por tronaduras mayo 2026.pdf,Fiscalizaciones,2026,1956. Reporte SSA - Vibraciones por tronaduras mayo 2026.pdf,pdf,238171,0.227,Fiscalizacion / requerimientos autoridad,Alta,Pendiente,
DOC-0905,antecedentes/Fiscalizaciones/2026/SMA/Req.infoORAN°70/Anexo 11/Vibraciones por tronadura (2040) - Mensual - Mayo 2026/V-CAN-02052026-III-67.pdf,Fiscalizaciones,2026,V-CAN-02052026-III-67.pdf,pdf,4049876,3.862,Fiscalizacion / requerimientos autoridad,Alta,Pendiente,
DOC-0906,antecedentes/Fiscalizaciones/2026/SMA/Req.infoORAN°70/Anexo 12/Cotas Botaderos .pptx,Fiscalizaciones,2026,Cotas Botaderos .pptx,pptx,14753092,14.070,Fiscalizacion / requerimientos autoridad,Alta,Pendiente,
DOC-0907,antecedentes/Fiscalizaciones/2026/SMA/Req.infoORAN°70/Anexo 2/2005. Reporte SSA - Eficiencia de caminos no pavimentados 1S - 2026.pdf,Fiscalizaciones,2026,2005. Reporte SSA - Eficiencia de caminos no pavimentados 1S - 2026.pdf,pdf,239041,0.228,Fiscalizacion / requerimientos autoridad,Alta,Pendiente,
DOC-0908,antecedentes/Fiscalizaciones/2026/SMA/Req.infoORAN°70/Anexo 2/Informe_Caminos 1S 2026 CCMC.pdf,Fiscalizaciones,2026,Informe_Caminos 1S 2026 CCMC.pdf,pdf,1505134,1.435,Fiscalizacion / requerimientos autoridad,Alta,Pendiente,
DOC-0909,antecedentes/Fiscalizaciones/2026/SMA/Req.infoORAN°70/Anexo 2/Informe_Humectación_Caminos Abril 2026 CCMC.pdf,Fiscalizaciones,2026,Informe_Humectación_Caminos Abril 2026 CCMC.pdf,pdf,914105,0.872,Fiscalizacion / requerimientos autoridad,Alta,Pendiente,
DOC-0910,antecedentes/Fiscalizaciones/2026/SMA/Req.infoORAN°70/Anexo 2/Informe_Humectación_Caminos Junio 2026 CCMC.pdf,Fiscalizaciones,2026,Informe_Humectación_Caminos Junio 2026 CCMC.pdf,pdf,1057800,1.009,Fiscalizacion / requerimientos autoridad,Alta,Pendiente,
DOC-0911,antecedentes/Fiscalizaciones/2026/SMA/Req.infoORAN°70/Anexo 2/Informe_Humectación_Caminos Marzo 2026 CCMC.pdf,Fiscalizaciones,2026,Informe_Humectación_Caminos Marzo 2026 CCMC.pdf,pdf,916726,0.874,Fiscalizacion / requerimientos autoridad,Alta,Pendiente,
DOC-0912,antecedentes/Fiscalizaciones/2026/SMA/Req.infoORAN°70/Anexo 2/Informe_Humectación_Caminos Mayo 2026 CCMC.pdf,Fiscalizaciones,2026,Informe_Humectación_Caminos Mayo 2026 CCMC.pdf,pdf,984104,0.939,Fiscalizacion / requerimientos autoridad,Alta,Pendiente,
DOC-0913,antecedentes/Fiscalizaciones/2026/SMA/Req.infoORAN°70/Anexo 3/i) Archivo KMZ actualizado/25.12.02 Camino Compensacion EIA 2040.kmz,Fiscalizaciones,2026,25.12.02 Camino Compensacion EIA 2040.kmz,kmz,5682,0.005,Fiscalizacion / requerimientos autoridad,Alta,Pendiente,
DOC-0914,antecedentes/Fiscalizaciones/2026/SMA/Req.infoORAN°70/Anexo 3/ii) Infomación Ejecución de la humectación/caminos compensatorios Abril Rev1.pdf,Fiscalizaciones,2026,caminos compensatorios Abril Rev1.pdf,pdf,969623,0.925,Fiscalizacion / requerimientos autoridad,Alta,Pendiente,
DOC-0915,antecedentes/Fiscalizaciones/2026/SMA/Req.infoORAN°70/Anexo 3/ii) Infomación Ejecución de la humectación/caminos compensatorios enero Rev3.pdf,Fiscalizaciones,2026,caminos compensatorios enero Rev3.pdf,pdf,925771,0.883,Fiscalizacion / requerimientos autoridad,Alta,Pendiente,
DOC-0916,antecedentes/Fiscalizaciones/2026/SMA/Req.infoORAN°70/Anexo 3/ii) Infomación Ejecución de la humectación/caminos compensatorios Febrero Rev3.pdf,Fiscalizaciones,2026,caminos compensatorios Febrero Rev3.pdf,pdf,723076,0.690,Fiscalizacion / requerimientos autoridad,Alta,Pendiente,
DOC-0917,antecedentes/Fiscalizaciones/2026/SMA/Req.infoORAN°70/Anexo 3/ii) Infomación Ejecución de la humectación/caminos compensatorios Junio Rev0.pdf,Fiscalizaciones,2026,caminos compensatorios Junio Rev0.pdf,pdf,891020,0.850,Fiscalizacion / requerimientos autoridad,Alta,Pendiente,
DOC-0918,antecedentes/Fiscalizaciones/2026/SMA/Req.infoORAN°70/Anexo 3/ii) Infomación Ejecución de la humectación/caminos compensatorios Marzo Rev3.pdf,Fiscalizaciones,2026,caminos compensatorios Marzo Rev3.pdf,pdf,859416,0.820,Fiscalizacion / requerimientos autoridad,Alta,Pendiente,
DOC-0919,antecedentes/Fiscalizaciones/2026/SMA/Req.infoORAN°70/Anexo 3/ii) Infomación Ejecución de la humectación/caminos compensatorios Mayo Rev0.pdf,Fiscalizaciones,2026,caminos compensatorios Mayo Rev0.pdf,pdf,796550,0.760,Fiscalizacion / requerimientos autoridad,Alta,Pendiente,
DOC-0920,antecedentes/Fiscalizaciones/2026/SMA/Req.infoORAN°70/Anexo 3/iii) Plan de riego pavimentos compensatorios/Plan de riego Pavimentos Compensatorios.pdf,Fiscalizaciones,2026,Plan de riego Pavimentos Compensatorios.pdf,pdf,295647,0.282,Fiscalizacion / requerimientos autoridad,Alta,Pendiente,
DOC-0921,antecedentes/Fiscalizaciones/2026/SMA/Req.infoORAN°70/Anexo 3/iv) Memorandum Técnico/Memorandum Técnico Riego Camino Compensatorios_.pdf,Fiscalizaciones,2026,Memorandum Técnico Riego Camino Compensatorios_.pdf,pdf,563118,0.537,Fiscalizacion / requerimientos autoridad,Alta,Pendiente,
DOC-0922,antecedentes/Fiscalizaciones/2026/SMA/Req.infoORAN°70/Anexo 3/v) Respaldo Cambio de Camino/1541. MA 07-26 Carta Ingreso Cambio Camino Compensatorio.pdf,Fiscalizaciones,2026,1541. MA 07-26 Carta Ingreso Cambio Camino Compensatorio.pdf,pdf,261168,0.249,Fiscalizacion / requerimientos autoridad,Alta,Pendiente,
DOC-0923,antecedentes/Fiscalizaciones/2026/SMA/Req.infoORAN°70/Anexo 3/v) Respaldo Cambio de Camino/Comprobante_environmental_monitoring_df59768a-fd62-11f0-9fa4-0242ac110006.pdf,Fiscalizaciones,2026,Comprobante_environmental_monitoring_df59768a-fd62-11f0-9fa4-0242ac110006.pdf,pdf,100707,0.096,Fiscalizacion / requerimientos autoridad,Alta,Pendiente,
DOC-0924,antecedentes/Fiscalizaciones/2026/SMA/Req.infoORAN°70/Anexo 4/i) Plan Bischofitado/Plan bischofitado y asfaltado V2.pdf,Fiscalizaciones,2026,Plan bischofitado y asfaltado V2.pdf,pdf,159148,0.152,Fiscalizacion / requerimientos autoridad,Alta,Pendiente,
DOC-0925,antecedentes/Fiscalizaciones/2026/SMA/Req.infoORAN°70/Anexo 4/ii) Plan de Riesgo Pavimentos Compensatorios/Plan de riego Pavimentos Compensatorios.pdf,Fiscalizaciones,2026,Plan de riego Pavimentos Compensatorios.pdf,pdf,295647,0.282,Fiscalizacion / requerimientos autoridad,Alta,Pendiente,
DOC-0926,antecedentes/Fiscalizaciones/2026/SMA/Req.infoORAN°70/Anexo 4/iii) Infomación Ejecución de la humectación/caminos compensatorios Abril Rev1.pdf,Fiscalizaciones,2026,caminos compensatorios Abril Rev1.pdf,pdf,969623,0.925,Fiscalizacion / requerimientos autoridad,Alta,Pendiente,
DOC-0927,antecedentes/Fiscalizaciones/2026/SMA/Req.infoORAN°70/Anexo 4/iii) Infomación Ejecución de la humectación/caminos compensatorios enero Rev3.pdf,Fiscalizaciones,2026,caminos compensatorios enero Rev3.pdf,pdf,925771,0.883,Fiscalizacion / requerimientos autoridad,Alta,Pendiente,
DOC-0928,antecedentes/Fiscalizaciones/2026/SMA/Req.infoORAN°70/Anexo 4/iii) Infomación Ejecución de la humectación/caminos compensatorios Febrero Rev3.pdf,Fiscalizaciones,2026,caminos compensatorios Febrero Rev3.pdf,pdf,723076,0.690,Fiscalizacion / requerimientos autoridad,Alta,Pendiente,
DOC-0929,antecedentes/Fiscalizaciones/2026/SMA/Req.infoORAN°70/Anexo 4/iii) Infomación Ejecución de la humectación/caminos compensatorios Junio Rev0.pdf,Fiscalizaciones,2026,caminos compensatorios Junio Rev0.pdf,pdf,891020,0.850,Fiscalizacion / requerimientos autoridad,Alta,Pendiente,
DOC-0930,antecedentes/Fiscalizaciones/2026/SMA/Req.infoORAN°70/Anexo 4/iii) Infomación Ejecución de la humectación/caminos compensatorios Marzo Rev3.pdf,Fiscalizaciones,2026,caminos compensatorios Marzo Rev3.pdf,pdf,859416,0.820,Fiscalizacion / requerimientos autoridad,Alta,Pendiente,
DOC-0931,antecedentes/Fiscalizaciones/2026/SMA/Req.infoORAN°70/Anexo 4/iii) Infomación Ejecución de la humectación/caminos compensatorios Mayo Rev0.pdf,Fiscalizaciones,2026,caminos compensatorios Mayo Rev0.pdf,pdf,796550,0.760,Fiscalizacion / requerimientos autoridad,Alta,Pendiente,
DOC-0932,antecedentes/Fiscalizaciones/2026/SMA/Req.infoORAN°70/Anexo 4/iv) Informes de monitoreos/01. Enero/Anexos/A.1 CERTIFICADO CALIBRACIÓN.pdf,Fiscalizaciones,2026,A.1 CERTIFICADO CALIBRACIÓN.pdf,pdf,253544,0.242,Fiscalizacion / requerimientos autoridad,Alta,Pendiente,
DOC-0933,antecedentes/Fiscalizaciones/2026/SMA/Req.infoORAN°70/Anexo 4/iv) Informes de monitoreos/01. Enero/Anexos/A.2 RESPONSABLES Y PARTICIPANTES.pdf,Fiscalizaciones,2026,A.2 RESPONSABLES Y PARTICIPANTES.pdf,pdf,106038,0.101,Fiscalizacion / requerimientos autoridad,Alta,Pendiente,
DOC-0934,antecedentes/Fiscalizaciones/2026/SMA/Req.infoORAN°70/Anexo 4/iv) Informes de monitoreos/01. Enero/Informe_Caminos Compensatorios Enero 2026_v1.pdf,Fiscalizaciones,2026,Informe_Caminos Compensatorios Enero 2026_v1.pdf,pdf,6084854,5.803,Fiscalizacion / requerimientos autoridad,Alta,Pendiente,
DOC-0935,antecedentes/Fiscalizaciones/2026/SMA/Req.infoORAN°70/Anexo 4/iv) Informes de monitoreos/02. Febrero/Anexos/A.1 CERTIFICADO CALIBRACIÓN.pdf,Fiscalizaciones,2026,A.1 CERTIFICADO CALIBRACIÓN.pdf,pdf,182151,0.174,Fiscalizacion / requerimientos autoridad,Alta,Pendiente,
DOC-0936,antecedentes/Fiscalizaciones/2026/SMA/Req.infoORAN°70/Anexo 4/iv) Informes de monitoreos/02. Febrero/Anexos/A.2 RESPONSABLES Y PARTICIPANTES.pdf,Fiscalizaciones,2026,A.2 RESPONSABLES Y PARTICIPANTES.pdf,pdf,106845,0.102,Fiscalizacion / requerimientos autoridad,Alta,Pendiente,
DOC-0937,antecedentes/Fiscalizaciones/2026/SMA/Req.infoORAN°70/Anexo 4/iv) Informes de monitoreos/02. Febrero/Informe_Caminos Compensatorios Febrero 2026_v1.pdf,Fiscalizaciones,2026,Informe_Caminos Compensatorios Febrero 2026_v1.pdf,pdf,6054296,5.774,Fiscalizacion / requerimientos autoridad,Alta,Pendiente,
DOC-0938,antecedentes/Fiscalizaciones/2026/SMA/Req.infoORAN°70/Anexo 4/iv) Informes de monitoreos/03. Marzo/Anexos/A.1 CERTIFICADO CALIBRACIÓN.pdf,Fiscalizaciones,2026,A.1 CERTIFICADO CALIBRACIÓN.pdf,pdf,182149,0.174,Fiscalizacion / requerimientos autoridad,Alta,Pendiente,
DOC-0939,antecedentes/Fiscalizaciones/2026/SMA/Req.infoORAN°70/Anexo 4/iv) Informes de monitoreos/03. Marzo/Anexos/A.2 RESPONSABLES Y PARTICIPANTES.pdf,Fiscalizaciones,2026,A.2 RESPONSABLES Y PARTICIPANTES.pdf,pdf,106844,0.102,Fiscalizacion / requerimientos autoridad,Alta,Pendiente,
DOC-0940,antecedentes/Fiscalizaciones/2026/SMA/Req.infoORAN°70/Anexo 4/iv) Informes de monitoreos/03. Marzo/Informe_Caminos Compensatorios Marzo 2026_vA.pdf,Fiscalizaciones,2026,Informe_Caminos Compensatorios Marzo 2026_vA.pdf,pdf,6340327,6.047,Fiscalizacion / requerimientos autoridad,Alta,Pendiente,
DOC-0941,antecedentes/Fiscalizaciones/2026/SMA/Req.infoORAN°70/Anexo 4/iv) Informes de monitoreos/04. Abril/Anexos/A.1 CERTIFICADO CALIBRACIÓN.pdf,Fiscalizaciones,2026,A.1 CERTIFICADO CALIBRACIÓN.pdf,pdf,182149,0.174,Fiscalizacion / requerimientos autoridad,Alta,Pendiente,
DOC-0942,antecedentes/Fiscalizaciones/2026/SMA/Req.infoORAN°70/Anexo 4/iv) Informes de monitoreos/04. Abril/Anexos/A.2 RESPONSABLES Y PARTICIPANTES.pdf,Fiscalizaciones,2026,A.2 RESPONSABLES Y PARTICIPANTES.pdf,pdf,106844,0.102,Fiscalizacion / requerimientos autoridad,Alta,Pendiente,
DOC-0943,antecedentes/Fiscalizaciones/2026/SMA/Req.infoORAN°70/Anexo 4/iv) Informes de monitoreos/04. Abril/Informe_Caminos Compensatorios Abril 2026.pdf,Fiscalizaciones,2026,Informe_Caminos Compensatorios Abril 2026.pdf,pdf,6616672,6.310,Fiscalizacion / requerimientos autoridad,Alta,Pendiente,
DOC-0944,antecedentes/Fiscalizaciones/2026/SMA/Req.infoORAN°70/Anexo 4/iv) Informes de monitoreos/05. Mayo/Anexos/A.1 CERTIFICADO CALIBRACIÓN.pdf,Fiscalizaciones,2026,A.1 CERTIFICADO CALIBRACIÓN.pdf,pdf,182149,0.174,Fiscalizacion / requerimientos autoridad,Alta,Pendiente,
DOC-0945,antecedentes/Fiscalizaciones/2026/SMA/Req.infoORAN°70/Anexo 4/iv) Informes de monitoreos/05. Mayo/Anexos/A.2 RESPONSABLES Y PARTICIPANTES.pdf,Fiscalizaciones,2026,A.2 RESPONSABLES Y PARTICIPANTES.pdf,pdf,106844,0.102,Fiscalizacion / requerimientos autoridad,Alta,Pendiente,
DOC-0946,antecedentes/Fiscalizaciones/2026/SMA/Req.infoORAN°70/Anexo 4/iv) Informes de monitoreos/05. Mayo/Informe_Caminos Compensatorios Mayo 2026.pdf,Fiscalizaciones,2026,Informe_Caminos Compensatorios Mayo 2026.pdf,pdf,9488321,9.049,Fiscalizacion / requerimientos autoridad,Alta,Pendiente,
DOC-0947,antecedentes/Fiscalizaciones/2026/SMA/Req.infoORAN°70/Anexo 4/v) Memorándum Técnico de Riesgo de caminos compensatorios/Memorandum Técnico Riego Camino Compensatorios_.pdf,Fiscalizaciones,2026,Memorandum Técnico Riego Camino Compensatorios_.pdf,pdf,563118,0.537,Fiscalizacion / requerimientos autoridad,Alta,Pendiente,
DOC-0948,antecedentes/Fiscalizaciones/2026/SMA/Req.infoORAN°70/Anexo 5/Registro Tronaduras CCMC  2025 para SMA_rev1.xlsx,Fiscalizaciones,2026,Registro Tronaduras CCMC  2025 para SMA_rev1.xlsx,xlsx,96627,0.092,Fiscalizacion / requerimientos autoridad,Alta,Pendiente,
DOC-0949,antecedentes/Fiscalizaciones/2026/SMA/Req.infoORAN°70/Anexo 5/Registro Tronaduras CCMC  2026 para SMA_rev1.xlsx,Fiscalizaciones,2026,Registro Tronaduras CCMC  2026 para SMA_rev1.xlsx,xlsx,52257,0.050,Fiscalizacion / requerimientos autoridad,Alta,Pendiente,
DOC-0950,antecedentes/Fiscalizaciones/2026/SMA/Req.infoORAN°70/Anexo 6/01. Enero 2026/Frecuencia semanal enero 2026 Rev. 23.03.2026.xlsx,Fiscalizaciones,2026,Frecuencia semanal enero 2026 Rev. 23.03.2026.xlsx,xlsx,24485,0.023,Fiscalizacion / requerimientos autoridad,Alta,Pendiente,
DOC-0951,antecedentes/Fiscalizaciones/2026/SMA/Req.infoORAN°70/Anexo 6/01. Enero 2026/Informe Técnico  Barrido Mecanizado Enero 2026 Rev. 01.pdf,Fiscalizaciones,2026,Informe Técnico  Barrido Mecanizado Enero 2026 Rev. 01.pdf,pdf,674377,0.643,Fiscalizacion / requerimientos autoridad,Alta,Pendiente,
DOC-0952,antecedentes/Fiscalizaciones/2026/SMA/Req.infoORAN°70/Anexo 6/02. Febrero 2026/Informe Técnico  Barrido Mecanizado Febrero 2026 Rev. 01.pdf,Fiscalizaciones,2026,Informe Técnico  Barrido Mecanizado Febrero 2026 Rev. 01.pdf,pdf,2893713,2.760,Fiscalizacion / requerimientos autoridad,Alta,Pendiente,
DOC-0953,antecedentes/Fiscalizaciones/2026/SMA/Req.infoORAN°70/Anexo 6/03. Marzo 2026/Informe Técnico  Barrido Mecanizado Marzo 2026 Rev. 01.pdf,Fiscalizaciones,2026,Informe Técnico  Barrido Mecanizado Marzo 2026 Rev. 01.pdf,pdf,2919268,2.784,Fiscalizacion / requerimientos autoridad,Alta,Pendiente,
DOC-0954,antecedentes/Fiscalizaciones/2026/SMA/Req.infoORAN°70/Anexo 6/04. Abril 2026/Informe Técnico  Barrido Mecanizado Abril 2026.pdf,Fiscalizaciones,2026,Informe Técnico  Barrido Mecanizado Abril 2026.pdf,pdf,2852099,2.720,Fiscalizacion / requerimientos autoridad,Alta,Pendiente,
DOC-0955,antecedentes/Fiscalizaciones/2026/SMA/Req.infoORAN°70/Anexo 6/05. Mayo 2026/Informe Técnico  Barrido Mecanizado Mayo 2026.pdf,Fiscalizaciones,2026,Informe Técnico  Barrido Mecanizado Mayo 2026.pdf,pdf,2828800,2.698,Fiscalizacion / requerimientos autoridad,Alta,Pendiente,
DOC-0956,antecedentes/Fiscalizaciones/2026/SMA/Req.infoORAN°70/Anexo 6/06. Junio 2026/Informe Técnico  Barrido Mecanizado Junio 2026.pdf,Fiscalizaciones,2026,Informe Técnico  Barrido Mecanizado Junio 2026.pdf,pdf,2824946,2.694,Fiscalizacion / requerimientos autoridad,Alta,Pendiente,
DOC-0957,antecedentes/Fiscalizaciones/2026/SMA/Req.infoORAN°70/Anexo 6/Especificaciones Técnicas Barredora.pdf,Fiscalizaciones,2026,Especificaciones Técnicas Barredora.pdf,pdf,384228,0.366,Fiscalizacion / requerimientos autoridad,Alta,Pendiente,
DOC-0958,antecedentes/Fiscalizaciones/2026/SMA/Req.infoORAN°70/Anexo 6/Informes Eficiencia/Junio 2026/Informe_Eficiencia Barredora Junio_2026_KV.pdf,Fiscalizaciones,2026,Informe_Eficiencia Barredora Junio_2026_KV.pdf,pdf,7085192,6.757,Fiscalizacion / requerimientos autoridad,Alta,Pendiente,
DOC-0959,antecedentes/Fiscalizaciones/2026/SMA/Req.infoORAN°70/Anexo 6/Informes Eficiencia/Línea base/Informe_Eficiencia Barredora Linea Base_2026.pdf,Fiscalizaciones,2026,Informe_Eficiencia Barredora Linea Base_2026.pdf,pdf,6923574,6.603,Fiscalizacion / requerimientos autoridad,Alta,Pendiente,
DOC-0960,antecedentes/Fiscalizaciones/2026/SMA/Req.infoORAN°70/Anexo 6/Informes Eficiencia/Mayo 2026/Informe_Eficiencia Barredora Mayo_2026_KV.pdf,Fiscalizaciones,2026,Informe_Eficiencia Barredora Mayo_2026_KV.pdf,pdf,7094250,6.766,Fiscalizacion / requerimientos autoridad,Alta,Pendiente,
DOC-0961,antecedentes/Fiscalizaciones/2026/SMA/Req.infoORAN°70/Anexo 7/i. informe de actividades de limpieza y preparación terreno/INFORME_TÉCNICO_DE_AVANCE_N°1_-_SERVICIO_LIMPIEZA_Y_HABILITACIÓN_PLANTANACIÓN_MINA_SANTOS.pdf,Fiscalizaciones,2026,INFORME_TÉCNICO_DE_AVANCE_N°1_-_SERVICIO_LIMPIEZA_Y_HABILITACIÓN_PLANTANACIÓN_MINA_SANTOS.pdf,pdf,1792724,1.710,Fiscalizacion / requerimientos autoridad,Alta,Pendiente,
DOC-0962,antecedentes/Fiscalizaciones/2026/SMA/Req.infoORAN°70/Anexo 7/ii. informe avance contrato implementación de la plantación/Informe_actividades_Bosque_Santos_Camilo_Esquiveldocx.pdf,Fiscalizaciones,2026,Informe_actividades_Bosque_Santos_Camilo_Esquiveldocx.pdf,pdf,854944,0.815,Fiscalizacion / requerimientos autoridad,Alta,Pendiente,
DOC-0963,"antecedentes/Fiscalizaciones/2026/SMA/Req.infoORAN°70/Anexo 7/iii. antecedentes de planificación, documentación contractual/B._Técnica_Plantación_y_Mantención_Bosque_Santos_20260721205939.049.pdf",Fiscalizaciones,2026,B._Técnica_Plantación_y_Mantención_Bosque_Santos_20260721205939.049.pdf,pdf,1040202,0.992,Fiscalizacion / requerimientos autoridad,Alta,Pendiente,
DOC-0964,"antecedentes/Fiscalizaciones/2026/SMA/Req.infoORAN°70/Anexo 7/iii. antecedentes de planificación, documentación contractual/BASES TECNICAS HABILITACION SECTOR BOSQUE SANTOS 2040 (1).pdf",Fiscalizaciones,2026,BASES TECNICAS HABILITACION SECTOR BOSQUE SANTOS 2040 (1).pdf,pdf,2220754,2.118,Fiscalizacion / requerimientos autoridad,Alta,Pendiente,
DOC-0965,"antecedentes/Fiscalizaciones/2026/SMA/Req.infoORAN°70/Anexo 7/iii. antecedentes de planificación, documentación contractual/BT_Malla_Netport_Bosque_Rev.1_DPRO_04.06.2026.docx.pdf",Fiscalizaciones,2026,BT_Malla_Netport_Bosque_Rev.1_DPRO_04.06.2026.docx.pdf,pdf,1257440,1.199,Fiscalizacion / requerimientos autoridad,Alta,Pendiente,
DOC-0966,antecedentes/Fiscalizaciones/2026/SMA/Req.infoORAN°70/Anexo 8/Abril 2026/Reporte Técnico Abril 2026 - Candelaria 2040.pdf,Fiscalizaciones,2026,Reporte Técnico Abril 2026 - Candelaria 2040.pdf,pdf,1708517,1.629,Fiscalizacion / requerimientos autoridad,Alta,Pendiente,
DOC-0967,antecedentes/Fiscalizaciones/2026/SMA/Req.infoORAN°70/Anexo 8/Enero 2026/Reporte Técnico Enero 2026 - Candelaria 2040.pdf,Fiscalizaciones,2026,Reporte Técnico Enero 2026 - Candelaria 2040.pdf,pdf,1595304,1.521,Fiscalizacion / requerimientos autoridad,Alta,Pendiente,
DOC-0968,antecedentes/Fiscalizaciones/2026/SMA/Req.infoORAN°70/Anexo 8/Febrero 2026/Reporte Técnico Febrero 2026 - Candelaria 2040.pdf,Fiscalizaciones,2026,Reporte Técnico Febrero 2026 - Candelaria 2040.pdf,pdf,1527630,1.457,Fiscalizacion / requerimientos autoridad,Alta,Pendiente,
DOC-0969,antecedentes/Fiscalizaciones/2026/SMA/Req.infoORAN°70/Anexo 8/Junio 2026/Reporte Técnico Junio 2026 - Candelaria 2040.pdf,Fiscalizaciones,2026,Reporte Técnico Junio 2026 - Candelaria 2040.pdf,pdf,1831045,1.746,Fiscalizacion / requerimientos autoridad,Alta,Pendiente,
DOC-0970,antecedentes/Fiscalizaciones/2026/SMA/Req.infoORAN°70/Anexo 8/Marzo 2026/Reporte Técnico Marzo 2026 - Candelaria 2040.pdf,Fiscalizaciones,2026,Reporte Técnico Marzo 2026 - Candelaria 2040.pdf,pdf,1662947,1.586,Fiscalizacion / requerimientos autoridad,Alta,Pendiente,
DOC-0971,antecedentes/Fiscalizaciones/2026/SMA/Req.infoORAN°70/Anexo 8/Mayo 2026/Reporte Técnico Mayo 2026 - Candelaria 2040.pdf,Fiscalizaciones,2026,Reporte Técnico Mayo 2026 - Candelaria 2040.pdf,pdf,1766123,1.684,Fiscalizacion / requerimientos autoridad,Alta,Pendiente,
DOC-0972,antecedentes/Fiscalizaciones/2026/SMA/Req.infoORAN°70/Anexo 9/Sobrepresión por tronadura (2040) - Mensual - Junio 2026/2002. Reporte SSA - Ruido por sobrepresión por trondura junio 2026.pdf,Fiscalizaciones,2026,2002. Reporte SSA - Ruido por sobrepresión por trondura junio 2026.pdf,pdf,239006,0.228,Fiscalizacion / requerimientos autoridad,Alta,Pendiente,
DOC-0973,antecedentes/Fiscalizaciones/2026/SMA/Req.infoORAN°70/Anexo 9/Sobrepresión por tronadura (2040) - Mensual - Junio 2026/R-CAN-01062026-III-472.pdf,Fiscalizaciones,2026,R-CAN-01062026-III-472.pdf,pdf,8824727,8.416,Fiscalizacion / requerimientos autoridad,Alta,Pendiente,
DOC-0974,antecedentes/Fiscalizaciones/2026/SMA/Req.infoORAN°70/Anexo 9/Sobrepresión por tronadura (2040) - Mensual - Mayo 2026/1957. Reporte SSA - Sobrepresión por tronadura mayo 2026.pdf,Fiscalizaciones,2026,1957. Reporte SSA - Sobrepresión por tronadura mayo 2026.pdf,pdf,239076,0.228,Fiscalizacion / requerimientos autoridad,Alta,Pendiente,
DOC-0975,antecedentes/Fiscalizaciones/2026/SMA/Req.infoORAN°70/Anexo 9/Sobrepresión por tronadura (2040) - Mensual - Mayo 2026/R-CAN-08052026-III-464.pdf,Fiscalizaciones,2026,R-CAN-08052026-III-464.pdf,pdf,10268251,9.793,Fiscalizacion / requerimientos autoridad,Alta,Pendiente,
DOC-0976,antecedentes/Informes y reportes de cumplimiento ambiental asociados a calidad del aire y emisiones/Informes Mensuales/2025/01 Enero/Anexo Final/A 1.1 EMRP TAMA Enero 2025.xlsx,Informes y reportes de cumplimiento ambiental asociados a calidad del aire y emisiones,Informes Mensuales,A 1.1 EMRP TAMA Enero 2025.xlsx,xlsx,156703,0.149,Reportes de cumplimiento aire,Alta,Pendiente,
DOC-0977,antecedentes/Informes y reportes de cumplimiento ambiental asociados a calidad del aire y emisiones/Informes Mensuales/2025/01 Enero/Anexo Final/A 1.2 EM MINA Enero 2025.xlsx,Informes y reportes de cumplimiento ambiental asociados a calidad del aire y emisiones,Informes Mensuales,A 1.2 EM MINA Enero 2025.xlsx,xlsx,128980,0.123,Reportes de cumplimiento aire,Alta,Pendiente,
DOC-0978,antecedentes/Informes y reportes de cumplimiento ambiental asociados a calidad del aire y emisiones/Informes Mensuales/2025/01 Enero/Anexo Final/A 1.3 E MP-10 CALDERA Enero 2025.xlsx,Informes y reportes de cumplimiento ambiental asociados a calidad del aire y emisiones,Informes Mensuales,A 1.3 E MP-10 CALDERA Enero 2025.xlsx,xlsx,55699,0.053,Reportes de cumplimiento aire,Alta,Pendiente,
DOC-0979,antecedentes/Informes y reportes de cumplimiento ambiental asociados a calidad del aire y emisiones/Informes Mensuales/2025/01 Enero/Anexo Final/A 1.4 EM PUERTO Enero 2025.xlsx,Informes y reportes de cumplimiento ambiental asociados a calidad del aire y emisiones,Informes Mensuales,A 1.4 EM PUERTO Enero 2025.xlsx,xlsx,136171,0.130,Reportes de cumplimiento aire,Alta,Pendiente,
DOC-0980,antecedentes/Informes y reportes de cumplimiento ambiental asociados a calidad del aire y emisiones/Informes Mensuales/2025/01 Enero/Anexo Final/Anexo 3 Acreditaciones SGS Ene 2025.pdf,Informes y reportes de cumplimiento ambiental asociados a calidad del aire y emisiones,Informes Mensuales,Anexo 3 Acreditaciones SGS Ene 2025.pdf,pdf,165641,0.158,Reportes de cumplimiento aire,Alta,Pendiente,
DOC-0981,antecedentes/Informes y reportes de cumplimiento ambiental asociados a calidad del aire y emisiones/Informes Mensuales/2025/01 Enero/Anexo Final/Anexo 4 Ord BS3 Ene 2025.pdf,Informes y reportes de cumplimiento ambiental asociados a calidad del aire y emisiones,Informes Mensuales,Anexo 4 Ord BS3 Ene 2025.pdf,pdf,322946,0.308,Reportes de cumplimiento aire,Alta,Pendiente,
DOC-0982,antecedentes/Informes y reportes de cumplimiento ambiental asociados a calidad del aire y emisiones/Informes Mensuales/2025/01 Enero/Anexo Final/E MP-10 CALDERA Enero 2025.xlsx,Informes y reportes de cumplimiento ambiental asociados a calidad del aire y emisiones,Informes Mensuales,E MP-10 CALDERA Enero 2025.xlsx,xlsx,64305,0.061,Reportes de cumplimiento aire,Alta,Pendiente,
DOC-0983,antecedentes/Informes y reportes de cumplimiento ambiental asociados a calidad del aire y emisiones/Informes Mensuales/2025/01 Enero/Anexo Final/EM MINA Enero 2025.xlsx,Informes y reportes de cumplimiento ambiental asociados a calidad del aire y emisiones,Informes Mensuales,EM MINA Enero 2025.xlsx,xlsx,142937,0.136,Reportes de cumplimiento aire,Alta,Pendiente,
DOC-0984,antecedentes/Informes y reportes de cumplimiento ambiental asociados a calidad del aire y emisiones/Informes Mensuales/2025/01 Enero/Anexo Final/EM PUERTO Enero 2025.xlsx,Informes y reportes de cumplimiento ambiental asociados a calidad del aire y emisiones,Informes Mensuales,EM PUERTO Enero 2025.xlsx,xlsx,142831,0.136,Reportes de cumplimiento aire,Alta,Pendiente,
DOC-0985,antecedentes/Informes y reportes de cumplimiento ambiental asociados a calidad del aire y emisiones/Informes Mensuales/2025/01 Enero/Anexos Word/Anexo 3 Acreditaciones SGS Ene 2025.docx,Informes y reportes de cumplimiento ambiental asociados a calidad del aire y emisiones,Informes Mensuales,Anexo 3 Acreditaciones SGS Ene 2025.docx,docx,547754,0.522,Reportes de cumplimiento aire,Alta,Pendiente,
DOC-0986,antecedentes/Informes y reportes de cumplimiento ambiental asociados a calidad del aire y emisiones/Informes Mensuales/2025/01 Enero/Anexos Word/Anexo 4 Ord BS3.docx,Informes y reportes de cumplimiento ambiental asociados a calidad del aire y emisiones,Informes Mensuales,Anexo 4 Ord BS3.docx,docx,53516,0.051,Reportes de cumplimiento aire,Alta,Pendiente,
DOC-0987,antecedentes/Informes y reportes de cumplimiento ambiental asociados a calidad del aire y emisiones/Informes Mensuales/2025/02 Febrero/Anexo Final/A 1.1 EMRP TAMA Febrero 2025.v2.xlsx,Informes y reportes de cumplimiento ambiental asociados a calidad del aire y emisiones,Informes Mensuales,A 1.1 EMRP TAMA Febrero 2025.v2.xlsx,xlsx,140742,0.134,Reportes de cumplimiento aire,Alta,Pendiente,
DOC-0988,antecedentes/Informes y reportes de cumplimiento ambiental asociados a calidad del aire y emisiones/Informes Mensuales/2025/02 Febrero/Anexo Final/A 1.2 EM MINA Febrero 2025.v2.xlsx,Informes y reportes de cumplimiento ambiental asociados a calidad del aire y emisiones,Informes Mensuales,A 1.2 EM MINA Febrero 2025.v2.xlsx,xlsx,118477,0.113,Reportes de cumplimiento aire,Alta,Pendiente,
DOC-0989,antecedentes/Informes y reportes de cumplimiento ambiental asociados a calidad del aire y emisiones/Informes Mensuales/2025/02 Febrero/Anexo Final/A 1.4 EM PUERTO Febrero 2025.v2.xlsx,Informes y reportes de cumplimiento ambiental asociados a calidad del aire y emisiones,Informes Mensuales,A 1.4 EM PUERTO Febrero 2025.v2.xlsx,xlsx,117654,0.112,Reportes de cumplimiento aire,Alta,Pendiente,
DOC-0990,antecedentes/Informes y reportes de cumplimiento ambiental asociados a calidad del aire y emisiones/Informes Mensuales/2025/02 Febrero/Anexo Final/Anexo 4 Acreditaciones SGS Feb 2025.pdf,Informes y reportes de cumplimiento ambiental asociados a calidad del aire y emisiones,Informes Mensuales,Anexo 4 Acreditaciones SGS Feb 2025.pdf,pdf,155737,0.149,Reportes de cumplimiento aire,Alta,Pendiente,
DOC-0991,antecedentes/Informes y reportes de cumplimiento ambiental asociados a calidad del aire y emisiones/Informes Mensuales/2025/02 Febrero/Anexo Final/Anexo 5 Ord BS3 Feb 2025.pdf,Informes y reportes de cumplimiento ambiental asociados a calidad del aire y emisiones,Informes Mensuales,Anexo 5 Ord BS3 Feb 2025.pdf,pdf,322946,0.308,Reportes de cumplimiento aire,Alta,Pendiente,
DOC-0992,antecedentes/Informes y reportes de cumplimiento ambiental asociados a calidad del aire y emisiones/Informes Mensuales/2025/02 Febrero/Anexo Final/E MP-10 CALDERA Febrero 2025.xlsx,Informes y reportes de cumplimiento ambiental asociados a calidad del aire y emisiones,Informes Mensuales,E MP-10 CALDERA Febrero 2025.xlsx,xlsx,65092,0.062,Reportes de cumplimiento aire,Alta,Pendiente,
DOC-0993,antecedentes/Informes y reportes de cumplimiento ambiental asociados a calidad del aire y emisiones/Informes Mensuales/2025/02 Febrero/Anexo Final/EM MINA Febrero 2025.xlsx,Informes y reportes de cumplimiento ambiental asociados a calidad del aire y emisiones,Informes Mensuales,EM MINA Febrero 2025.xlsx,xlsx,143716,0.137,Reportes de cumplimiento aire,Alta,Pendiente,
DOC-0994,antecedentes/Informes y reportes de cumplimiento ambiental asociados a calidad del aire y emisiones/Informes Mensuales/2025/02 Febrero/Anexo Final/EM PUERTO Febrero 2025.xlsx,Informes y reportes de cumplimiento ambiental asociados a calidad del aire y emisiones,Informes Mensuales,EM PUERTO Febrero 2025.xlsx,xlsx,143318,0.137,Reportes de cumplimiento aire,Alta,Pendiente,
DOC-0995,antecedentes/Informes y reportes de cumplimiento ambiental asociados a calidad del aire y emisiones/Informes Mensuales/2025/02 Febrero/Anexos Word/Anexo 4 Acreditaciones SGS Feb 2025.docx,Informes y reportes de cumplimiento ambiental asociados a calidad del aire y emisiones,Informes Mensuales,Anexo 4 Acreditaciones SGS Feb 2025.docx,docx,547355,0.522,Reportes de cumplimiento aire,Alta,Pendiente,
DOC-0996,antecedentes/Informes y reportes de cumplimiento ambiental asociados a calidad del aire y emisiones/Informes Mensuales/2025/02 Febrero/Anexos Word/Anexo 5 Ord BS3 Feb 2025.docx,Informes y reportes de cumplimiento ambiental asociados a calidad del aire y emisiones,Informes Mensuales,Anexo 5 Ord BS3 Feb 2025.docx,docx,970426,0.925,Reportes de cumplimiento aire,Alta,Pendiente,
DOC-0997,antecedentes/Informes y reportes de cumplimiento ambiental asociados a calidad del aire y emisiones/Informes Mensuales/2025/02 Febrero/INFORME/Informe RES1449 CANDELARIA_ FEBRERO 2025.pdf,Informes y reportes de cumplimiento ambiental asociados a calidad del aire y emisiones,Informes Mensuales,Informe RES1449 CANDELARIA_ FEBRERO 2025.pdf,pdf,957914,0.914,Reportes de cumplimiento aire,Alta,Pendiente,
DOC-0998,antecedentes/Informes y reportes de cumplimiento ambiental asociados a calidad del aire y emisiones/Informes Mensuales/2025/03. Marzo 2025/Anexos Final/A 1.1 EMRP TAMA Marzo 2025.xlsx,Informes y reportes de cumplimiento ambiental asociados a calidad del aire y emisiones,Informes Mensuales,A 1.1 EMRP TAMA Marzo 2025.xlsx,xlsx,149337,0.142,Reportes de cumplimiento aire,Alta,Pendiente,
DOC-0999,antecedentes/Informes y reportes de cumplimiento ambiental asociados a calidad del aire y emisiones/Informes Mensuales/2025/03. Marzo 2025/Anexos Final/A 1.2 EM MINA Marzo 2025.xlsx,Informes y reportes de cumplimiento ambiental asociados a calidad del aire y emisiones,Informes Mensuales,A 1.2 EM MINA Marzo 2025.xlsx,xlsx,121375,0.116,Reportes de cumplimiento aire,Alta,Pendiente,
DOC-1000,antecedentes/Informes y reportes de cumplimiento ambiental asociados a calidad del aire y emisiones/Informes Mensuales/2025/03. Marzo 2025/Anexos Final/A 1.4 EM PUERTO Marzo 2025.xlsx,Informes y reportes de cumplimiento ambiental asociados a calidad del aire y emisiones,Informes Mensuales,A 1.4 EM PUERTO Marzo 2025.xlsx,xlsx,117064,0.112,Reportes de cumplimiento aire,Alta,Pendiente,
DOC-1001,antecedentes/Informes y reportes de cumplimiento ambiental asociados a calidad del aire y emisiones/Informes Mensuales/2025/03. Marzo 2025/Anexos Final/E MP-10 CALDERA Marzo 2025.xlsx,Informes y reportes de cumplimiento ambiental asociados a calidad del aire y emisiones,Informes Mensuales,E MP-10 CALDERA Marzo 2025.xlsx,xlsx,64773,0.062,Reportes de cumplimiento aire,Alta,Pendiente,
DOC-1002,antecedentes/Informes y reportes de cumplimiento ambiental asociados a calidad del aire y emisiones/Informes Mensuales/2025/03. Marzo 2025/Anexos Final/EM MINA Marzo 2025.xlsx,Informes y reportes de cumplimiento ambiental asociados a calidad del aire y emisiones,Informes Mensuales,EM MINA Marzo 2025.xlsx,xlsx,144153,0.137,Reportes de cumplimiento aire,Alta,Pendiente,
DOC-1003,antecedentes/Informes y reportes de cumplimiento ambiental asociados a calidad del aire y emisiones/Informes Mensuales/2025/03. Marzo 2025/Anexos Final/EM PUERTO Marzo 2025.xlsx,Informes y reportes de cumplimiento ambiental asociados a calidad del aire y emisiones,Informes Mensuales,EM PUERTO Marzo 2025.xlsx,xlsx,142935,0.136,Reportes de cumplimiento aire,Alta,Pendiente,
DOC-1004,antecedentes/Informes y reportes de cumplimiento ambiental asociados a calidad del aire y emisiones/Informes Mensuales/2025/03. Marzo 2025/Anexos Word/Anexo 5 Ord BS3 Mar 2025.docx,Informes y reportes de cumplimiento ambiental asociados a calidad del aire y emisiones,Informes Mensuales,Anexo 5 Ord BS3 Mar 2025.docx,docx,970426,0.925,Reportes de cumplimiento aire,Alta,Pendiente,
DOC-1005,antecedentes/Informes y reportes de cumplimiento ambiental asociados a calidad del aire y emisiones/Informes Mensuales/2025/04. Abril 2025/Anexos Final/A 1.1 EMRP TAMA Abril 2025.xlsx,Informes y reportes de cumplimiento ambiental asociados a calidad del aire y emisiones,Informes Mensuales,A 1.1 EMRP TAMA Abril 2025.xlsx,xlsx,181136,0.173,Reportes de cumplimiento aire,Alta,Pendiente,
DOC-1006,antecedentes/Informes y reportes de cumplimiento ambiental asociados a calidad del aire y emisiones/Informes Mensuales/2025/04. Abril 2025/Anexos Final/A 1.2 EM MINA Abril 2025.xlsx,Informes y reportes de cumplimiento ambiental asociados a calidad del aire y emisiones,Informes Mensuales,A 1.2 EM MINA Abril 2025.xlsx,xlsx,142779,0.136,Reportes de cumplimiento aire,Alta,Pendiente,
DOC-1007,antecedentes/Informes y reportes de cumplimiento ambiental asociados a calidad del aire y emisiones/Informes Mensuales/2025/04. Abril 2025/Anexos Final/A 1.4 EM PUERTO Abril 2025.xlsx,Informes y reportes de cumplimiento ambiental asociados a calidad del aire y emisiones,Informes Mensuales,A 1.4 EM PUERTO Abril 2025.xlsx,xlsx,141361,0.135,Reportes de cumplimiento aire,Alta,Pendiente,
DOC-1008,antecedentes/Informes y reportes de cumplimiento ambiental asociados a calidad del aire y emisiones/Informes Mensuales/2025/04. Abril 2025/Anexos Word/Anexo 5 Ord BS3 Abr 2025.docx,Informes y reportes de cumplimiento ambiental asociados a calidad del aire y emisiones,Informes Mensuales,Anexo 5 Ord BS3 Abr 2025.docx,docx,969275,0.924,Reportes de cumplimiento aire,Alta,Pendiente,
DOC-1009,antecedentes/Informes y reportes de cumplimiento ambiental asociados a calidad del aire y emisiones/Informes Mensuales/2025/05. Mayo 2025/Anexos Final/A 1.1 EMRP TAMA Mayo 2025.xlsx,Informes y reportes de cumplimiento ambiental asociados a calidad del aire y emisiones,Informes Mensuales,A 1.1 EMRP TAMA Mayo 2025.xlsx,xlsx,185536,0.177,Reportes de cumplimiento aire,Alta,Pendiente,
DOC-1010,antecedentes/Informes y reportes de cumplimiento ambiental asociados a calidad del aire y emisiones/Informes Mensuales/2025/05. Mayo 2025/Anexos Final/A 1.2 EM MINA Mayo 2025.xlsx,Informes y reportes de cumplimiento ambiental asociados a calidad del aire y emisiones,Informes Mensuales,A 1.2 EM MINA Mayo 2025.xlsx,xlsx,147173,0.140,Reportes de cumplimiento aire,Alta,Pendiente,
DOC-1011,antecedentes/Informes y reportes de cumplimiento ambiental asociados a calidad del aire y emisiones/Informes Mensuales/2025/05. Mayo 2025/Anexos Final/A 1.3 E MP-10 CALDERA Mayo 2025.xlsx,Informes y reportes de cumplimiento ambiental asociados a calidad del aire y emisiones,Informes Mensuales,A 1.3 E MP-10 CALDERA Mayo 2025.xlsx,xlsx,63715,0.061,Reportes de cumplimiento aire,Alta,Pendiente,
DOC-1012,antecedentes/Informes y reportes de cumplimiento ambiental asociados a calidad del aire y emisiones/Informes Mensuales/2025/05. Mayo 2025/Anexos Final/A 1.4 EM PUERTO Mayo 2025.xlsx,Informes y reportes de cumplimiento ambiental asociados a calidad del aire y emisiones,Informes Mensuales,A 1.4 EM PUERTO Mayo 2025.xlsx,xlsx,143406,0.137,Reportes de cumplimiento aire,Alta,Pendiente,
DOC-1013,antecedentes/Informes y reportes de cumplimiento ambiental asociados a calidad del aire y emisiones/Informes Mensuales/2025/05. Mayo 2025/Anexos Word/Anexo 5 Ord BS3 Mayo 2025.docx,Informes y reportes de cumplimiento ambiental asociados a calidad del aire y emisiones,Informes Mensuales,Anexo 5 Ord BS3 Mayo 2025.docx,docx,969275,0.924,Reportes de cumplimiento aire,Alta,Pendiente,
DOC-1014,antecedentes/Informes y reportes de cumplimiento ambiental asociados a calidad del aire y emisiones/Informes Mensuales/2025/06. Junio 2025/Anexos Final/A 1.1 EMRP TAMA Junio 2025.xlsx,Informes y reportes de cumplimiento ambiental asociados a calidad del aire y emisiones,Informes Mensuales,A 1.1 EMRP TAMA Junio 2025.xlsx,xlsx,179184,0.171,Reportes de cumplimiento aire,Alta,Pendiente,
DOC-1015,antecedentes/Informes y reportes de cumplimiento ambiental asociados a calidad del aire y emisiones/Informes Mensuales/2025/06. Junio 2025/Anexos Final/A 1.2 EM MINA Junio 2025.xlsx,Informes y reportes de cumplimiento ambiental asociados a calidad del aire y emisiones,Informes Mensuales,A 1.2 EM MINA Junio 2025.xlsx,xlsx,146359,0.140,Reportes de cumplimiento aire,Alta,Pendiente,
DOC-1016,antecedentes/Informes y reportes de cumplimiento ambiental asociados a calidad del aire y emisiones/Informes Mensuales/2025/06. Junio 2025/Anexos Final/A 1.4 EM PUERTO Junio 2025.xlsx,Informes y reportes de cumplimiento ambiental asociados a calidad del aire y emisiones,Informes Mensuales,A 1.4 EM PUERTO Junio 2025.xlsx,xlsx,143549,0.137,Reportes de cumplimiento aire,Alta,Pendiente,
DOC-1017,antecedentes/Informes y reportes de cumplimiento ambiental asociados a calidad del aire y emisiones/Informes Mensuales/2025/06. Junio 2025/Anexos Final/Anexo 5 Ord BS3 Junio 2025.pdf,Informes y reportes de cumplimiento ambiental asociados a calidad del aire y emisiones,Informes Mensuales,Anexo 5 Ord BS3 Junio 2025.pdf,pdf,874490,0.834,Reportes de cumplimiento aire,Alta,Pendiente,
DOC-1018,antecedentes/Informes y reportes de cumplimiento ambiental asociados a calidad del aire y emisiones/Informes Mensuales/2025/06. Junio 2025/Anexos Word/Anexo 5 Ord BS3 Junio 2025.docx,Informes y reportes de cumplimiento ambiental asociados a calidad del aire y emisiones,Informes Mensuales,Anexo 5 Ord BS3 Junio 2025.docx,docx,969275,0.924,Reportes de cumplimiento aire,Alta,Pendiente,
DOC-1019,antecedentes/Informes y reportes de cumplimiento ambiental asociados a calidad del aire y emisiones/Informes Mensuales/2025/07. Julio 2025/Anexos Final/A 1.1 EMRP TAMA Julio 2025.xlsx,Informes y reportes de cumplimiento ambiental asociados a calidad del aire y emisiones,Informes Mensuales,A 1.1 EMRP TAMA Julio 2025.xlsx,xlsx,184073,0.176,Reportes de cumplimiento aire,Alta,Pendiente,
DOC-1020,antecedentes/Informes y reportes de cumplimiento ambiental asociados a calidad del aire y emisiones/Informes Mensuales/2025/07. Julio 2025/Anexos Final/A 1.2 EM MINA Julio 2025.xlsx,Informes y reportes de cumplimiento ambiental asociados a calidad del aire y emisiones,Informes Mensuales,A 1.2 EM MINA Julio 2025.xlsx,xlsx,147138,0.140,Reportes de cumplimiento aire,Alta,Pendiente,
DOC-1021,antecedentes/Informes y reportes de cumplimiento ambiental asociados a calidad del aire y emisiones/Informes Mensuales/2025/07. Julio 2025/Anexos Final/A 1.4 EM PUERTO Julio 2025.xlsx,Informes y reportes de cumplimiento ambiental asociados a calidad del aire y emisiones,Informes Mensuales,A 1.4 EM PUERTO Julio 2025.xlsx,xlsx,144425,0.138,Reportes de cumplimiento aire,Alta,Pendiente,
DOC-1022,antecedentes/Informes y reportes de cumplimiento ambiental asociados a calidad del aire y emisiones/Informes Mensuales/2025/07. Julio 2025/Anexos Final/Anexo 5 Ord BS3 Julio 2025.pdf,Informes y reportes de cumplimiento ambiental asociados a calidad del aire y emisiones,Informes Mensuales,Anexo 5 Ord BS3 Julio 2025.pdf,pdf,874490,0.834,Reportes de cumplimiento aire,Alta,Pendiente,
DOC-1023,antecedentes/Informes y reportes de cumplimiento ambiental asociados a calidad del aire y emisiones/Informes Mensuales/2025/07. Julio 2025/Anexos Word/Anexo 5 Ord BS3 Julio 2025.docx,Informes y reportes de cumplimiento ambiental asociados a calidad del aire y emisiones,Informes Mensuales,Anexo 5 Ord BS3 Julio 2025.docx,docx,969275,0.924,Reportes de cumplimiento aire,Alta,Pendiente,
DOC-1024,antecedentes/Informes y reportes de cumplimiento ambiental asociados a calidad del aire y emisiones/Informes Mensuales/2025/08. Agosto 2025/Anexos Final/Anexo 5 Ord BS3 Agosto 2025.pdf,Informes y reportes de cumplimiento ambiental asociados a calidad del aire y emisiones,Informes Mensuales,Anexo 5 Ord BS3 Agosto 2025.pdf,pdf,874490,0.834,Reportes de cumplimiento aire,Alta,Pendiente,
DOC-1025,antecedentes/Informes y reportes de cumplimiento ambiental asociados a calidad del aire y emisiones/Informes Mensuales/2025/08. Agosto 2025/Anexos Final/E MP-10 CALDERA Agosto 2025.xlsx,Informes y reportes de cumplimiento ambiental asociados a calidad del aire y emisiones,Informes Mensuales,E MP-10 CALDERA Agosto 2025.xlsx,xlsx,55195,0.053,Reportes de cumplimiento aire,Alta,Pendiente,
DOC-1026,antecedentes/Informes y reportes de cumplimiento ambiental asociados a calidad del aire y emisiones/Informes Mensuales/2025/08. Agosto 2025/Anexos Final/EM MINA Agosto 2025.xlsx,Informes y reportes de cumplimiento ambiental asociados a calidad del aire y emisiones,Informes Mensuales,EM MINA Agosto 2025.xlsx,xlsx,149119,0.142,Reportes de cumplimiento aire,Alta,Pendiente,
DOC-1027,antecedentes/Informes y reportes de cumplimiento ambiental asociados a calidad del aire y emisiones/Informes Mensuales/2025/08. Agosto 2025/Anexos Final/EM PUERTO Agosto 2025.xlsx,Informes y reportes de cumplimiento ambiental asociados a calidad del aire y emisiones,Informes Mensuales,EM PUERTO Agosto 2025.xlsx,xlsx,149538,0.143,Reportes de cumplimiento aire,Alta,Pendiente,
DOC-1028,antecedentes/Informes y reportes de cumplimiento ambiental asociados a calidad del aire y emisiones/Informes Mensuales/2025/08. Agosto 2025/Anexos Word/Anexo 5 Ord BS3 Agosto 2025.docx,Informes y reportes de cumplimiento ambiental asociados a calidad del aire y emisiones,Informes Mensuales,Anexo 5 Ord BS3 Agosto 2025.docx,docx,969275,0.924,Reportes de cumplimiento aire,Alta,Pendiente,
DOC-1029,antecedentes/Informes y reportes de cumplimiento ambiental asociados a calidad del aire y emisiones/Informes Mensuales/2025/09. Septiembre 2025/Anexos Final/EM MINA Septiembre 2025.xlsx,Informes y reportes de cumplimiento ambiental asociados a calidad del aire y emisiones,Informes Mensuales,EM MINA Septiembre 2025.xlsx,xlsx,143838,0.137,Reportes de cumplimiento aire,Alta,Pendiente,
DOC-1030,antecedentes/Informes y reportes de cumplimiento ambiental asociados a calidad del aire y emisiones/Informes Mensuales/2025/09. Septiembre 2025/Anexos Final/EM PUERTO Septiembre 2025.xlsx,Informes y reportes de cumplimiento ambiental asociados a calidad del aire y emisiones,Informes Mensuales,EM PUERTO Septiembre 2025.xlsx,xlsx,148303,0.141,Reportes de cumplimiento aire,Alta,Pendiente,
DOC-1031,antecedentes/Informes y reportes de cumplimiento ambiental asociados a calidad del aire y emisiones/Informes Mensuales/2025/10. Octubre 2025/Anexos Final/Anexo 5 Ord BS3 Octubre 2025.pdf,Informes y reportes de cumplimiento ambiental asociados a calidad del aire y emisiones,Informes Mensuales,Anexo 5 Ord BS3 Octubre 2025.pdf,pdf,874490,0.834,Reportes de cumplimiento aire,Alta,Pendiente,
DOC-1032,antecedentes/Informes y reportes de cumplimiento ambiental asociados a calidad del aire y emisiones/Informes Mensuales/2025/10. Octubre 2025/Anexos Final/E MP-10 CALDERA Octubre 2025.xlsx,Informes y reportes de cumplimiento ambiental asociados a calidad del aire y emisiones,Informes Mensuales,E MP-10 CALDERA Octubre 2025.xlsx,xlsx,64334,0.061,Reportes de cumplimiento aire,Alta,Pendiente,
DOC-1033,antecedentes/Informes y reportes de cumplimiento ambiental asociados a calidad del aire y emisiones/Informes Mensuales/2025/10. Octubre 2025/Anexos Final/EM MINA Octubre 2025.xlsx,Informes y reportes de cumplimiento ambiental asociados a calidad del aire y emisiones,Informes Mensuales,EM MINA Octubre 2025.xlsx,xlsx,143384,0.137,Reportes de cumplimiento aire,Alta,Pendiente,
DOC-1034,antecedentes/Informes y reportes de cumplimiento ambiental asociados a calidad del aire y emisiones/Informes Mensuales/2025/10. Octubre 2025/Anexos Final/EM PUERTO Octubre 2025.xlsx,Informes y reportes de cumplimiento ambiental asociados a calidad del aire y emisiones,Informes Mensuales,EM PUERTO Octubre 2025.xlsx,xlsx,147784,0.141,Reportes de cumplimiento aire,Alta,Pendiente,
DOC-1035,antecedentes/Informes y reportes de cumplimiento ambiental asociados a calidad del aire y emisiones/Informes Mensuales/2025/10. Octubre 2025/Anexos Word/Anexo 5 Ord BS3 Octubre 2025.docx,Informes y reportes de cumplimiento ambiental asociados a calidad del aire y emisiones,Informes Mensuales,Anexo 5 Ord BS3 Octubre 2025.docx,docx,969275,0.924,Reportes de cumplimiento aire,Alta,Pendiente,
DOC-1036,antecedentes/Informes y reportes de cumplimiento ambiental asociados a calidad del aire y emisiones/Informes Mensuales/2025/11. Noviembre/Anexos Final/Anexo 5 Ord BS3 Noviembre 2025.pdf,Informes y reportes de cumplimiento ambiental asociados a calidad del aire y emisiones,Informes Mensuales,Anexo 5 Ord BS3 Noviembre 2025.pdf,pdf,874490,0.834,Reportes de cumplimiento aire,Alta,Pendiente,
DOC-1037,antecedentes/Informes y reportes de cumplimiento ambiental asociados a calidad del aire y emisiones/Informes Mensuales/2025/11. Noviembre/Anexos Final/E MP-10 CALDERA Noviembre 2025.xlsx,Informes y reportes de cumplimiento ambiental asociados a calidad del aire y emisiones,Informes Mensuales,E MP-10 CALDERA Noviembre 2025.xlsx,xlsx,64213,0.061,Reportes de cumplimiento aire,Alta,Pendiente,
DOC-1038,antecedentes/Informes y reportes de cumplimiento ambiental asociados a calidad del aire y emisiones/Informes Mensuales/2025/11. Noviembre/Anexos Final/EM MINA Noviembre 2025.xlsx,Informes y reportes de cumplimiento ambiental asociados a calidad del aire y emisiones,Informes Mensuales,EM MINA Noviembre 2025.xlsx,xlsx,147867,0.141,Reportes de cumplimiento aire,Alta,Pendiente,
DOC-1039,antecedentes/Informes y reportes de cumplimiento ambiental asociados a calidad del aire y emisiones/Informes Mensuales/2025/11. Noviembre/Anexos Final/EM PUERTO Noviembre 2025.xlsx,Informes y reportes de cumplimiento ambiental asociados a calidad del aire y emisiones,Informes Mensuales,EM PUERTO Noviembre 2025.xlsx,xlsx,148983,0.142,Reportes de cumplimiento aire,Alta,Pendiente,
DOC-1040,antecedentes/Informes y reportes de cumplimiento ambiental asociados a calidad del aire y emisiones/Informes Mensuales/2025/11. Noviembre/Anexos Word/Anexo 5 Ord BS3 Noviembre 2025.docx,Informes y reportes de cumplimiento ambiental asociados a calidad del aire y emisiones,Informes Mensuales,Anexo 5 Ord BS3 Noviembre 2025.docx,docx,968788,0.924,Reportes de cumplimiento aire,Alta,Pendiente,
DOC-1041,antecedentes/Informes y reportes de cumplimiento ambiental asociados a calidad del aire y emisiones/Informes Mensuales/2025/12. Diciembre/Anexos Final/Anexo 5 Ord BS3 Diciembre 2025.pdf,Informes y reportes de cumplimiento ambiental asociados a calidad del aire y emisiones,Informes Mensuales,Anexo 5 Ord BS3 Diciembre 2025.pdf,pdf,939581,0.896,Reportes de cumplimiento aire,Alta,Pendiente,
DOC-1042,antecedentes/Informes y reportes de cumplimiento ambiental asociados a calidad del aire y emisiones/Informes Mensuales/2025/12. Diciembre/Anexos Final/E MP-10 CALDERA Diciembre 2025.xlsx,Informes y reportes de cumplimiento ambiental asociados a calidad del aire y emisiones,Informes Mensuales,E MP-10 CALDERA Diciembre 2025.xlsx,xlsx,55361,0.053,Reportes de cumplimiento aire,Alta,Pendiente,
DOC-1043,antecedentes/Informes y reportes de cumplimiento ambiental asociados a calidad del aire y emisiones/Informes Mensuales/2025/12. Diciembre/Anexos Final/EM MINA Diciembre 2025.xlsx,Informes y reportes de cumplimiento ambiental asociados a calidad del aire y emisiones,Informes Mensuales,EM MINA Diciembre 2025.xlsx,xlsx,115578,0.110,Reportes de cumplimiento aire,Alta,Pendiente,
DOC-1044,antecedentes/Informes y reportes de cumplimiento ambiental asociados a calidad del aire y emisiones/Informes Mensuales/2025/12. Diciembre/Anexos Final/EM PUERTO Diciembre 2025.xlsx,Informes y reportes de cumplimiento ambiental asociados a calidad del aire y emisiones,Informes Mensuales,EM PUERTO Diciembre 2025.xlsx,xlsx,121147,0.116,Reportes de cumplimiento aire,Alta,Pendiente,
DOC-1045,antecedentes/Informes y reportes de cumplimiento ambiental asociados a calidad del aire y emisiones/Informes Mensuales/2025/12. Diciembre/Anexos Word/Anexo 5 Ord BS3 Diciembre 2025.docx,Informes y reportes de cumplimiento ambiental asociados a calidad del aire y emisiones,Informes Mensuales,Anexo 5 Ord BS3 Diciembre 2025.docx,docx,968780,0.924,Reportes de cumplimiento aire,Alta,Pendiente,
DOC-1046,antecedentes/Informes y reportes de cumplimiento ambiental asociados a calidad del aire y emisiones/Informes Mensuales/2026/01. Enero/Anexos Final/Anexo 5 Ord BS3 Enero 2026.pdf,Informes y reportes de cumplimiento ambiental asociados a calidad del aire y emisiones,Informes Mensuales,Anexo 5 Ord BS3 Enero 2026.pdf,pdf,939581,0.896,Reportes de cumplimiento aire,Alta,Pendiente,
DOC-1047,antecedentes/Informes y reportes de cumplimiento ambiental asociados a calidad del aire y emisiones/Informes Mensuales/2026/01. Enero/Anexos Final/E MP-10 CALDERA Enero 2026.xlsx,Informes y reportes de cumplimiento ambiental asociados a calidad del aire y emisiones,Informes Mensuales,E MP-10 CALDERA Enero 2026.xlsx,xlsx,55572,0.053,Reportes de cumplimiento aire,Alta,Pendiente,
DOC-1048,antecedentes/Informes y reportes de cumplimiento ambiental asociados a calidad del aire y emisiones/Informes Mensuales/2026/01. Enero/Anexos Final/EM MINA Enero 2026.xlsx,Informes y reportes de cumplimiento ambiental asociados a calidad del aire y emisiones,Informes Mensuales,EM MINA Enero 2026.xlsx,xlsx,121199,0.116,Reportes de cumplimiento aire,Alta,Pendiente,
DOC-1049,antecedentes/Informes y reportes de cumplimiento ambiental asociados a calidad del aire y emisiones/Informes Mensuales/2026/01. Enero/Anexos Final/EM PUERTO Enero 2026.xlsx,Informes y reportes de cumplimiento ambiental asociados a calidad del aire y emisiones,Informes Mensuales,EM PUERTO Enero 2026.xlsx,xlsx,120820,0.115,Reportes de cumplimiento aire,Alta,Pendiente,
DOC-1050,antecedentes/Informes y reportes de cumplimiento ambiental asociados a calidad del aire y emisiones/Informes Mensuales/2026/01. Enero/Anexos Word/Anexo 5 Ord BS3 Enero 2026.docx,Informes y reportes de cumplimiento ambiental asociados a calidad del aire y emisiones,Informes Mensuales,Anexo 5 Ord BS3 Enero 2026.docx,docx,968780,0.924,Reportes de cumplimiento aire,Alta,Pendiente,
DOC-1051,antecedentes/Informes y reportes de cumplimiento ambiental asociados a calidad del aire y emisiones/Informes Mensuales/2026/02. Febrero/Anexos Final/Anexo 5 Ord BS3 Febrero 2026.pdf,Informes y reportes de cumplimiento ambiental asociados a calidad del aire y emisiones,Informes Mensuales,Anexo 5 Ord BS3 Febrero 2026.pdf,pdf,932930,0.890,Reportes de cumplimiento aire,Alta,Pendiente,
DOC-1052,antecedentes/Informes y reportes de cumplimiento ambiental asociados a calidad del aire y emisiones/Informes Mensuales/2026/02. Febrero/Anexos Final/E MP-10 CALDERA Febrero 2026.xlsx,Informes y reportes de cumplimiento ambiental asociados a calidad del aire y emisiones,Informes Mensuales,E MP-10 CALDERA Febrero 2026.xlsx,xlsx,56071,0.053,Reportes de cumplimiento aire,Alta,Pendiente,
DOC-1053,antecedentes/Informes y reportes de cumplimiento ambiental asociados a calidad del aire y emisiones/Informes Mensuales/2026/02. Febrero/Anexos Final/EM MINA Febrero 2026.xlsx,Informes y reportes de cumplimiento ambiental asociados a calidad del aire y emisiones,Informes Mensuales,EM MINA Febrero 2026.xlsx,xlsx,121781,0.116,Reportes de cumplimiento aire,Alta,Pendiente,
DOC-1054,antecedentes/Informes y reportes de cumplimiento ambiental asociados a calidad del aire y emisiones/Informes Mensuales/2026/02. Febrero/Anexos Final/EM PUERTO Febrero 2026.xlsx,Informes y reportes de cumplimiento ambiental asociados a calidad del aire y emisiones,Informes Mensuales,EM PUERTO Febrero 2026.xlsx,xlsx,123833,0.118,Reportes de cumplimiento aire,Alta,Pendiente,
DOC-1055,antecedentes/Informes y reportes de cumplimiento ambiental asociados a calidad del aire y emisiones/Informes Mensuales/2026/02. Febrero/Anexos Word/Anexo 5 Ord BS3 Febrero 2026.docx,Informes y reportes de cumplimiento ambiental asociados a calidad del aire y emisiones,Informes Mensuales,Anexo 5 Ord BS3 Febrero 2026.docx,docx,968780,0.924,Reportes de cumplimiento aire,Alta,Pendiente,
DOC-1056,antecedentes/Informes y reportes de cumplimiento ambiental asociados a calidad del aire y emisiones/Informes Mensuales/2026/03. Marzo/Anexos Final/Anexo 5 Ord BS3 Marzo 2026.pdf,Informes y reportes de cumplimiento ambiental asociados a calidad del aire y emisiones,Informes Mensuales,Anexo 5 Ord BS3 Marzo 2026.pdf,pdf,932930,0.890,Reportes de cumplimiento aire,Alta,Pendiente,
DOC-1057,antecedentes/Informes y reportes de cumplimiento ambiental asociados a calidad del aire y emisiones/Informes Mensuales/2026/03. Marzo/Anexos Final/E MP-10 CALDERA Marzo 2026.xlsx,Informes y reportes de cumplimiento ambiental asociados a calidad del aire y emisiones,Informes Mensuales,E MP-10 CALDERA Marzo 2026.xlsx,xlsx,56026,0.053,Reportes de cumplimiento aire,Alta,Pendiente,
DOC-1058,antecedentes/Informes y reportes de cumplimiento ambiental asociados a calidad del aire y emisiones/Informes Mensuales/2026/03. Marzo/Anexos Final/EM MINA Marzo 2026.xlsx,Informes y reportes de cumplimiento ambiental asociados a calidad del aire y emisiones,Informes Mensuales,EM MINA Marzo 2026.xlsx,xlsx,121773,0.116,Reportes de cumplimiento aire,Alta,Pendiente,
DOC-1059,antecedentes/Informes y reportes de cumplimiento ambiental asociados a calidad del aire y emisiones/Informes Mensuales/2026/03. Marzo/Anexos Final/EM PUERTO Marzo 2026.xlsx,Informes y reportes de cumplimiento ambiental asociados a calidad del aire y emisiones,Informes Mensuales,EM PUERTO Marzo 2026.xlsx,xlsx,120439,0.115,Reportes de cumplimiento aire,Alta,Pendiente,
DOC-1060,antecedentes/Informes y reportes de cumplimiento ambiental asociados a calidad del aire y emisiones/Informes Mensuales/2026/03. Marzo/Anexos Word/Anexo 5 Ord BS3 Marzo 2026.docx,Informes y reportes de cumplimiento ambiental asociados a calidad del aire y emisiones,Informes Mensuales,Anexo 5 Ord BS3 Marzo 2026.docx,docx,968780,0.924,Reportes de cumplimiento aire,Alta,Pendiente,
DOC-1061,antecedentes/Informes y reportes de cumplimiento ambiental asociados a calidad del aire y emisiones/Informes Mensuales/2026/04. Abril/Anexos Final/Anexo 5 Ord BS3 Abril 2026.pdf,Informes y reportes de cumplimiento ambiental asociados a calidad del aire y emisiones,Informes Mensuales,Anexo 5 Ord BS3 Abril 2026.pdf,pdf,932930,0.890,Reportes de cumplimiento aire,Alta,Pendiente,
DOC-1062,antecedentes/Informes y reportes de cumplimiento ambiental asociados a calidad del aire y emisiones/Informes Mensuales/2026/04. Abril/Anexos Final/E MP-10 CALDERA Abril 2026.xlsx,Informes y reportes de cumplimiento ambiental asociados a calidad del aire y emisiones,Informes Mensuales,E MP-10 CALDERA Abril 2026.xlsx,xlsx,56323,0.054,Reportes de cumplimiento aire,Alta,Pendiente,
DOC-1063,antecedentes/Informes y reportes de cumplimiento ambiental asociados a calidad del aire y emisiones/Informes Mensuales/2026/04. Abril/Anexos Final/EM MINA Abril 2026.xlsx,Informes y reportes de cumplimiento ambiental asociados a calidad del aire y emisiones,Informes Mensuales,EM MINA Abril 2026.xlsx,xlsx,117592,0.112,Reportes de cumplimiento aire,Alta,Pendiente,
DOC-1064,antecedentes/Informes y reportes de cumplimiento ambiental asociados a calidad del aire y emisiones/Informes Mensuales/2026/04. Abril/Anexos Final/EM PUERTO Abril 2026.xlsx,Informes y reportes de cumplimiento ambiental asociados a calidad del aire y emisiones,Informes Mensuales,EM PUERTO Abril 2026.xlsx,xlsx,118209,0.113,Reportes de cumplimiento aire,Alta,Pendiente,
DOC-1065,antecedentes/Informes y reportes de cumplimiento ambiental asociados a calidad del aire y emisiones/Informes Mensuales/2026/04. Abril/Anexos Word/Anexo 5 Ord BS3 Abril 2026.docx,Informes y reportes de cumplimiento ambiental asociados a calidad del aire y emisiones,Informes Mensuales,Anexo 5 Ord BS3 Abril 2026.docx,docx,968780,0.924,Reportes de cumplimiento aire,Alta,Pendiente,
DOC-1066,antecedentes/Informes y reportes de cumplimiento ambiental asociados a calidad del aire y emisiones/Informes Mensuales/2026/05. Mayo/Anexos Final/Anexo 4 Acreditaciones SGS Mayo 2026.pdf,Informes y reportes de cumplimiento ambiental asociados a calidad del aire y emisiones,Informes Mensuales,Anexo 4 Acreditaciones SGS Mayo 2026.pdf,pdf,182291,0.174,Reportes de cumplimiento aire,Alta,Pendiente,
DOC-1067,antecedentes/Informes y reportes de cumplimiento ambiental asociados a calidad del aire y emisiones/Informes Mensuales/2026/05. Mayo/Anexos Final/Anexo 5 Ord BS3 Mayo 2026.pdf,Informes y reportes de cumplimiento ambiental asociados a calidad del aire y emisiones,Informes Mensuales,Anexo 5 Ord BS3 Mayo 2026.pdf,pdf,932930,0.890,Reportes de cumplimiento aire,Alta,Pendiente,
DOC-1068,antecedentes/Informes y reportes de cumplimiento ambiental asociados a calidad del aire y emisiones/Informes Mensuales/2026/05. Mayo/Anexos Final/E MP-10 CALDERA Mayo 2026.xlsx,Informes y reportes de cumplimiento ambiental asociados a calidad del aire y emisiones,Informes Mensuales,E MP-10 CALDERA Mayo 2026.xlsx,xlsx,56002,0.053,Reportes de cumplimiento aire,Alta,Pendiente,
DOC-1069,antecedentes/Informes y reportes de cumplimiento ambiental asociados a calidad del aire y emisiones/Informes Mensuales/2026/05. Mayo/Anexos Final/EM MINA Mayo 2026.xlsx,Informes y reportes de cumplimiento ambiental asociados a calidad del aire y emisiones,Informes Mensuales,EM MINA Mayo 2026.xlsx,xlsx,120965,0.115,Reportes de cumplimiento aire,Alta,Pendiente,
DOC-1070,antecedentes/Informes y reportes de cumplimiento ambiental asociados a calidad del aire y emisiones/Informes Mensuales/2026/05. Mayo/Anexos Final/EM PUERTO Mayo 2026.xlsx,Informes y reportes de cumplimiento ambiental asociados a calidad del aire y emisiones,Informes Mensuales,EM PUERTO Mayo 2026.xlsx,xlsx,119985,0.114,Reportes de cumplimiento aire,Alta,Pendiente,
DOC-1071,antecedentes/Informes y reportes de cumplimiento ambiental asociados a calidad del aire y emisiones/Informes Mensuales/2026/05. Mayo/Anexos Word/Anexo 4 Acreditaciones SGS Mayo 2026.docx,Informes y reportes de cumplimiento ambiental asociados a calidad del aire y emisiones,Informes Mensuales,Anexo 4 Acreditaciones SGS Mayo 2026.docx,docx,548915,0.523,Reportes de cumplimiento aire,Alta,Pendiente,
DOC-1072,antecedentes/Informes y reportes de cumplimiento ambiental asociados a calidad del aire y emisiones/Informes Mensuales/2026/05. Mayo/Anexos Word/Anexo 5 Ord BS3 Mayo 2026.docx,Informes y reportes de cumplimiento ambiental asociados a calidad del aire y emisiones,Informes Mensuales,Anexo 5 Ord BS3 Mayo 2026.docx,docx,968780,0.924,Reportes de cumplimiento aire,Alta,Pendiente,
DOC-1073,antecedentes/Informes y reportes de cumplimiento ambiental asociados a calidad del aire y emisiones/Informes Mensuales/2026/06. Junio/ANEXO FINAL/Anexo 4 Acreditaciones SGS Junio 2026.pdf,Informes y reportes de cumplimiento ambiental asociados a calidad del aire y emisiones,Informes Mensuales,Anexo 4 Acreditaciones SGS Junio 2026.pdf,pdf,176590,0.168,Reportes de cumplimiento aire,Alta,Pendiente,
DOC-1074,antecedentes/Informes y reportes de cumplimiento ambiental asociados a calidad del aire y emisiones/Informes Mensuales/2026/06. Junio/ANEXO FINAL/Anexo 5 Ord BS3 Junio 2026.pdf,Informes y reportes de cumplimiento ambiental asociados a calidad del aire y emisiones,Informes Mensuales,Anexo 5 Ord BS3 Junio 2026.pdf,pdf,926003,0.883,Reportes de cumplimiento aire,Alta,Pendiente,
DOC-1075,antecedentes/Informes y reportes de cumplimiento ambiental asociados a calidad del aire y emisiones/Informes Mensuales/2026/06. Junio/ANEXO FINAL/E MP-10 CALDERA Junio 2026.xlsx,Informes y reportes de cumplimiento ambiental asociados a calidad del aire y emisiones,Informes Mensuales,E MP-10 CALDERA Junio 2026.xlsx,xlsx,64247,0.061,Reportes de cumplimiento aire,Alta,Pendiente,
DOC-1076,antecedentes/Informes y reportes de cumplimiento ambiental asociados a calidad del aire y emisiones/Informes Mensuales/2026/06. Junio/ANEXO FINAL/EM MINA Junio 2026.xlsx,Informes y reportes de cumplimiento ambiental asociados a calidad del aire y emisiones,Informes Mensuales,EM MINA Junio 2026.xlsx,xlsx,145366,0.139,Reportes de cumplimiento aire,Alta,Pendiente,
DOC-1077,antecedentes/Informes y reportes de cumplimiento ambiental asociados a calidad del aire y emisiones/Informes Mensuales/2026/06. Junio/ANEXO FINAL/EM PUERTO Junio 2026.xlsx,Informes y reportes de cumplimiento ambiental asociados a calidad del aire y emisiones,Informes Mensuales,EM PUERTO Junio 2026.xlsx,xlsx,143937,0.137,Reportes de cumplimiento aire,Alta,Pendiente,
DOC-1078,antecedentes/Informes y reportes de cumplimiento ambiental asociados a calidad del aire y emisiones/Informes Mensuales/2026/06. Junio/ANEXO WORD/Anexo 4 Acreditaciones SGS Junio 2026.docx,Informes y reportes de cumplimiento ambiental asociados a calidad del aire y emisiones,Informes Mensuales,Anexo 4 Acreditaciones SGS Junio 2026.docx,docx,548693,0.523,Reportes de cumplimiento aire,Alta,Pendiente,
DOC-1079,antecedentes/Informes y reportes de cumplimiento ambiental asociados a calidad del aire y emisiones/Informes Mensuales/2026/06. Junio/ANEXO WORD/Anexo 5 Ord BS3 Junio 2026.docx,Informes y reportes de cumplimiento ambiental asociados a calidad del aire y emisiones,Informes Mensuales,Anexo 5 Ord BS3 Junio 2026.docx,docx,968780,0.924,Reportes de cumplimiento aire,Alta,Pendiente,
DOC-1080,antecedentes/Informes y reportes de cumplimiento ambiental asociados a calidad del aire y emisiones/Informes Semestrales/2024/01. Primer Semestre/Anexos/A.6. ACREDITACIONES.pdf,Informes y reportes de cumplimiento ambiental asociados a calidad del aire y emisiones,Informes Semestrales,A.6. ACREDITACIONES.pdf,pdf,1062863,1.014,Reportes de cumplimiento aire,Alta,Pendiente,
DOC-1081,antecedentes/Informes y reportes de cumplimiento ambiental asociados a calidad del aire y emisiones/Informes Semestrales/2025/1 Semestre/Anexos/A 1 CERTIFICADOS DE ANALISIS QUIMICOS.pdf,Informes y reportes de cumplimiento ambiental asociados a calidad del aire y emisiones,Informes Semestrales,A 1 CERTIFICADOS DE ANALISIS QUIMICOS.pdf,pdf,2411230,2.300,Reportes de cumplimiento aire,Alta,Pendiente,
DOC-1082,antecedentes/Informes y reportes de cumplimiento ambiental asociados a calidad del aire y emisiones/Informes Semestrales/2025/1 Semestre/Anexos/A 4 METEOROLOGIA ESTACION TAMA.pdf,Informes y reportes de cumplimiento ambiental asociados a calidad del aire y emisiones,Informes Semestrales,A 4 METEOROLOGIA ESTACION TAMA.pdf,pdf,1046448,0.998,Reportes de cumplimiento aire,Alta,Pendiente,
DOC-1083,antecedentes/Informes y reportes de cumplimiento ambiental asociados a calidad del aire y emisiones/Informes Semestrales/2025/1 Semestre/Anexos/A 5. 1 EM NANTOCO ENERO 2025.xlsx,Informes y reportes de cumplimiento ambiental asociados a calidad del aire y emisiones,Informes Semestrales,A 5. 1 EM NANTOCO ENERO 2025.xlsx,xlsx,102416,0.098,Reportes de cumplimiento aire,Alta,Pendiente,
DOC-1084,antecedentes/Informes y reportes de cumplimiento ambiental asociados a calidad del aire y emisiones/Informes Semestrales/2025/1 Semestre/Anexos/A 5.1 EMRP TAMA Enero 2025.xlsx,Informes y reportes de cumplimiento ambiental asociados a calidad del aire y emisiones,Informes Semestrales,A 5.1 EMRP TAMA Enero 2025.xlsx,xlsx,180087,0.172,Reportes de cumplimiento aire,Alta,Pendiente,
DOC-1085,antecedentes/Informes y reportes de cumplimiento ambiental asociados a calidad del aire y emisiones/Informes Semestrales/2025/1 Semestre/Anexos/A 5.2 EM NANTOCO FEBRERO 2025.xlsx,Informes y reportes de cumplimiento ambiental asociados a calidad del aire y emisiones,Informes Semestrales,A 5.2 EM NANTOCO FEBRERO 2025.xlsx,xlsx,105093,0.100,Reportes de cumplimiento aire,Alta,Pendiente,
DOC-1086,antecedentes/Informes y reportes de cumplimiento ambiental asociados a calidad del aire y emisiones/Informes Semestrales/2025/1 Semestre/Anexos/A 5.2 EMRP TAMA Febrero 2025.xlsx,Informes y reportes de cumplimiento ambiental asociados a calidad del aire y emisiones,Informes Semestrales,A 5.2 EMRP TAMA Febrero 2025.xlsx,xlsx,180878,0.172,Reportes de cumplimiento aire,Alta,Pendiente,
DOC-1087,antecedentes/Informes y reportes de cumplimiento ambiental asociados a calidad del aire y emisiones/Informes Semestrales/2025/1 Semestre/Anexos/A 5.3  EM NANTOCO MARZO 2025.xlsx,Informes y reportes de cumplimiento ambiental asociados a calidad del aire y emisiones,Informes Semestrales,A 5.3  EM NANTOCO MARZO 2025.xlsx,xlsx,102212,0.097,Reportes de cumplimiento aire,Alta,Pendiente,
DOC-1088,antecedentes/Informes y reportes de cumplimiento ambiental asociados a calidad del aire y emisiones/Informes Semestrales/2025/1 Semestre/Anexos/A 5.3 EMRP TAMA Marzo 2025.xlsx,Informes y reportes de cumplimiento ambiental asociados a calidad del aire y emisiones,Informes Semestrales,A 5.3 EMRP TAMA Marzo 2025.xlsx,xlsx,180237,0.172,Reportes de cumplimiento aire,Alta,Pendiente,
DOC-1089,antecedentes/Informes y reportes de cumplimiento ambiental asociados a calidad del aire y emisiones/Informes Semestrales/2025/1 Semestre/Anexos/A 5.4 EMRP TAMA ABRIL 2025.xlsx,Informes y reportes de cumplimiento ambiental asociados a calidad del aire y emisiones,Informes Semestrales,A 5.4 EMRP TAMA ABRIL 2025.xlsx,xlsx,186893,0.178,Reportes de cumplimiento aire,Alta,Pendiente,
DOC-1090,antecedentes/Informes y reportes de cumplimiento ambiental asociados a calidad del aire y emisiones/Informes Semestrales/2025/1 Semestre/Anexos/A 5.4EM NANTOCO ABRIL 2025.xlsx,Informes y reportes de cumplimiento ambiental asociados a calidad del aire y emisiones,Informes Semestrales,A 5.4EM NANTOCO ABRIL 2025.xlsx,xlsx,107447,0.102,Reportes de cumplimiento aire,Alta,Pendiente,
DOC-1091,antecedentes/Informes y reportes de cumplimiento ambiental asociados a calidad del aire y emisiones/Informes Semestrales/2025/1 Semestre/Anexos/A 5.5 EM NANTOCO MAYO 2025.xlsx,Informes y reportes de cumplimiento ambiental asociados a calidad del aire y emisiones,Informes Semestrales,A 5.5 EM NANTOCO MAYO 2025.xlsx,xlsx,110501,0.105,Reportes de cumplimiento aire,Alta,Pendiente,
DOC-1092,antecedentes/Informes y reportes de cumplimiento ambiental asociados a calidad del aire y emisiones/Informes Semestrales/2025/1 Semestre/Anexos/A 5.5 EMRP TAMA MAYO 2025.xlsx,Informes y reportes de cumplimiento ambiental asociados a calidad del aire y emisiones,Informes Semestrales,A 5.5 EMRP TAMA MAYO 2025.xlsx,xlsx,182084,0.174,Reportes de cumplimiento aire,Alta,Pendiente,
DOC-1093,antecedentes/Informes y reportes de cumplimiento ambiental asociados a calidad del aire y emisiones/Informes Semestrales/2025/1 Semestre/Anexos/A 5.6 EM NANTOCO JUNIO 2025.xlsx,Informes y reportes de cumplimiento ambiental asociados a calidad del aire y emisiones,Informes Semestrales,A 5.6 EM NANTOCO JUNIO 2025.xlsx,xlsx,114560,0.109,Reportes de cumplimiento aire,Alta,Pendiente,
DOC-1094,antecedentes/Informes y reportes de cumplimiento ambiental asociados a calidad del aire y emisiones/Informes Semestrales/2025/1 Semestre/Anexos/A 5.6 EMRP TAMA JUNIO 2025.xlsx,Informes y reportes de cumplimiento ambiental asociados a calidad del aire y emisiones,Informes Semestrales,A 5.6 EMRP TAMA JUNIO 2025.xlsx,xlsx,186603,0.178,Reportes de cumplimiento aire,Alta,Pendiente,
DOC-1095,antecedentes/Informes y reportes de cumplimiento ambiental asociados a calidad del aire y emisiones/Informes Semestrales/2025/1 Semestre/Anexos/A 6 ACREDITACIONES.pdf,Informes y reportes de cumplimiento ambiental asociados a calidad del aire y emisiones,Informes Semestrales,A 6 ACREDITACIONES.pdf,pdf,111867,0.107,Reportes de cumplimiento aire,Alta,Pendiente,
DOC-1096,antecedentes/Informes y reportes de cumplimiento ambiental asociados a calidad del aire y emisiones/Informes Semestrales/2025/2 Semestre/Anexos/A.1 CERTIFICADOS DE ANALISIS QUIMICOS.pdf,Informes y reportes de cumplimiento ambiental asociados a calidad del aire y emisiones,Informes Semestrales,A.1 CERTIFICADOS DE ANALISIS QUIMICOS.pdf,pdf,2665271,2.542,Reportes de cumplimiento aire,Alta,Pendiente,
DOC-1097,antecedentes/Informes y reportes de cumplimiento ambiental asociados a calidad del aire y emisiones/Informes Semestrales/2025/2 Semestre/Anexos/A.4 METEOROLOGIA.pdf,Informes y reportes de cumplimiento ambiental asociados a calidad del aire y emisiones,Informes Semestrales,A.4 METEOROLOGIA.pdf,pdf,1700617,1.622,Reportes de cumplimiento aire,Alta,Pendiente,
DOC-1098,antecedentes/Informes y reportes de cumplimiento ambiental asociados a calidad del aire y emisiones/Informes Semestrales/2025/2 Semestre/Anexos/A.6 ACREDITACIONES.pdf,Informes y reportes de cumplimiento ambiental asociados a calidad del aire y emisiones,Informes Semestrales,A.6 ACREDITACIONES.pdf,pdf,187053,0.178,Reportes de cumplimiento aire,Alta,Pendiente,
DOC-1099,antecedentes/Informes y reportes de cumplimiento ambiental asociados a calidad del aire y emisiones/Informes Semestrales/2026/1 Semestre/Anexo/A.1 CERTIFICADOS DE ANALISIS QUIMICOS.pdf,Informes y reportes de cumplimiento ambiental asociados a calidad del aire y emisiones,Informes Semestrales,A.1 CERTIFICADOS DE ANALISIS QUIMICOS.pdf,pdf,2522143,2.405,Reportes de cumplimiento aire,Alta,Pendiente,
DOC-1100,antecedentes/Informes y reportes de cumplimiento ambiental asociados a calidad del aire y emisiones/Informes Semestrales/2026/1 Semestre/Anexo/A.4 METEOROLOGIA ESTACION TAMA.pdf,Informes y reportes de cumplimiento ambiental asociados a calidad del aire y emisiones,Informes Semestrales,A.4 METEOROLOGIA ESTACION TAMA.pdf,pdf,1310883,1.250,Reportes de cumplimiento aire,Alta,Pendiente,
DOC-1101,antecedentes/Informes y reportes de cumplimiento ambiental asociados a calidad del aire y emisiones/Informes Semestrales/2026/1 Semestre/Anexo/A.6 ACREDITACIONES.pdf,Informes y reportes de cumplimiento ambiental asociados a calidad del aire y emisiones,Informes Semestrales,A.6 ACREDITACIONES.pdf,pdf,175263,0.167,Reportes de cumplimiento aire,Alta,Pendiente,
DOC-1102,antecedentes/Informes y reportes de cumplimiento ambiental asociados a calidad del aire y emisiones/Informes Trimestrales/2024/1T/Anexo/A.1 HOJAS DE DATOS DE TERRENO MONITOREO MP10.pdf,Informes y reportes de cumplimiento ambiental asociados a calidad del aire y emisiones,Informes Trimestrales,A.1 HOJAS DE DATOS DE TERRENO MONITOREO MP10.pdf,pdf,291396,0.278,Reportes de cumplimiento aire,Alta,Pendiente,
DOC-1103,antecedentes/Informes y reportes de cumplimiento ambiental asociados a calidad del aire y emisiones/Informes Trimestrales/2024/1T/Anexo/A.2 HOJAS DE DATOS DE TERRENO MONITOREO MP2.5.pdf,Informes y reportes de cumplimiento ambiental asociados a calidad del aire y emisiones,Informes Trimestrales,A.2 HOJAS DE DATOS DE TERRENO MONITOREO MP2.5.pdf,pdf,309346,0.295,Reportes de cumplimiento aire,Alta,Pendiente,
DOC-1104,antecedentes/Informes y reportes de cumplimiento ambiental asociados a calidad del aire y emisiones/Informes Trimestrales/2024/1T/Anexo/A.3 CERTIFICADOS CALIDAD DEL AIRE_.pdf,Informes y reportes de cumplimiento ambiental asociados a calidad del aire y emisiones,Informes Trimestrales,A.3 CERTIFICADOS CALIDAD DEL AIRE_.pdf,pdf,1783780,1.701,Reportes de cumplimiento aire,Alta,Pendiente,
DOC-1105,antecedentes/Informes y reportes de cumplimiento ambiental asociados a calidad del aire y emisiones/Informes Trimestrales/2024/1T/Anexo/A.4 METEREOLOGIA.pdf,Informes y reportes de cumplimiento ambiental asociados a calidad del aire y emisiones,Informes Trimestrales,A.4 METEREOLOGIA.pdf,pdf,1505285,1.436,Reportes de cumplimiento aire,Alta,Pendiente,
DOC-1106,antecedentes/Informes y reportes de cumplimiento ambiental asociados a calidad del aire y emisiones/Informes Trimestrales/2024/1T/Anexo/A.5 REGISTRO MANTENCIONES.pdf,Informes y reportes de cumplimiento ambiental asociados a calidad del aire y emisiones,Informes Trimestrales,A.5 REGISTRO MANTENCIONES.pdf,pdf,1005450,0.959,Reportes de cumplimiento aire,Alta,Pendiente,
DOC-1107,antecedentes/Informes y reportes de cumplimiento ambiental asociados a calidad del aire y emisiones/Informes Trimestrales/2024/1T/Anexo/A.6 ACREDITACIONES.pdf,Informes y reportes de cumplimiento ambiental asociados a calidad del aire y emisiones,Informes Trimestrales,A.6 ACREDITACIONES.pdf,pdf,954323,0.910,Reportes de cumplimiento aire,Alta,Pendiente,
DOC-1108,antecedentes/Informes y reportes de cumplimiento ambiental asociados a calidad del aire y emisiones/Informes Trimestrales/2024/1T/Anexo/A.7 GRAFICOS HISTORICOS.pdf,Informes y reportes de cumplimiento ambiental asociados a calidad del aire y emisiones,Informes Trimestrales,A.7 GRAFICOS HISTORICOS.pdf,pdf,1668099,1.591,Reportes de cumplimiento aire,Alta,Pendiente,
DOC-1109,antecedentes/Informes y reportes de cumplimiento ambiental asociados a calidad del aire y emisiones/Informes Trimestrales/2024/1T/Anexo/A.8 RUIDO Y VIBRACIONES.pdf,Informes y reportes de cumplimiento ambiental asociados a calidad del aire y emisiones,Informes Trimestrales,A.8 RUIDO Y VIBRACIONES.pdf,pdf,8409807,8.020,Reportes de cumplimiento aire,Alta,Pendiente,
DOC-1110,antecedentes/Informes y reportes de cumplimiento ambiental asociados a calidad del aire y emisiones/Informes Trimestrales/2024/1T/Informe CCMC_1T 2024_VF+firmas.pdf,Informes y reportes de cumplimiento ambiental asociados a calidad del aire y emisiones,Informes Trimestrales,Informe CCMC_1T 2024_VF+firmas.pdf,pdf,3005068,2.866,Reportes de cumplimiento aire,Alta,Pendiente,
DOC-1111,antecedentes/Informes y reportes de cumplimiento ambiental asociados a calidad del aire y emisiones/Informes Trimestrales/2024/2 T/Anexos/A.1 HOJAS DE DATOS DE TERRENO MONITOREO MP10.pdf,Informes y reportes de cumplimiento ambiental asociados a calidad del aire y emisiones,Informes Trimestrales,A.1 HOJAS DE DATOS DE TERRENO MONITOREO MP10.pdf,pdf,1501356,1.432,Reportes de cumplimiento aire,Alta,Pendiente,
DOC-1112,antecedentes/Informes y reportes de cumplimiento ambiental asociados a calidad del aire y emisiones/Informes Trimestrales/2024/2 T/Anexos/A.2 HOJAS DE DATOS DE TERRENO MONITOREO MP2.5.pdf,Informes y reportes de cumplimiento ambiental asociados a calidad del aire y emisiones,Informes Trimestrales,A.2 HOJAS DE DATOS DE TERRENO MONITOREO MP2.5.pdf,pdf,1375362,1.312,Reportes de cumplimiento aire,Alta,Pendiente,
DOC-1113,antecedentes/Informes y reportes de cumplimiento ambiental asociados a calidad del aire y emisiones/Informes Trimestrales/2024/2 T/Anexos/A.3 CERTIFICADOS CALIDAD DEL AIRE.pdf,Informes y reportes de cumplimiento ambiental asociados a calidad del aire y emisiones,Informes Trimestrales,A.3 CERTIFICADOS CALIDAD DEL AIRE.pdf,pdf,1970182,1.879,Reportes de cumplimiento aire,Alta,Pendiente,
DOC-1114,antecedentes/Informes y reportes de cumplimiento ambiental asociados a calidad del aire y emisiones/Informes Trimestrales/2024/2 T/Anexos/A.4 METEREOLOGIA.pdf,Informes y reportes de cumplimiento ambiental asociados a calidad del aire y emisiones,Informes Trimestrales,A.4 METEREOLOGIA.pdf,pdf,3348875,3.194,Reportes de cumplimiento aire,Alta,Pendiente,
DOC-1115,antecedentes/Informes y reportes de cumplimiento ambiental asociados a calidad del aire y emisiones/Informes Trimestrales/2024/2 T/Anexos/A.5 REGISTRO MANTENCIONES.pdf,Informes y reportes de cumplimiento ambiental asociados a calidad del aire y emisiones,Informes Trimestrales,A.5 REGISTRO MANTENCIONES.pdf,pdf,1537888,1.467,Reportes de cumplimiento aire,Alta,Pendiente,
DOC-1116,antecedentes/Informes y reportes de cumplimiento ambiental asociados a calidad del aire y emisiones/Informes Trimestrales/2024/2 T/Anexos/A.6 ACREDITACIONES.pdf,Informes y reportes de cumplimiento ambiental asociados a calidad del aire y emisiones,Informes Trimestrales,A.6 ACREDITACIONES.pdf,pdf,1545131,1.474,Reportes de cumplimiento aire,Alta,Pendiente,
DOC-1117,antecedentes/Informes y reportes de cumplimiento ambiental asociados a calidad del aire y emisiones/Informes Trimestrales/2024/2 T/Anexos/A.7 GRAFICOS HISTORICOS.pdf,Informes y reportes de cumplimiento ambiental asociados a calidad del aire y emisiones,Informes Trimestrales,A.7 GRAFICOS HISTORICOS.pdf,pdf,1890281,1.803,Reportes de cumplimiento aire,Alta,Pendiente,
DOC-1118,antecedentes/Informes y reportes de cumplimiento ambiental asociados a calidad del aire y emisiones/Informes Trimestrales/2024/2 T/Anexos/A.8 RUIDO Y VIBRACIONES.pdf,Informes y reportes de cumplimiento ambiental asociados a calidad del aire y emisiones,Informes Trimestrales,A.8 RUIDO Y VIBRACIONES.pdf,pdf,3728500,3.556,Reportes de cumplimiento aire,Alta,Pendiente,
DOC-1119,antecedentes/Informes y reportes de cumplimiento ambiental asociados a calidad del aire y emisiones/Informes Trimestrales/2024/2 T/Informe Monitoreo Terrestre Aire-R&V_CCMC_2T 2024.pdf,Informes y reportes de cumplimiento ambiental asociados a calidad del aire y emisiones,Informes Trimestrales,Informe Monitoreo Terrestre Aire-R&V_CCMC_2T 2024.pdf,pdf,3323427,3.169,Reportes de cumplimiento aire,Alta,Pendiente,
DOC-1120,antecedentes/Informes y reportes de cumplimiento ambiental asociados a calidad del aire y emisiones/Informes Trimestrales/2024/3T/Anexos Autoridades/A.3 CERTIFICADOS CALIDAD DEL AIRE.pdf,Informes y reportes de cumplimiento ambiental asociados a calidad del aire y emisiones,Informes Trimestrales,A.3 CERTIFICADOS CALIDAD DEL AIRE.pdf,pdf,6811463,6.496,Reportes de cumplimiento aire,Alta,Pendiente,
DOC-1121,antecedentes/Informes y reportes de cumplimiento ambiental asociados a calidad del aire y emisiones/Informes Trimestrales/2024/3T/Anexos Autoridades/A.4 METEREOLOGIA.pdf,Informes y reportes de cumplimiento ambiental asociados a calidad del aire y emisiones,Informes Trimestrales,A.4 METEREOLOGIA.pdf,pdf,7067480,6.740,Reportes de cumplimiento aire,Alta,Pendiente,
DOC-1122,antecedentes/Informes y reportes de cumplimiento ambiental asociados a calidad del aire y emisiones/Informes Trimestrales/2024/3T/Anexos Autoridades/A.5 REGISTRO MANTENCIONES.pdf,Informes y reportes de cumplimiento ambiental asociados a calidad del aire y emisiones,Informes Trimestrales,A.5 REGISTRO MANTENCIONES.pdf,pdf,3297139,3.144,Reportes de cumplimiento aire,Alta,Pendiente,
DOC-1123,antecedentes/Informes y reportes de cumplimiento ambiental asociados a calidad del aire y emisiones/Informes Trimestrales/2024/3T/Anexos Autoridades/A.6 ACREDITACIONES.pdf,Informes y reportes de cumplimiento ambiental asociados a calidad del aire y emisiones,Informes Trimestrales,A.6 ACREDITACIONES.pdf,pdf,1293866,1.234,Reportes de cumplimiento aire,Alta,Pendiente,
DOC-1124,antecedentes/Informes y reportes de cumplimiento ambiental asociados a calidad del aire y emisiones/Informes Trimestrales/2024/3T/Anexos Autoridades/A.7 GRAFICOS HISTORICOS.pdf,Informes y reportes de cumplimiento ambiental asociados a calidad del aire y emisiones,Informes Trimestrales,A.7 GRAFICOS HISTORICOS.pdf,pdf,1746457,1.666,Reportes de cumplimiento aire,Alta,Pendiente,
DOC-1125,antecedentes/Informes y reportes de cumplimiento ambiental asociados a calidad del aire y emisiones/Informes Trimestrales/2024/3T/Informe Trimestral  Aire y Meteorología CCMC_3T 2024.pdf,Informes y reportes de cumplimiento ambiental asociados a calidad del aire y emisiones,Informes Trimestrales,Informe Trimestral  Aire y Meteorología CCMC_3T 2024.pdf,pdf,3337117,3.183,Reportes de cumplimiento aire,Alta,Pendiente,
DOC-1126,antecedentes/Informes y reportes de cumplimiento ambiental asociados a calidad del aire y emisiones/Informes Trimestrales/2024/4T/01. Planillas/02. Mina/Rajo Mina Continuo 07.24 im.pdf,Informes y reportes de cumplimiento ambiental asociados a calidad del aire y emisiones,Informes Trimestrales,Rajo Mina Continuo 07.24 im.pdf,pdf,1075199,1.025,Reportes de cumplimiento aire,Alta,Pendiente,
DOC-1127,antecedentes/Informes y reportes de cumplimiento ambiental asociados a calidad del aire y emisiones/Informes Trimestrales/2024/4T/01. Planillas/02. Mina/Rajo Mina Continuo 07.24 im.xlsm,Informes y reportes de cumplimiento ambiental asociados a calidad del aire y emisiones,Informes Trimestrales,Rajo Mina Continuo 07.24 im.xlsm,xlsm,1279540,1.220,Reportes de cumplimiento aire,Alta,Pendiente,
DOC-1128,antecedentes/Informes y reportes de cumplimiento ambiental asociados a calidad del aire y emisiones/Informes Trimestrales/2024/4T/01. Planillas/02. Mina/Rajo Mina Continuo 08.24 im.pdf,Informes y reportes de cumplimiento ambiental asociados a calidad del aire y emisiones,Informes Trimestrales,Rajo Mina Continuo 08.24 im.pdf,pdf,1092627,1.042,Reportes de cumplimiento aire,Alta,Pendiente,
DOC-1129,antecedentes/Informes y reportes de cumplimiento ambiental asociados a calidad del aire y emisiones/Informes Trimestrales/2024/4T/01. Planillas/02. Mina/Rajo Mina Continuo 08.24 im.xlsm,Informes y reportes de cumplimiento ambiental asociados a calidad del aire y emisiones,Informes Trimestrales,Rajo Mina Continuo 08.24 im.xlsm,xlsm,1315832,1.255,Reportes de cumplimiento aire,Alta,Pendiente,
DOC-1130,antecedentes/Informes y reportes de cumplimiento ambiental asociados a calidad del aire y emisiones/Informes Trimestrales/2024/4T/01. Planillas/02. Mina/Rajo Mina Continuo 09.24 im.pdf,Informes y reportes de cumplimiento ambiental asociados a calidad del aire y emisiones,Informes Trimestrales,Rajo Mina Continuo 09.24 im.pdf,pdf,1071462,1.022,Reportes de cumplimiento aire,Alta,Pendiente,
DOC-1131,antecedentes/Informes y reportes de cumplimiento ambiental asociados a calidad del aire y emisiones/Informes Trimestrales/2024/4T/01. Planillas/02. Mina/Rajo Mina Continuo 09.24 im.xlsm,Informes y reportes de cumplimiento ambiental asociados a calidad del aire y emisiones,Informes Trimestrales,Rajo Mina Continuo 09.24 im.xlsm,xlsm,1252555,1.195,Reportes de cumplimiento aire,Alta,Pendiente,
DOC-1132,antecedentes/Informes y reportes de cumplimiento ambiental asociados a calidad del aire y emisiones/Informes Trimestrales/2024/4T/01. Planillas/04. Caldera/PM10 D Caldera 07.24 AQ im.pdf,Informes y reportes de cumplimiento ambiental asociados a calidad del aire y emisiones,Informes Trimestrales,PM10 D Caldera 07.24 AQ im.pdf,pdf,36355,0.035,Reportes de cumplimiento aire,Alta,Pendiente,
DOC-1133,antecedentes/Informes y reportes de cumplimiento ambiental asociados a calidad del aire y emisiones/Informes Trimestrales/2024/4T/01. Planillas/04. Caldera/PM10 D Caldera 07.24 AQ im.xlsx,Informes y reportes de cumplimiento ambiental asociados a calidad del aire y emisiones,Informes Trimestrales,PM10 D Caldera 07.24 AQ im.xlsx,xlsx,33626,0.032,Reportes de cumplimiento aire,Alta,Pendiente,
DOC-1134,antecedentes/Informes y reportes de cumplimiento ambiental asociados a calidad del aire y emisiones/Informes Trimestrales/2024/4T/01. Planillas/04. Caldera/PM10 D Caldera 08.24 AQ im.pdf,Informes y reportes de cumplimiento ambiental asociados a calidad del aire y emisiones,Informes Trimestrales,PM10 D Caldera 08.24 AQ im.pdf,pdf,37880,0.036,Reportes de cumplimiento aire,Alta,Pendiente,
DOC-1135,antecedentes/Informes y reportes de cumplimiento ambiental asociados a calidad del aire y emisiones/Informes Trimestrales/2024/4T/01. Planillas/04. Caldera/PM10 D Caldera 08.24 AQ im.xlsx,Informes y reportes de cumplimiento ambiental asociados a calidad del aire y emisiones,Informes Trimestrales,PM10 D Caldera 08.24 AQ im.xlsx,xlsx,32077,0.031,Reportes de cumplimiento aire,Alta,Pendiente,
DOC-1136,antecedentes/Informes y reportes de cumplimiento ambiental asociados a calidad del aire y emisiones/Informes Trimestrales/2024/4T/01. Planillas/04. Caldera/PM10 D Caldera 09.24 AQ im.pdf,Informes y reportes de cumplimiento ambiental asociados a calidad del aire y emisiones,Informes Trimestrales,PM10 D Caldera 09.24 AQ im.pdf,pdf,36461,0.035,Reportes de cumplimiento aire,Alta,Pendiente,
DOC-1137,antecedentes/Informes y reportes de cumplimiento ambiental asociados a calidad del aire y emisiones/Informes Trimestrales/2024/4T/01. Planillas/04. Caldera/PM10 D Caldera 09.24 AQ im.xlsx,Informes y reportes de cumplimiento ambiental asociados a calidad del aire y emisiones,Informes Trimestrales,PM10 D Caldera 09.24 AQ im.xlsx,xlsx,32980,0.031,Reportes de cumplimiento aire,Alta,Pendiente,
DOC-1138,antecedentes/Informes y reportes de cumplimiento ambiental asociados a calidad del aire y emisiones/Informes Trimestrales/2024/4T/01. Planillas/05. Puerto/Meteo_Puerto 07.24 im.pdf,Informes y reportes de cumplimiento ambiental asociados a calidad del aire y emisiones,Informes Trimestrales,Meteo_Puerto 07.24 im.pdf,pdf,891046,0.850,Reportes de cumplimiento aire,Alta,Pendiente,
DOC-1139,antecedentes/Informes y reportes de cumplimiento ambiental asociados a calidad del aire y emisiones/Informes Trimestrales/2024/4T/01. Planillas/05. Puerto/Meteo_Puerto 07.24 im.xlsm,Informes y reportes de cumplimiento ambiental asociados a calidad del aire y emisiones,Informes Trimestrales,Meteo_Puerto 07.24 im.xlsm,xlsm,950958,0.907,Reportes de cumplimiento aire,Alta,Pendiente,
DOC-1140,antecedentes/Informes y reportes de cumplimiento ambiental asociados a calidad del aire y emisiones/Informes Trimestrales/2024/4T/01. Planillas/05. Puerto/Meteo_Puerto 08.24 im.pdf,Informes y reportes de cumplimiento ambiental asociados a calidad del aire y emisiones,Informes Trimestrales,Meteo_Puerto 08.24 im.pdf,pdf,1061601,1.012,Reportes de cumplimiento aire,Alta,Pendiente,
DOC-1141,antecedentes/Informes y reportes de cumplimiento ambiental asociados a calidad del aire y emisiones/Informes Trimestrales/2024/4T/01. Planillas/05. Puerto/Meteo_Puerto 08.24 im.xlsm,Informes y reportes de cumplimiento ambiental asociados a calidad del aire y emisiones,Informes Trimestrales,Meteo_Puerto 08.24 im.xlsm,xlsm,1264319,1.206,Reportes de cumplimiento aire,Alta,Pendiente,
DOC-1142,antecedentes/Informes y reportes de cumplimiento ambiental asociados a calidad del aire y emisiones/Informes Trimestrales/2024/4T/01. Planillas/05. Puerto/Meteo_Puerto 09.24 im.pdf,Informes y reportes de cumplimiento ambiental asociados a calidad del aire y emisiones,Informes Trimestrales,Meteo_Puerto 09.24 im.pdf,pdf,1075708,1.026,Reportes de cumplimiento aire,Alta,Pendiente,
DOC-1143,antecedentes/Informes y reportes de cumplimiento ambiental asociados a calidad del aire y emisiones/Informes Trimestrales/2024/4T/01. Planillas/05. Puerto/Meteo_Puerto 09.24 im.xlsm,Informes y reportes de cumplimiento ambiental asociados a calidad del aire y emisiones,Informes Trimestrales,Meteo_Puerto 09.24 im.xlsm,xlsm,1294441,1.234,Reportes de cumplimiento aire,Alta,Pendiente,
DOC-1144,antecedentes/Informes y reportes de cumplimiento ambiental asociados a calidad del aire y emisiones/Informes Trimestrales/2024/4T/02. Analisis quimico/Filtro/Filtro Caldera As 10.24.pdf,Informes y reportes de cumplimiento ambiental asociados a calidad del aire y emisiones,Informes Trimestrales,Filtro Caldera As 10.24.pdf,pdf,212485,0.203,Reportes de cumplimiento aire,Alta,Pendiente,
DOC-1145,antecedentes/Informes y reportes de cumplimiento ambiental asociados a calidad del aire y emisiones/Informes Trimestrales/2024/4T/02. Analisis quimico/Filtro/Filtro Caldera As 11.24.pdf,Informes y reportes de cumplimiento ambiental asociados a calidad del aire y emisiones,Informes Trimestrales,Filtro Caldera As 11.24.pdf,pdf,226442,0.216,Reportes de cumplimiento aire,Alta,Pendiente,
DOC-1146,antecedentes/Informes y reportes de cumplimiento ambiental asociados a calidad del aire y emisiones/Informes Trimestrales/2024/4T/02. Analisis quimico/Filtro/Filtro Caldera As 12.24.pdf,Informes y reportes de cumplimiento ambiental asociados a calidad del aire y emisiones,Informes Trimestrales,Filtro Caldera As 12.24.pdf,pdf,210995,0.201,Reportes de cumplimiento aire,Alta,Pendiente,
DOC-1147,antecedentes/Informes y reportes de cumplimiento ambiental asociados a calidad del aire y emisiones/Informes Trimestrales/2024/4T/02. Analisis quimico/Filtro/Filtro Tama As 10.24.pdf,Informes y reportes de cumplimiento ambiental asociados a calidad del aire y emisiones,Informes Trimestrales,Filtro Tama As 10.24.pdf,pdf,210502,0.201,Reportes de cumplimiento aire,Alta,Pendiente,
DOC-1148,antecedentes/Informes y reportes de cumplimiento ambiental asociados a calidad del aire y emisiones/Informes Trimestrales/2024/4T/02. Analisis quimico/Filtro/Filtro Tama As 11.24.pdf,Informes y reportes de cumplimiento ambiental asociados a calidad del aire y emisiones,Informes Trimestrales,Filtro Tama As 11.24.pdf,pdf,206257,0.197,Reportes de cumplimiento aire,Alta,Pendiente,
DOC-1149,antecedentes/Informes y reportes de cumplimiento ambiental asociados a calidad del aire y emisiones/Informes Trimestrales/2024/4T/02. Analisis quimico/Filtro/Filtro Tama As 12.24.pdf,Informes y reportes de cumplimiento ambiental asociados a calidad del aire y emisiones,Informes Trimestrales,Filtro Tama As 12.24.pdf,pdf,211835,0.202,Reportes de cumplimiento aire,Alta,Pendiente,
DOC-1150,antecedentes/Informes y reportes de cumplimiento ambiental asociados a calidad del aire y emisiones/Informes Trimestrales/2024/4T/02. Analisis quimico/MPS/MPS MINA 10.24.pdf,Informes y reportes de cumplimiento ambiental asociados a calidad del aire y emisiones,Informes Trimestrales,MPS MINA 10.24.pdf,pdf,170946,0.163,Reportes de cumplimiento aire,Alta,Pendiente,
DOC-1151,antecedentes/Informes y reportes de cumplimiento ambiental asociados a calidad del aire y emisiones/Informes Trimestrales/2024/4T/02. Analisis quimico/MPS/MPS MINA 11.24.pdf,Informes y reportes de cumplimiento ambiental asociados a calidad del aire y emisiones,Informes Trimestrales,MPS MINA 11.24.pdf,pdf,687262,0.655,Reportes de cumplimiento aire,Alta,Pendiente,
DOC-1152,antecedentes/Informes y reportes de cumplimiento ambiental asociados a calidad del aire y emisiones/Informes Trimestrales/2024/4T/02. Analisis quimico/MPS/MPS MINA 12.24.pdf,Informes y reportes de cumplimiento ambiental asociados a calidad del aire y emisiones,Informes Trimestrales,MPS MINA 12.24.pdf,pdf,201203,0.192,Reportes de cumplimiento aire,Alta,Pendiente,
DOC-1153,antecedentes/Informes y reportes de cumplimiento ambiental asociados a calidad del aire y emisiones/Informes Trimestrales/2024/4T/02. Analisis quimico/MPS/MPS NANTOCO 10.24.pdf,Informes y reportes de cumplimiento ambiental asociados a calidad del aire y emisiones,Informes Trimestrales,MPS NANTOCO 10.24.pdf,pdf,326191,0.311,Reportes de cumplimiento aire,Alta,Pendiente,
DOC-1154,antecedentes/Informes y reportes de cumplimiento ambiental asociados a calidad del aire y emisiones/Informes Trimestrales/2024/4T/02. Analisis quimico/MPS/MPS NANTOCO 11.24.pdf,Informes y reportes de cumplimiento ambiental asociados a calidad del aire y emisiones,Informes Trimestrales,MPS NANTOCO 11.24.pdf,pdf,217838,0.208,Reportes de cumplimiento aire,Alta,Pendiente,
DOC-1155,antecedentes/Informes y reportes de cumplimiento ambiental asociados a calidad del aire y emisiones/Informes Trimestrales/2024/4T/02. Analisis quimico/MPS/MPS NANTOCO 12.24.pdf,Informes y reportes de cumplimiento ambiental asociados a calidad del aire y emisiones,Informes Trimestrales,MPS NANTOCO 12.24.pdf,pdf,728065,0.694,Reportes de cumplimiento aire,Alta,Pendiente,
DOC-1156,antecedentes/Informes y reportes de cumplimiento ambiental asociados a calidad del aire y emisiones/Informes Trimestrales/2024/4T/04. Informes/Informe CCMC_4T 2025 _V2.docx,Informes y reportes de cumplimiento ambiental asociados a calidad del aire y emisiones,Informes Trimestrales,Informe CCMC_4T 2025 _V2.docx,docx,15509648,14.791,Reportes de cumplimiento aire,Alta,Pendiente,
DOC-1157,antecedentes/Informes y reportes de cumplimiento ambiental asociados a calidad del aire y emisiones/Informes Trimestrales/2024/4T/04. Informes/Informe CCMC_4T 2025 _V2.pdf,Informes y reportes de cumplimiento ambiental asociados a calidad del aire y emisiones,Informes Trimestrales,Informe CCMC_4T 2025 _V2.pdf,pdf,3396339,3.239,Reportes de cumplimiento aire,Alta,Pendiente,
DOC-1158,antecedentes/Informes y reportes de cumplimiento ambiental asociados a calidad del aire y emisiones/Informes Trimestrales/2024/4T/04. Informes/Revisiones/Informe CCMC_4T 2024.docx,Informes y reportes de cumplimiento ambiental asociados a calidad del aire y emisiones,Informes Trimestrales,Informe CCMC_4T 2024.docx,docx,15514757,14.796,Reportes de cumplimiento aire,Alta,Pendiente,
DOC-1159,antecedentes/Informes y reportes de cumplimiento ambiental asociados a calidad del aire y emisiones/Informes Trimestrales/2024/4T/05. Anexos Autoridades/A.4 METEREOLOGIA.pdf,Informes y reportes de cumplimiento ambiental asociados a calidad del aire y emisiones,Informes Trimestrales,A.4 METEREOLOGIA.pdf,pdf,7155948,6.824,Reportes de cumplimiento aire,Alta,Pendiente,
DOC-1160,antecedentes/Informes y reportes de cumplimiento ambiental asociados a calidad del aire y emisiones/Informes Trimestrales/2024/4T/05. Anexos Autoridades/A.5 REGISTRO MANTENCIONES.pdf,Informes y reportes de cumplimiento ambiental asociados a calidad del aire y emisiones,Informes Trimestrales,A.5 REGISTRO MANTENCIONES.pdf,pdf,3565552,3.400,Reportes de cumplimiento aire,Alta,Pendiente,
DOC-1161,antecedentes/Informes y reportes de cumplimiento ambiental asociados a calidad del aire y emisiones/Informes Trimestrales/2024/4T/05. Anexos Autoridades/A.6 ACREDITACIONES.pdf,Informes y reportes de cumplimiento ambiental asociados a calidad del aire y emisiones,Informes Trimestrales,A.6 ACREDITACIONES.pdf,pdf,1291996,1.232,Reportes de cumplimiento aire,Alta,Pendiente,
DOC-1162,antecedentes/Informes y reportes de cumplimiento ambiental asociados a calidad del aire y emisiones/Informes Trimestrales/2024/4T/05. Anexos Autoridades/A.7 GRAFICOS HISTORICOS.pdf,Informes y reportes de cumplimiento ambiental asociados a calidad del aire y emisiones,Informes Trimestrales,A.7 GRAFICOS HISTORICOS.pdf,pdf,2312034,2.205,Reportes de cumplimiento aire,Alta,Pendiente,
DOC-1163,antecedentes/Informes y reportes de cumplimiento ambiental asociados a calidad del aire y emisiones/Informes Trimestrales/2024/4T/OneDrive_1_3-6-2025.zip,Informes y reportes de cumplimiento ambiental asociados a calidad del aire y emisiones,Informes Trimestrales,OneDrive_1_3-6-2025.zip,zip,41024249,39.124,Reportes de cumplimiento aire,Alta,Pendiente,
DOC-1164,antecedentes/Informes y reportes de cumplimiento ambiental asociados a calidad del aire y emisiones/Informes Trimestrales/2024/ANUAL 2024/04. Informes/Informe CCMC_ 2024_V2.docx,Informes y reportes de cumplimiento ambiental asociados a calidad del aire y emisiones,Informes Trimestrales,Informe CCMC_ 2024_V2.docx,docx,17292197,16.491,Reportes de cumplimiento aire,Alta,Pendiente,
DOC-1165,antecedentes/Informes y reportes de cumplimiento ambiental asociados a calidad del aire y emisiones/Informes Trimestrales/2024/ANUAL 2024/04. Informes/Informe CCMC_ 2024_V2.pdf,Informes y reportes de cumplimiento ambiental asociados a calidad del aire y emisiones,Informes Trimestrales,Informe CCMC_ 2024_V2.pdf,pdf,4834168,4.610,Reportes de cumplimiento aire,Alta,Pendiente,
DOC-1166,antecedentes/Informes y reportes de cumplimiento ambiental asociados a calidad del aire y emisiones/Informes Trimestrales/2024/ANUAL 2024/05. Anexos Autoridades/A.4 METEREOLOGIA.pdf,Informes y reportes de cumplimiento ambiental asociados a calidad del aire y emisiones,Informes Trimestrales,A.4 METEREOLOGIA.pdf,pdf,5854089,5.583,Reportes de cumplimiento aire,Alta,Pendiente,
DOC-1167,antecedentes/Informes y reportes de cumplimiento ambiental asociados a calidad del aire y emisiones/Informes Trimestrales/2024/ANUAL 2024/05. Anexos Autoridades/A.6 ACREDITACIONES.pdf,Informes y reportes de cumplimiento ambiental asociados a calidad del aire y emisiones,Informes Trimestrales,A.6 ACREDITACIONES.pdf,pdf,1232896,1.176,Reportes de cumplimiento aire,Alta,Pendiente,
DOC-1168,antecedentes/Informes y reportes de cumplimiento ambiental asociados a calidad del aire y emisiones/Informes Trimestrales/2025/1T/Anexos/A 1 HOJAS DE DATOS DE TERRENO MONITOREO MP10.pdf,Informes y reportes de cumplimiento ambiental asociados a calidad del aire y emisiones,Informes Trimestrales,A 1 HOJAS DE DATOS DE TERRENO MONITOREO MP10.pdf,pdf,419985,0.401,Reportes de cumplimiento aire,Alta,Pendiente,
DOC-1169,antecedentes/Informes y reportes de cumplimiento ambiental asociados a calidad del aire y emisiones/Informes Trimestrales/2025/1T/Anexos/A 2 HOJAS DE DATOS DE TERRENO MONITOREO MP2.5.pdf,Informes y reportes de cumplimiento ambiental asociados a calidad del aire y emisiones,Informes Trimestrales,A 2 HOJAS DE DATOS DE TERRENO MONITOREO MP2.5.pdf,pdf,392370,0.374,Reportes de cumplimiento aire,Alta,Pendiente,
DOC-1170,antecedentes/Informes y reportes de cumplimiento ambiental asociados a calidad del aire y emisiones/Informes Trimestrales/2025/1T/Anexos/A 3 CERTIFICADOS CALIDAD DEL AIRE.pdf,Informes y reportes de cumplimiento ambiental asociados a calidad del aire y emisiones,Informes Trimestrales,A 3 CERTIFICADOS CALIDAD DEL AIRE.pdf,pdf,2420511,2.308,Reportes de cumplimiento aire,Alta,Pendiente,
DOC-1171,antecedentes/Informes y reportes de cumplimiento ambiental asociados a calidad del aire y emisiones/Informes Trimestrales/2025/1T/Anexos/A 4 METEOROLOGIA.pdf,Informes y reportes de cumplimiento ambiental asociados a calidad del aire y emisiones,Informes Trimestrales,A 4 METEOROLOGIA.pdf,pdf,2621720,2.500,Reportes de cumplimiento aire,Alta,Pendiente,
DOC-1172,antecedentes/Informes y reportes de cumplimiento ambiental asociados a calidad del aire y emisiones/Informes Trimestrales/2025/1T/Anexos/A 5. 1 EM NANTOCO ENERO 2025.xlsx,Informes y reportes de cumplimiento ambiental asociados a calidad del aire y emisiones,Informes Trimestrales,A 5. 1 EM NANTOCO ENERO 2025.xlsx,xlsx,102402,0.098,Reportes de cumplimiento aire,Alta,Pendiente,
DOC-1173,antecedentes/Informes y reportes de cumplimiento ambiental asociados a calidad del aire y emisiones/Informes Trimestrales/2025/1T/Anexos/A 5.1 E MP-10 CALDERA Enero 2025.xlsx,Informes y reportes de cumplimiento ambiental asociados a calidad del aire y emisiones,Informes Trimestrales,A 5.1 E MP-10 CALDERA Enero 2025.xlsx,xlsx,64305,0.061,Reportes de cumplimiento aire,Alta,Pendiente,
DOC-1174,antecedentes/Informes y reportes de cumplimiento ambiental asociados a calidad del aire y emisiones/Informes Trimestrales/2025/1T/Anexos/A 5.1 EM MINA Enero 2025.xlsx,Informes y reportes de cumplimiento ambiental asociados a calidad del aire y emisiones,Informes Trimestrales,A 5.1 EM MINA Enero 2025.xlsx,xlsx,142934,0.136,Reportes de cumplimiento aire,Alta,Pendiente,
DOC-1175,antecedentes/Informes y reportes de cumplimiento ambiental asociados a calidad del aire y emisiones/Informes Trimestrales/2025/1T/Anexos/A 5.1 EM PUERTO Enero 2025.xlsx,Informes y reportes de cumplimiento ambiental asociados a calidad del aire y emisiones,Informes Trimestrales,A 5.1 EM PUERTO Enero 2025.xlsx,xlsx,142831,0.136,Reportes de cumplimiento aire,Alta,Pendiente,
DOC-1176,antecedentes/Informes y reportes de cumplimiento ambiental asociados a calidad del aire y emisiones/Informes Trimestrales/2025/1T/Anexos/A 5.1 EMRP TAMA Enero 2025.xlsx,Informes y reportes de cumplimiento ambiental asociados a calidad del aire y emisiones,Informes Trimestrales,A 5.1 EMRP TAMA Enero 2025.xlsx,xlsx,180543,0.172,Reportes de cumplimiento aire,Alta,Pendiente,
DOC-1177,antecedentes/Informes y reportes de cumplimiento ambiental asociados a calidad del aire y emisiones/Informes Trimestrales/2025/1T/Anexos/A 5.2 E MP-10 CALDERA Febrero 2025.xlsx,Informes y reportes de cumplimiento ambiental asociados a calidad del aire y emisiones,Informes Trimestrales,A 5.2 E MP-10 CALDERA Febrero 2025.xlsx,xlsx,65092,0.062,Reportes de cumplimiento aire,Alta,Pendiente,
DOC-1178,antecedentes/Informes y reportes de cumplimiento ambiental asociados a calidad del aire y emisiones/Informes Trimestrales/2025/1T/Anexos/A 5.2 EM MINA Febrero 2025.xlsx,Informes y reportes de cumplimiento ambiental asociados a calidad del aire y emisiones,Informes Trimestrales,A 5.2 EM MINA Febrero 2025.xlsx,xlsx,143716,0.137,Reportes de cumplimiento aire,Alta,Pendiente,
DOC-1179,antecedentes/Informes y reportes de cumplimiento ambiental asociados a calidad del aire y emisiones/Informes Trimestrales/2025/1T/Anexos/A 5.2 EM NANTOCO FEBRERO 2025.xlsx,Informes y reportes de cumplimiento ambiental asociados a calidad del aire y emisiones,Informes Trimestrales,A 5.2 EM NANTOCO FEBRERO 2025.xlsx,xlsx,105549,0.101,Reportes de cumplimiento aire,Alta,Pendiente,
DOC-1180,antecedentes/Informes y reportes de cumplimiento ambiental asociados a calidad del aire y emisiones/Informes Trimestrales/2025/1T/Anexos/A 5.2 EM PUERTO Febrero 2025.xlsx,Informes y reportes de cumplimiento ambiental asociados a calidad del aire y emisiones,Informes Trimestrales,A 5.2 EM PUERTO Febrero 2025.xlsx,xlsx,143317,0.137,Reportes de cumplimiento aire,Alta,Pendiente,
DOC-1181,antecedentes/Informes y reportes de cumplimiento ambiental asociados a calidad del aire y emisiones/Informes Trimestrales/2025/1T/Anexos/A 5.2 EMRP TAMA Febrero 2025.xlsx,Informes y reportes de cumplimiento ambiental asociados a calidad del aire y emisiones,Informes Trimestrales,A 5.2 EMRP TAMA Febrero 2025.xlsx,xlsx,180864,0.172,Reportes de cumplimiento aire,Alta,Pendiente,
DOC-1182,antecedentes/Informes y reportes de cumplimiento ambiental asociados a calidad del aire y emisiones/Informes Trimestrales/2025/1T/Anexos/A 5.3  EM NANTOCO MARZO 2025.xlsx,Informes y reportes de cumplimiento ambiental asociados a calidad del aire y emisiones,Informes Trimestrales,A 5.3  EM NANTOCO MARZO 2025.xlsx,xlsx,102198,0.097,Reportes de cumplimiento aire,Alta,Pendiente,
DOC-1183,antecedentes/Informes y reportes de cumplimiento ambiental asociados a calidad del aire y emisiones/Informes Trimestrales/2025/1T/Anexos/A 5.3 E MP-10 CALDERA Marzo 2025.xlsx,Informes y reportes de cumplimiento ambiental asociados a calidad del aire y emisiones,Informes Trimestrales,A 5.3 E MP-10 CALDERA Marzo 2025.xlsx,xlsx,64773,0.062,Reportes de cumplimiento aire,Alta,Pendiente,
DOC-1184,antecedentes/Informes y reportes de cumplimiento ambiental asociados a calidad del aire y emisiones/Informes Trimestrales/2025/1T/Anexos/A 5.3 EM MINA Marzo 2025.xlsx,Informes y reportes de cumplimiento ambiental asociados a calidad del aire y emisiones,Informes Trimestrales,A 5.3 EM MINA Marzo 2025.xlsx,xlsx,144152,0.137,Reportes de cumplimiento aire,Alta,Pendiente,
DOC-1185,antecedentes/Informes y reportes de cumplimiento ambiental asociados a calidad del aire y emisiones/Informes Trimestrales/2025/1T/Anexos/A 5.3 EM PUERTO Marzo 2025.xlsx,Informes y reportes de cumplimiento ambiental asociados a calidad del aire y emisiones,Informes Trimestrales,A 5.3 EM PUERTO Marzo 2025.xlsx,xlsx,142934,0.136,Reportes de cumplimiento aire,Alta,Pendiente,
DOC-1186,antecedentes/Informes y reportes de cumplimiento ambiental asociados a calidad del aire y emisiones/Informes Trimestrales/2025/1T/Anexos/A 5.3 EMRP TAMA Marzo 2025.xlsx,Informes y reportes de cumplimiento ambiental asociados a calidad del aire y emisiones,Informes Trimestrales,A 5.3 EMRP TAMA Marzo 2025.xlsx,xlsx,180223,0.172,Reportes de cumplimiento aire,Alta,Pendiente,
DOC-1187,antecedentes/Informes y reportes de cumplimiento ambiental asociados a calidad del aire y emisiones/Informes Trimestrales/2025/1T/Anexos/A 6 ACREDITACIONES.pdf,Informes y reportes de cumplimiento ambiental asociados a calidad del aire y emisiones,Informes Trimestrales,A 6 ACREDITACIONES.pdf,pdf,111799,0.107,Reportes de cumplimiento aire,Alta,Pendiente,
DOC-1188,antecedentes/Informes y reportes de cumplimiento ambiental asociados a calidad del aire y emisiones/Informes Trimestrales/2025/1T/Anexos/A.7 MANTENCIONES.pdf,Informes y reportes de cumplimiento ambiental asociados a calidad del aire y emisiones,Informes Trimestrales,A.7 MANTENCIONES.pdf,pdf,974826,0.930,Reportes de cumplimiento aire,Alta,Pendiente,
DOC-1189,antecedentes/Informes y reportes de cumplimiento ambiental asociados a calidad del aire y emisiones/Informes Trimestrales/2025/1T/Informe_CCMC_1T 2025.V2.4.docx,Informes y reportes de cumplimiento ambiental asociados a calidad del aire y emisiones,Informes Trimestrales,Informe_CCMC_1T 2025.V2.4.docx,docx,13023582,12.420,Reportes de cumplimiento aire,Alta,Pendiente,
DOC-1190,antecedentes/Informes y reportes de cumplimiento ambiental asociados a calidad del aire y emisiones/Informes Trimestrales/2025/1T/Informe_CCMC_1T 2025.V2.4.pdf,Informes y reportes de cumplimiento ambiental asociados a calidad del aire y emisiones,Informes Trimestrales,Informe_CCMC_1T 2025.V2.4.pdf,pdf,2920215,2.785,Reportes de cumplimiento aire,Alta,Pendiente,
DOC-1191,antecedentes/Informes y reportes de cumplimiento ambiental asociados a calidad del aire y emisiones/Informes Trimestrales/2025/1T/Informe_CCMC_1T 2025.V2.5.docx,Informes y reportes de cumplimiento ambiental asociados a calidad del aire y emisiones,Informes Trimestrales,Informe_CCMC_1T 2025.V2.5.docx,docx,11229953,10.710,Reportes de cumplimiento aire,Alta,Pendiente,
DOC-1192,antecedentes/Informes y reportes de cumplimiento ambiental asociados a calidad del aire y emisiones/Informes Trimestrales/2025/1T/Informe_CCMC_1T 2025.V2.5.pdf,Informes y reportes de cumplimiento ambiental asociados a calidad del aire y emisiones,Informes Trimestrales,Informe_CCMC_1T 2025.V2.5.pdf,pdf,2871921,2.739,Reportes de cumplimiento aire,Alta,Pendiente,
DOC-1193,antecedentes/Informes y reportes de cumplimiento ambiental asociados a calidad del aire y emisiones/Informes Trimestrales/2025/2T/Anexos/A 5.4 E MP-10 CALDERA Abril 2025.xlsx,Informes y reportes de cumplimiento ambiental asociados a calidad del aire y emisiones,Informes Trimestrales,A 5.4 E MP-10 CALDERA Abril 2025.xlsx,xlsx,64506,0.062,Reportes de cumplimiento aire,Alta,Pendiente,
DOC-1194,antecedentes/Informes y reportes de cumplimiento ambiental asociados a calidad del aire y emisiones/Informes Trimestrales/2025/2T/Anexos/A 5.4 EM MINA Abril 2025.xlsx,Informes y reportes de cumplimiento ambiental asociados a calidad del aire y emisiones,Informes Trimestrales,A 5.4 EM MINA Abril 2025.xlsx,xlsx,147803,0.141,Reportes de cumplimiento aire,Alta,Pendiente,
DOC-1195,antecedentes/Informes y reportes de cumplimiento ambiental asociados a calidad del aire y emisiones/Informes Trimestrales/2025/2T/Anexos/A 5.4 EM PUERTO Abril 2025.xlsx,Informes y reportes de cumplimiento ambiental asociados a calidad del aire y emisiones,Informes Trimestrales,A 5.4 EM PUERTO Abril 2025.xlsx,xlsx,149014,0.142,Reportes de cumplimiento aire,Alta,Pendiente,
DOC-1196,antecedentes/Informes y reportes de cumplimiento ambiental asociados a calidad del aire y emisiones/Informes Trimestrales/2025/2T/Anexos/A 5.5 E MP-10 CALDERA Mayo 2025.xlsx,Informes y reportes de cumplimiento ambiental asociados a calidad del aire y emisiones,Informes Trimestrales,A 5.5 E MP-10 CALDERA Mayo 2025.xlsx,xlsx,64339,0.061,Reportes de cumplimiento aire,Alta,Pendiente,
DOC-1197,antecedentes/Informes y reportes de cumplimiento ambiental asociados a calidad del aire y emisiones/Informes Trimestrales/2025/2T/Anexos/A 5.5 EM MINA Mayo 2025.xlsx,Informes y reportes de cumplimiento ambiental asociados a calidad del aire y emisiones,Informes Trimestrales,A 5.5 EM MINA Mayo 2025.xlsx,xlsx,149151,0.142,Reportes de cumplimiento aire,Alta,Pendiente,
DOC-1198,antecedentes/Informes y reportes de cumplimiento ambiental asociados a calidad del aire y emisiones/Informes Trimestrales/2025/2T/Anexos/A 5.5 EM PUERTO Mayo 2025.xlsx,Informes y reportes de cumplimiento ambiental asociados a calidad del aire y emisiones,Informes Trimestrales,A 5.5 EM PUERTO Mayo 2025.xlsx,xlsx,147596,0.141,Reportes de cumplimiento aire,Alta,Pendiente,
DOC-1199,antecedentes/Informes y reportes de cumplimiento ambiental asociados a calidad del aire y emisiones/Informes Trimestrales/2025/2T/Anexos/A 5.5 Formato_SEREMI SALUD_ Nantoco Mayo 2025.xlsx,Informes y reportes de cumplimiento ambiental asociados a calidad del aire y emisiones,Informes Trimestrales,A 5.5 Formato_SEREMI SALUD_ Nantoco Mayo 2025.xlsx,xlsx,110957,0.106,Reportes de cumplimiento aire,Alta,Pendiente,
DOC-1200,antecedentes/Informes y reportes de cumplimiento ambiental asociados a calidad del aire y emisiones/Informes Trimestrales/2025/2T/Anexos/A 5.6 E MP-10 CALDERA Junio 2025.xlsx,Informes y reportes de cumplimiento ambiental asociados a calidad del aire y emisiones,Informes Trimestrales,A 5.6 E MP-10 CALDERA Junio 2025.xlsx,xlsx,64953,0.062,Reportes de cumplimiento aire,Alta,Pendiente,
DOC-1201,antecedentes/Informes y reportes de cumplimiento ambiental asociados a calidad del aire y emisiones/Informes Trimestrales/2025/2T/Anexos/A 5.6 EM MINA Junio 2025.xlsx,Informes y reportes de cumplimiento ambiental asociados a calidad del aire y emisiones,Informes Trimestrales,A 5.6 EM MINA Junio 2025.xlsx,xlsx,149262,0.142,Reportes de cumplimiento aire,Alta,Pendiente,
DOC-1202,antecedentes/Informes y reportes de cumplimiento ambiental asociados a calidad del aire y emisiones/Informes Trimestrales/2025/2T/Anexos/A 5.6 EM PUERTO Junio 2025.xlsx,Informes y reportes de cumplimiento ambiental asociados a calidad del aire y emisiones,Informes Trimestrales,A 5.6 EM PUERTO Junio 2025.xlsx,xlsx,149402,0.142,Reportes de cumplimiento aire,Alta,Pendiente,
DOC-1203,antecedentes/Informes y reportes de cumplimiento ambiental asociados a calidad del aire y emisiones/Informes Trimestrales/2025/2T/Anexos/A.1 HOJAS DE DATOS DE TERRENO MONITOREO MP10.pdf,Informes y reportes de cumplimiento ambiental asociados a calidad del aire y emisiones,Informes Trimestrales,A.1 HOJAS DE DATOS DE TERRENO MONITOREO MP10.pdf,pdf,453646,0.433,Reportes de cumplimiento aire,Alta,Pendiente,
DOC-1204,antecedentes/Informes y reportes de cumplimiento ambiental asociados a calidad del aire y emisiones/Informes Trimestrales/2025/2T/Anexos/A.2 HOJAS DE DATOS DE TERRENO MONITOREO MP2.5.pdf,Informes y reportes de cumplimiento ambiental asociados a calidad del aire y emisiones,Informes Trimestrales,A.2 HOJAS DE DATOS DE TERRENO MONITOREO MP2.5.pdf,pdf,427487,0.408,Reportes de cumplimiento aire,Alta,Pendiente,
DOC-1205,antecedentes/Informes y reportes de cumplimiento ambiental asociados a calidad del aire y emisiones/Informes Trimestrales/2025/2T/Anexos/A.3 CERTIFICADOS CALIDAD DEL AIRE.pdf,Informes y reportes de cumplimiento ambiental asociados a calidad del aire y emisiones,Informes Trimestrales,A.3 CERTIFICADOS CALIDAD DEL AIRE.pdf,pdf,2746651,2.619,Reportes de cumplimiento aire,Alta,Pendiente,
DOC-1206,antecedentes/Informes y reportes de cumplimiento ambiental asociados a calidad del aire y emisiones/Informes Trimestrales/2025/2T/Anexos/A.4 METEOROLOGIA.pdf,Informes y reportes de cumplimiento ambiental asociados a calidad del aire y emisiones,Informes Trimestrales,A.4 METEOROLOGIA.pdf,pdf,1618857,1.544,Reportes de cumplimiento aire,Alta,Pendiente,
DOC-1207,antecedentes/Informes y reportes de cumplimiento ambiental asociados a calidad del aire y emisiones/Informes Trimestrales/2025/2T/Anexos/A.6 ACREDITACIONES.pdf,Informes y reportes de cumplimiento ambiental asociados a calidad del aire y emisiones,Informes Trimestrales,A.6 ACREDITACIONES.pdf,pdf,111796,0.107,Reportes de cumplimiento aire,Alta,Pendiente,
DOC-1208,antecedentes/Informes y reportes de cumplimiento ambiental asociados a calidad del aire y emisiones/Informes Trimestrales/2025/2T/Anexos/A.7 MANTENCIONES.pdf,Informes y reportes de cumplimiento ambiental asociados a calidad del aire y emisiones,Informes Trimestrales,A.7 MANTENCIONES.pdf,pdf,974885,0.930,Reportes de cumplimiento aire,Alta,Pendiente,
DOC-1209,antecedentes/Informes y reportes de cumplimiento ambiental asociados a calidad del aire y emisiones/Informes Trimestrales/2025/2T/INFORME/Informe_CCMC_2T 2025.V1.5.docx,Informes y reportes de cumplimiento ambiental asociados a calidad del aire y emisiones,Informes Trimestrales,Informe_CCMC_2T 2025.V1.5.docx,docx,10364755,9.885,Reportes de cumplimiento aire,Alta,Pendiente,
DOC-1210,antecedentes/Informes y reportes de cumplimiento ambiental asociados a calidad del aire y emisiones/Informes Trimestrales/2025/2T/INFORME/Informe_CCMC_2T 2025.V1.5.pdf,Informes y reportes de cumplimiento ambiental asociados a calidad del aire y emisiones,Informes Trimestrales,Informe_CCMC_2T 2025.V1.5.pdf,pdf,2547489,2.429,Reportes de cumplimiento aire,Alta,Pendiente,
DOC-1211,antecedentes/Informes y reportes de cumplimiento ambiental asociados a calidad del aire y emisiones/Informes Trimestrales/2025/2T/INFORME/rev/Informe_CCMC_2T 2025.docx,Informes y reportes de cumplimiento ambiental asociados a calidad del aire y emisiones,Informes Trimestrales,Informe_CCMC_2T 2025.docx,docx,10192521,9.720,Reportes de cumplimiento aire,Alta,Pendiente,
DOC-1212,antecedentes/Informes y reportes de cumplimiento ambiental asociados a calidad del aire y emisiones/Informes Trimestrales/2025/2T/INFORME/rev/Informe_CCMC_2T 2025.V1.1_NEF.docx,Informes y reportes de cumplimiento ambiental asociados a calidad del aire y emisiones,Informes Trimestrales,Informe_CCMC_2T 2025.V1.1_NEF.docx,docx,10270694,9.795,Reportes de cumplimiento aire,Alta,Pendiente,
DOC-1213,antecedentes/Informes y reportes de cumplimiento ambiental asociados a calidad del aire y emisiones/Informes Trimestrales/2025/2T/INFORME/rev/Informe_CCMC_2T 2025.V1.2.docx,Informes y reportes de cumplimiento ambiental asociados a calidad del aire y emisiones,Informes Trimestrales,Informe_CCMC_2T 2025.V1.2.docx,docx,10241130,9.767,Reportes de cumplimiento aire,Alta,Pendiente,
DOC-1214,antecedentes/Informes y reportes de cumplimiento ambiental asociados a calidad del aire y emisiones/Informes Trimestrales/2025/2T/INFORME/rev/Informe_CCMC_2T 2025.V1.3.docx,Informes y reportes de cumplimiento ambiental asociados a calidad del aire y emisiones,Informes Trimestrales,Informe_CCMC_2T 2025.V1.3.docx,docx,10365901,9.886,Reportes de cumplimiento aire,Alta,Pendiente,
DOC-1215,antecedentes/Informes y reportes de cumplimiento ambiental asociados a calidad del aire y emisiones/Informes Trimestrales/2025/2T/INFORME/rev/Informe_CCMC_2T 2025.V1.4.docx,Informes y reportes de cumplimiento ambiental asociados a calidad del aire y emisiones,Informes Trimestrales,Informe_CCMC_2T 2025.V1.4.docx,docx,10232520,9.758,Reportes de cumplimiento aire,Alta,Pendiente,
DOC-1216,antecedentes/Informes y reportes de cumplimiento ambiental asociados a calidad del aire y emisiones/Informes Trimestrales/2025/2T/INFORME/rev/Informe_CCMC_2T 2025.V1.4_NEF.docx,Informes y reportes de cumplimiento ambiental asociados a calidad del aire y emisiones,Informes Trimestrales,Informe_CCMC_2T 2025.V1.4_NEF.docx,docx,10351612,9.872,Reportes de cumplimiento aire,Alta,Pendiente,
DOC-1217,antecedentes/Informes y reportes de cumplimiento ambiental asociados a calidad del aire y emisiones/Informes Trimestrales/2025/2T/INFORME/rev/Informe_CCMC_2T 2025.V1.docx,Informes y reportes de cumplimiento ambiental asociados a calidad del aire y emisiones,Informes Trimestrales,Informe_CCMC_2T 2025.V1.docx,docx,10553195,10.064,Reportes de cumplimiento aire,Alta,Pendiente,
DOC-1218,antecedentes/Informes y reportes de cumplimiento ambiental asociados a calidad del aire y emisiones/Informes Trimestrales/2025/2T/INFORME/rev/Informe_CCMC_2T 2025.V1_NEF.docx,Informes y reportes de cumplimiento ambiental asociados a calidad del aire y emisiones,Informes Trimestrales,Informe_CCMC_2T 2025.V1_NEF.docx,docx,10554089,10.065,Reportes de cumplimiento aire,Alta,Pendiente,
DOC-1219,antecedentes/Informes y reportes de cumplimiento ambiental asociados a calidad del aire y emisiones/Informes Trimestrales/2025/3T/Anexos/A 5.7 E MP-10 CALDERA Julio 2025.xlsx,Informes y reportes de cumplimiento ambiental asociados a calidad del aire y emisiones,Informes Trimestrales,A 5.7 E MP-10 CALDERA Julio 2025.xlsx,xlsx,64775,0.062,Reportes de cumplimiento aire,Alta,Pendiente,
DOC-1220,antecedentes/Informes y reportes de cumplimiento ambiental asociados a calidad del aire y emisiones/Informes Trimestrales/2025/3T/Anexos/A 5.7 EM MINA Julio 2025.xlsx,Informes y reportes de cumplimiento ambiental asociados a calidad del aire y emisiones,Informes Trimestrales,A 5.7 EM MINA Julio 2025.xlsx,xlsx,149199,0.142,Reportes de cumplimiento aire,Alta,Pendiente,
DOC-1221,antecedentes/Informes y reportes de cumplimiento ambiental asociados a calidad del aire y emisiones/Informes Trimestrales/2025/3T/Anexos/A 5.7 EM PUERTO Julio 2025.xlsx,Informes y reportes de cumplimiento ambiental asociados a calidad del aire y emisiones,Informes Trimestrales,A 5.7 EM PUERTO Julio 2025.xlsx,xlsx,149178,0.142,Reportes de cumplimiento aire,Alta,Pendiente,
DOC-1222,antecedentes/Informes y reportes de cumplimiento ambiental asociados a calidad del aire y emisiones/Informes Trimestrales/2025/3T/Anexos/A 5.8 E MP-10 CALDERA Agosto 2025.xlsx,Informes y reportes de cumplimiento ambiental asociados a calidad del aire y emisiones,Informes Trimestrales,A 5.8 E MP-10 CALDERA Agosto 2025.xlsx,xlsx,55195,0.053,Reportes de cumplimiento aire,Alta,Pendiente,
DOC-1223,antecedentes/Informes y reportes de cumplimiento ambiental asociados a calidad del aire y emisiones/Informes Trimestrales/2025/3T/Anexos/A 5.8 EM MINA Agosto 2025.xlsx,Informes y reportes de cumplimiento ambiental asociados a calidad del aire y emisiones,Informes Trimestrales,A 5.8 EM MINA Agosto 2025.xlsx,xlsx,149121,0.142,Reportes de cumplimiento aire,Alta,Pendiente,
DOC-1224,antecedentes/Informes y reportes de cumplimiento ambiental asociados a calidad del aire y emisiones/Informes Trimestrales/2025/3T/Anexos/A 5.8 EM PUERTO Agosto 2025.xlsx,Informes y reportes de cumplimiento ambiental asociados a calidad del aire y emisiones,Informes Trimestrales,A 5.8 EM PUERTO Agosto 2025.xlsx,xlsx,149537,0.143,Reportes de cumplimiento aire,Alta,Pendiente,
DOC-1225,antecedentes/Informes y reportes de cumplimiento ambiental asociados a calidad del aire y emisiones/Informes Trimestrales/2025/3T/Anexos/A 5.9 E MP-10 CALDERA Septiembre 2025.xlsx,Informes y reportes de cumplimiento ambiental asociados a calidad del aire y emisiones,Informes Trimestrales,A 5.9 E MP-10 CALDERA Septiembre 2025.xlsx,xlsx,64918,0.062,Reportes de cumplimiento aire,Alta,Pendiente,
DOC-1226,antecedentes/Informes y reportes de cumplimiento ambiental asociados a calidad del aire y emisiones/Informes Trimestrales/2025/3T/Anexos/A 5.9 EM MINA Septiembre 2025.xlsx,Informes y reportes de cumplimiento ambiental asociados a calidad del aire y emisiones,Informes Trimestrales,A 5.9 EM MINA Septiembre 2025.xlsx,xlsx,143835,0.137,Reportes de cumplimiento aire,Alta,Pendiente,
DOC-1227,antecedentes/Informes y reportes de cumplimiento ambiental asociados a calidad del aire y emisiones/Informes Trimestrales/2025/3T/Anexos/A 5.9 EM PUERTO Septiembre 2025.xlsx,Informes y reportes de cumplimiento ambiental asociados a calidad del aire y emisiones,Informes Trimestrales,A 5.9 EM PUERTO Septiembre 2025.xlsx,xlsx,148306,0.141,Reportes de cumplimiento aire,Alta,Pendiente,
DOC-1228,antecedentes/Informes y reportes de cumplimiento ambiental asociados a calidad del aire y emisiones/Informes Trimestrales/2025/3T/Anexos/A.1 HOJAS DE DATOS DE TERRENO MONITOREO MP10.pdf,Informes y reportes de cumplimiento ambiental asociados a calidad del aire y emisiones,Informes Trimestrales,A.1 HOJAS DE DATOS DE TERRENO MONITOREO MP10.pdf,pdf,457403,0.436,Reportes de cumplimiento aire,Alta,Pendiente,
DOC-1229,antecedentes/Informes y reportes de cumplimiento ambiental asociados a calidad del aire y emisiones/Informes Trimestrales/2025/3T/Anexos/A.2 HOJAS DE DATOS DE TERRENO MONITOREO MP2.5.pdf,Informes y reportes de cumplimiento ambiental asociados a calidad del aire y emisiones,Informes Trimestrales,A.2 HOJAS DE DATOS DE TERRENO MONITOREO MP2.5.pdf,pdf,430274,0.410,Reportes de cumplimiento aire,Alta,Pendiente,
DOC-1230,antecedentes/Informes y reportes de cumplimiento ambiental asociados a calidad del aire y emisiones/Informes Trimestrales/2025/3T/Anexos/A.3 CERTIFICADOS CALIDAD DEL AIRE.pdf,Informes y reportes de cumplimiento ambiental asociados a calidad del aire y emisiones,Informes Trimestrales,A.3 CERTIFICADOS CALIDAD DEL AIRE.pdf,pdf,2798055,2.668,Reportes de cumplimiento aire,Alta,Pendiente,
DOC-1231,antecedentes/Informes y reportes de cumplimiento ambiental asociados a calidad del aire y emisiones/Informes Trimestrales/2025/3T/Anexos/A.4 METEOROLOGIA.pdf,Informes y reportes de cumplimiento ambiental asociados a calidad del aire y emisiones,Informes Trimestrales,A.4 METEOROLOGIA.pdf,pdf,1582984,1.510,Reportes de cumplimiento aire,Alta,Pendiente,
DOC-1232,antecedentes/Informes y reportes de cumplimiento ambiental asociados a calidad del aire y emisiones/Informes Trimestrales/2025/3T/Anexos/A.6 ACREDITACIONES.pdf,Informes y reportes de cumplimiento ambiental asociados a calidad del aire y emisiones,Informes Trimestrales,A.6 ACREDITACIONES.pdf,pdf,111800,0.107,Reportes de cumplimiento aire,Alta,Pendiente,
DOC-1233,antecedentes/Informes y reportes de cumplimiento ambiental asociados a calidad del aire y emisiones/Informes Trimestrales/2025/3T/Anexos/A.7 MANTENCIONES.pdf,Informes y reportes de cumplimiento ambiental asociados a calidad del aire y emisiones,Informes Trimestrales,A.7 MANTENCIONES.pdf,pdf,974914,0.930,Reportes de cumplimiento aire,Alta,Pendiente,
DOC-1234,antecedentes/Informes y reportes de cumplimiento ambiental asociados a calidad del aire y emisiones/Informes Trimestrales/2025/3T/INFORME/Informe_CCMC_3T 2025v1.2 - NEF.docx,Informes y reportes de cumplimiento ambiental asociados a calidad del aire y emisiones,Informes Trimestrales,Informe_CCMC_3T 2025v1.2 - NEF.docx,docx,10309131,9.832,Reportes de cumplimiento aire,Alta,Pendiente,
DOC-1235,antecedentes/Informes y reportes de cumplimiento ambiental asociados a calidad del aire y emisiones/Informes Trimestrales/2025/3T/INFORME/Informe_CCMC_3T 2025v1.2.docx,Informes y reportes de cumplimiento ambiental asociados a calidad del aire y emisiones,Informes Trimestrales,Informe_CCMC_3T 2025v1.2.docx,docx,10306038,9.829,Reportes de cumplimiento aire,Alta,Pendiente,
DOC-1236,antecedentes/Informes y reportes de cumplimiento ambiental asociados a calidad del aire y emisiones/Informes Trimestrales/2025/3T/INFORME/Informe_CCMC_3T 2025v1.2.pdf,Informes y reportes de cumplimiento ambiental asociados a calidad del aire y emisiones,Informes Trimestrales,Informe_CCMC_3T 2025v1.2.pdf,pdf,2523376,2.406,Reportes de cumplimiento aire,Alta,Pendiente,
DOC-1237,antecedentes/Informes y reportes de cumplimiento ambiental asociados a calidad del aire y emisiones/Informes Trimestrales/2025/3T/INFORME/revisiones/Informe_CCMC_3T 2025.docx,Informes y reportes de cumplimiento ambiental asociados a calidad del aire y emisiones,Informes Trimestrales,Informe_CCMC_3T 2025.docx,docx,10428182,9.945,Reportes de cumplimiento aire,Alta,Pendiente,
DOC-1238,antecedentes/Informes y reportes de cumplimiento ambiental asociados a calidad del aire y emisiones/Informes Trimestrales/2025/3T/INFORME/revisiones/Informe_CCMC_3T 2025v1.1.docx,Informes y reportes de cumplimiento ambiental asociados a calidad del aire y emisiones,Informes Trimestrales,Informe_CCMC_3T 2025v1.1.docx,docx,10180006,9.708,Reportes de cumplimiento aire,Alta,Pendiente,
DOC-1239,antecedentes/Informes y reportes de cumplimiento ambiental asociados a calidad del aire y emisiones/Informes Trimestrales/2025/3T/INFORME/revisiones/Informe_CCMC_3T 2025v1.docx,Informes y reportes de cumplimiento ambiental asociados a calidad del aire y emisiones,Informes Trimestrales,Informe_CCMC_3T 2025v1.docx,docx,10178236,9.707,Reportes de cumplimiento aire,Alta,Pendiente,
DOC-1240,antecedentes/Informes y reportes de cumplimiento ambiental asociados a calidad del aire y emisiones/Informes Trimestrales/2025/4T/Anexos/A 5.10 E MP-10 CALDERA Octubre 2025.xlsx,Informes y reportes de cumplimiento ambiental asociados a calidad del aire y emisiones,Informes Trimestrales,A 5.10 E MP-10 CALDERA Octubre 2025.xlsx,xlsx,64356,0.061,Reportes de cumplimiento aire,Alta,Pendiente,
DOC-1241,antecedentes/Informes y reportes de cumplimiento ambiental asociados a calidad del aire y emisiones/Informes Trimestrales/2025/4T/Anexos/A 5.10 EM MINA Octubre 2025.xlsx,Informes y reportes de cumplimiento ambiental asociados a calidad del aire y emisiones,Informes Trimestrales,A 5.10 EM MINA Octubre 2025.xlsx,xlsx,142816,0.136,Reportes de cumplimiento aire,Alta,Pendiente,
DOC-1242,antecedentes/Informes y reportes de cumplimiento ambiental asociados a calidad del aire y emisiones/Informes Trimestrales/2025/4T/Anexos/A 5.10 EM PUERTO Octubre 2025.xlsx,Informes y reportes de cumplimiento ambiental asociados a calidad del aire y emisiones,Informes Trimestrales,A 5.10 EM PUERTO Octubre 2025.xlsx,xlsx,147216,0.140,Reportes de cumplimiento aire,Alta,Pendiente,
DOC-1243,antecedentes/Informes y reportes de cumplimiento ambiental asociados a calidad del aire y emisiones/Informes Trimestrales/2025/4T/Anexos/A 5.11 E MP-10 CALDERA Noviembre 2025.xlsx,Informes y reportes de cumplimiento ambiental asociados a calidad del aire y emisiones,Informes Trimestrales,A 5.11 E MP-10 CALDERA Noviembre 2025.xlsx,xlsx,64221,0.061,Reportes de cumplimiento aire,Alta,Pendiente,
DOC-1244,antecedentes/Informes y reportes de cumplimiento ambiental asociados a calidad del aire y emisiones/Informes Trimestrales/2025/4T/Anexos/A 5.11 EM MINA Noviembre 2025.xlsx,Informes y reportes de cumplimiento ambiental asociados a calidad del aire y emisiones,Informes Trimestrales,A 5.11 EM MINA Noviembre 2025.xlsx,xlsx,147875,0.141,Reportes de cumplimiento aire,Alta,Pendiente,
DOC-1245,antecedentes/Informes y reportes de cumplimiento ambiental asociados a calidad del aire y emisiones/Informes Trimestrales/2025/4T/Anexos/A 5.11 EM PUERTO Noviembre 2025.xlsx,Informes y reportes de cumplimiento ambiental asociados a calidad del aire y emisiones,Informes Trimestrales,A 5.11 EM PUERTO Noviembre 2025.xlsx,xlsx,148991,0.142,Reportes de cumplimiento aire,Alta,Pendiente,
DOC-1246,antecedentes/Informes y reportes de cumplimiento ambiental asociados a calidad del aire y emisiones/Informes Trimestrales/2025/4T/Anexos/A 5.12 E MP-10 CALDERA Diciembre 2025.xlsx,Informes y reportes de cumplimiento ambiental asociados a calidad del aire y emisiones,Informes Trimestrales,A 5.12 E MP-10 CALDERA Diciembre 2025.xlsx,xlsx,55363,0.053,Reportes de cumplimiento aire,Alta,Pendiente,
DOC-1247,antecedentes/Informes y reportes de cumplimiento ambiental asociados a calidad del aire y emisiones/Informes Trimestrales/2025/4T/Anexos/A 5.12 EM MINA Diciembre 2025.xlsx,Informes y reportes de cumplimiento ambiental asociados a calidad del aire y emisiones,Informes Trimestrales,A 5.12 EM MINA Diciembre 2025.xlsx,xlsx,115578,0.110,Reportes de cumplimiento aire,Alta,Pendiente,
DOC-1248,antecedentes/Informes y reportes de cumplimiento ambiental asociados a calidad del aire y emisiones/Informes Trimestrales/2025/4T/Anexos/A 5.12 EM PUERTO Diciembre 2025.xlsx,Informes y reportes de cumplimiento ambiental asociados a calidad del aire y emisiones,Informes Trimestrales,A 5.12 EM PUERTO Diciembre 2025.xlsx,xlsx,121147,0.116,Reportes de cumplimiento aire,Alta,Pendiente,
DOC-1249,antecedentes/Informes y reportes de cumplimiento ambiental asociados a calidad del aire y emisiones/Informes Trimestrales/2025/4T/Anexos/A.1 HOJAS DE DATOS DE TERRENO MONITOREO MP10.pdf,Informes y reportes de cumplimiento ambiental asociados a calidad del aire y emisiones,Informes Trimestrales,A.1 HOJAS DE DATOS DE TERRENO MONITOREO MP10.pdf,pdf,606292,0.578,Reportes de cumplimiento aire,Alta,Pendiente,
DOC-1250,antecedentes/Informes y reportes de cumplimiento ambiental asociados a calidad del aire y emisiones/Informes Trimestrales/2025/4T/Anexos/A.2 HOJAS DE DATOS DE TERRENO MONITOREO MP2.5.pdf,Informes y reportes de cumplimiento ambiental asociados a calidad del aire y emisiones,Informes Trimestrales,A.2 HOJAS DE DATOS DE TERRENO MONITOREO MP2.5.pdf,pdf,569756,0.543,Reportes de cumplimiento aire,Alta,Pendiente,
DOC-1251,antecedentes/Informes y reportes de cumplimiento ambiental asociados a calidad del aire y emisiones/Informes Trimestrales/2025/4T/Anexos/A.3 CERTIFICADOS CALIDAD DEL AIRE.pdf,Informes y reportes de cumplimiento ambiental asociados a calidad del aire y emisiones,Informes Trimestrales,A.3 CERTIFICADOS CALIDAD DEL AIRE.pdf,pdf,2837654,2.706,Reportes de cumplimiento aire,Alta,Pendiente,
DOC-1252,antecedentes/Informes y reportes de cumplimiento ambiental asociados a calidad del aire y emisiones/Informes Trimestrales/2025/4T/Anexos/A.4 METEOROLOGIA.pdf,Informes y reportes de cumplimiento ambiental asociados a calidad del aire y emisiones,Informes Trimestrales,A.4 METEOROLOGIA.pdf,pdf,1700617,1.622,Reportes de cumplimiento aire,Alta,Pendiente,
DOC-1253,antecedentes/Informes y reportes de cumplimiento ambiental asociados a calidad del aire y emisiones/Informes Trimestrales/2025/4T/Anexos/A.6 ACREDITACIONES.pdf,Informes y reportes de cumplimiento ambiental asociados a calidad del aire y emisiones,Informes Trimestrales,A.6 ACREDITACIONES.pdf,pdf,184319,0.176,Reportes de cumplimiento aire,Alta,Pendiente,
DOC-1254,antecedentes/Informes y reportes de cumplimiento ambiental asociados a calidad del aire y emisiones/Informes Trimestrales/2025/4T/Anexos/A.7 MANTENCIONES.pdf,Informes y reportes de cumplimiento ambiental asociados a calidad del aire y emisiones,Informes Trimestrales,A.7 MANTENCIONES.pdf,pdf,1037434,0.989,Reportes de cumplimiento aire,Alta,Pendiente,
DOC-1255,antecedentes/Informes y reportes de cumplimiento ambiental asociados a calidad del aire y emisiones/Informes Trimestrales/2025/4T/Informe_CCMC_4T 2025.docx,Informes y reportes de cumplimiento ambiental asociados a calidad del aire y emisiones,Informes Trimestrales,Informe_CCMC_4T 2025.docx,docx,10434200,9.951,Reportes de cumplimiento aire,Alta,Pendiente,
DOC-1256,antecedentes/Informes y reportes de cumplimiento ambiental asociados a calidad del aire y emisiones/Informes Trimestrales/2025/4T/Informe_CCMC_4T 2025.pdf,Informes y reportes de cumplimiento ambiental asociados a calidad del aire y emisiones,Informes Trimestrales,Informe_CCMC_4T 2025.pdf,pdf,2742806,2.616,Reportes de cumplimiento aire,Alta,Pendiente,
DOC-1257,antecedentes/Informes y reportes de cumplimiento ambiental asociados a calidad del aire y emisiones/Informes Trimestrales/2025/4T/Revisión/Informe_CCMC_4T 2025.docx,Informes y reportes de cumplimiento ambiental asociados a calidad del aire y emisiones,Informes Trimestrales,Informe_CCMC_4T 2025.docx,docx,10368954,9.889,Reportes de cumplimiento aire,Alta,Pendiente,
DOC-1258,antecedentes/Informes y reportes de cumplimiento ambiental asociados a calidad del aire y emisiones/Informes Trimestrales/2025/ANUAL 2025/Anexos/A 5. 1 EM NANTOCO ENERO 2025.xlsx,Informes y reportes de cumplimiento ambiental asociados a calidad del aire y emisiones,Informes Trimestrales,A 5. 1 EM NANTOCO ENERO 2025.xlsx,xlsx,105334,0.100,Reportes de cumplimiento aire,Alta,Pendiente,
DOC-1259,antecedentes/Informes y reportes de cumplimiento ambiental asociados a calidad del aire y emisiones/Informes Trimestrales/2025/ANUAL 2025/Anexos/A 5.1 E MP-10 CALDERA Enero 2025.xlsx,Informes y reportes de cumplimiento ambiental asociados a calidad del aire y emisiones,Informes Trimestrales,A 5.1 E MP-10 CALDERA Enero 2025.xlsx,xlsx,67237,0.064,Reportes de cumplimiento aire,Alta,Pendiente,
DOC-1260,antecedentes/Informes y reportes de cumplimiento ambiental asociados a calidad del aire y emisiones/Informes Trimestrales/2025/ANUAL 2025/Anexos/A 5.1 EM MINA Enero 2025.xlsx,Informes y reportes de cumplimiento ambiental asociados a calidad del aire y emisiones,Informes Trimestrales,A 5.1 EM MINA Enero 2025.xlsx,xlsx,145866,0.139,Reportes de cumplimiento aire,Alta,Pendiente,
DOC-1261,antecedentes/Informes y reportes de cumplimiento ambiental asociados a calidad del aire y emisiones/Informes Trimestrales/2025/ANUAL 2025/Anexos/A 5.1 EM PUERTO Enero 2025.xlsx,Informes y reportes de cumplimiento ambiental asociados a calidad del aire y emisiones,Informes Trimestrales,A 5.1 EM PUERTO Enero 2025.xlsx,xlsx,145763,0.139,Reportes de cumplimiento aire,Alta,Pendiente,
DOC-1262,antecedentes/Informes y reportes de cumplimiento ambiental asociados a calidad del aire y emisiones/Informes Trimestrales/2025/ANUAL 2025/Anexos/A 5.1 EMRP TAMA Enero 2025.xlsx,Informes y reportes de cumplimiento ambiental asociados a calidad del aire y emisiones,Informes Trimestrales,A 5.1 EMRP TAMA Enero 2025.xlsx,xlsx,183475,0.175,Reportes de cumplimiento aire,Alta,Pendiente,
DOC-1263,antecedentes/Informes y reportes de cumplimiento ambiental asociados a calidad del aire y emisiones/Informes Trimestrales/2025/ANUAL 2025/Anexos/A 5.10 E MP-10 CALDERA Octubre 2025.xlsx,Informes y reportes de cumplimiento ambiental asociados a calidad del aire y emisiones,Informes Trimestrales,A 5.10 E MP-10 CALDERA Octubre 2025.xlsx,xlsx,64356,0.061,Reportes de cumplimiento aire,Alta,Pendiente,
DOC-1264,antecedentes/Informes y reportes de cumplimiento ambiental asociados a calidad del aire y emisiones/Informes Trimestrales/2025/ANUAL 2025/Anexos/A 5.10 EM MINA Octubre 2025.xlsx,Informes y reportes de cumplimiento ambiental asociados a calidad del aire y emisiones,Informes Trimestrales,A 5.10 EM MINA Octubre 2025.xlsx,xlsx,142816,0.136,Reportes de cumplimiento aire,Alta,Pendiente,
DOC-1265,antecedentes/Informes y reportes de cumplimiento ambiental asociados a calidad del aire y emisiones/Informes Trimestrales/2025/ANUAL 2025/Anexos/A 5.10 EM PUERTO Octubre 2025.xlsx,Informes y reportes de cumplimiento ambiental asociados a calidad del aire y emisiones,Informes Trimestrales,A 5.10 EM PUERTO Octubre 2025.xlsx,xlsx,147216,0.140,Reportes de cumplimiento aire,Alta,Pendiente,
DOC-1266,antecedentes/Informes y reportes de cumplimiento ambiental asociados a calidad del aire y emisiones/Informes Trimestrales/2025/ANUAL 2025/Anexos/A 5.11 E MP-10 CALDERA Noviembre 2025.xlsx,Informes y reportes de cumplimiento ambiental asociados a calidad del aire y emisiones,Informes Trimestrales,A 5.11 E MP-10 CALDERA Noviembre 2025.xlsx,xlsx,64221,0.061,Reportes de cumplimiento aire,Alta,Pendiente,
DOC-1267,antecedentes/Informes y reportes de cumplimiento ambiental asociados a calidad del aire y emisiones/Informes Trimestrales/2025/ANUAL 2025/Anexos/A 5.11 EM MINA Noviembre 2025.xlsx,Informes y reportes de cumplimiento ambiental asociados a calidad del aire y emisiones,Informes Trimestrales,A 5.11 EM MINA Noviembre 2025.xlsx,xlsx,147875,0.141,Reportes de cumplimiento aire,Alta,Pendiente,
DOC-1268,antecedentes/Informes y reportes de cumplimiento ambiental asociados a calidad del aire y emisiones/Informes Trimestrales/2025/ANUAL 2025/Anexos/A 5.11 EM PUERTO Noviembre 2025.xlsx,Informes y reportes de cumplimiento ambiental asociados a calidad del aire y emisiones,Informes Trimestrales,A 5.11 EM PUERTO Noviembre 2025.xlsx,xlsx,148991,0.142,Reportes de cumplimiento aire,Alta,Pendiente,
DOC-1269,antecedentes/Informes y reportes de cumplimiento ambiental asociados a calidad del aire y emisiones/Informes Trimestrales/2025/ANUAL 2025/Anexos/A 5.12 E MP-10 CALDERA Diciembre 2025.xlsx,Informes y reportes de cumplimiento ambiental asociados a calidad del aire y emisiones,Informes Trimestrales,A 5.12 E MP-10 CALDERA Diciembre 2025.xlsx,xlsx,55363,0.053,Reportes de cumplimiento aire,Alta,Pendiente,
DOC-1270,antecedentes/Informes y reportes de cumplimiento ambiental asociados a calidad del aire y emisiones/Informes Trimestrales/2025/ANUAL 2025/Anexos/A 5.12 EM MINA Diciembre 2025.xlsx,Informes y reportes de cumplimiento ambiental asociados a calidad del aire y emisiones,Informes Trimestrales,A 5.12 EM MINA Diciembre 2025.xlsx,xlsx,115578,0.110,Reportes de cumplimiento aire,Alta,Pendiente,
DOC-1271,antecedentes/Informes y reportes de cumplimiento ambiental asociados a calidad del aire y emisiones/Informes Trimestrales/2025/ANUAL 2025/Anexos/A 5.12 EM PUERTO Diciembre 2025.xlsx,Informes y reportes de cumplimiento ambiental asociados a calidad del aire y emisiones,Informes Trimestrales,A 5.12 EM PUERTO Diciembre 2025.xlsx,xlsx,121147,0.116,Reportes de cumplimiento aire,Alta,Pendiente,
DOC-1272,antecedentes/Informes y reportes de cumplimiento ambiental asociados a calidad del aire y emisiones/Informes Trimestrales/2025/ANUAL 2025/Anexos/A 5.2 E MP-10 CALDERA Febrero 2025.xlsx,Informes y reportes de cumplimiento ambiental asociados a calidad del aire y emisiones,Informes Trimestrales,A 5.2 E MP-10 CALDERA Febrero 2025.xlsx,xlsx,68024,0.065,Reportes de cumplimiento aire,Alta,Pendiente,
DOC-1273,antecedentes/Informes y reportes de cumplimiento ambiental asociados a calidad del aire y emisiones/Informes Trimestrales/2025/ANUAL 2025/Anexos/A 5.2 EM MINA Febrero 2025.xlsx,Informes y reportes de cumplimiento ambiental asociados a calidad del aire y emisiones,Informes Trimestrales,A 5.2 EM MINA Febrero 2025.xlsx,xlsx,146648,0.140,Reportes de cumplimiento aire,Alta,Pendiente,
DOC-1274,antecedentes/Informes y reportes de cumplimiento ambiental asociados a calidad del aire y emisiones/Informes Trimestrales/2025/ANUAL 2025/Anexos/A 5.2 EM NANTOCO FEBRERO 2025.xlsx,Informes y reportes de cumplimiento ambiental asociados a calidad del aire y emisiones,Informes Trimestrales,A 5.2 EM NANTOCO FEBRERO 2025.xlsx,xlsx,108481,0.103,Reportes de cumplimiento aire,Alta,Pendiente,
DOC-1275,antecedentes/Informes y reportes de cumplimiento ambiental asociados a calidad del aire y emisiones/Informes Trimestrales/2025/ANUAL 2025/Anexos/A 5.2 EM PUERTO Febrero 2025.xlsx,Informes y reportes de cumplimiento ambiental asociados a calidad del aire y emisiones,Informes Trimestrales,A 5.2 EM PUERTO Febrero 2025.xlsx,xlsx,146249,0.139,Reportes de cumplimiento aire,Alta,Pendiente,
DOC-1276,antecedentes/Informes y reportes de cumplimiento ambiental asociados a calidad del aire y emisiones/Informes Trimestrales/2025/ANUAL 2025/Anexos/A 5.2 EMRP TAMA Febrero 2025.xlsx,Informes y reportes de cumplimiento ambiental asociados a calidad del aire y emisiones,Informes Trimestrales,A 5.2 EMRP TAMA Febrero 2025.xlsx,xlsx,183796,0.175,Reportes de cumplimiento aire,Alta,Pendiente,
DOC-1277,antecedentes/Informes y reportes de cumplimiento ambiental asociados a calidad del aire y emisiones/Informes Trimestrales/2025/ANUAL 2025/Anexos/A 5.3  EM NANTOCO MARZO 2025.xlsx,Informes y reportes de cumplimiento ambiental asociados a calidad del aire y emisiones,Informes Trimestrales,A 5.3  EM NANTOCO MARZO 2025.xlsx,xlsx,105130,0.100,Reportes de cumplimiento aire,Alta,Pendiente,
DOC-1278,antecedentes/Informes y reportes de cumplimiento ambiental asociados a calidad del aire y emisiones/Informes Trimestrales/2025/ANUAL 2025/Anexos/A 5.3 E MP-10 CALDERA Marzo 2025.xlsx,Informes y reportes de cumplimiento ambiental asociados a calidad del aire y emisiones,Informes Trimestrales,A 5.3 E MP-10 CALDERA Marzo 2025.xlsx,xlsx,67705,0.065,Reportes de cumplimiento aire,Alta,Pendiente,
DOC-1279,antecedentes/Informes y reportes de cumplimiento ambiental asociados a calidad del aire y emisiones/Informes Trimestrales/2025/ANUAL 2025/Anexos/A 5.3 EM MINA Marzo 2025.xlsx,Informes y reportes de cumplimiento ambiental asociados a calidad del aire y emisiones,Informes Trimestrales,A 5.3 EM MINA Marzo 2025.xlsx,xlsx,147084,0.140,Reportes de cumplimiento aire,Alta,Pendiente,
DOC-1280,antecedentes/Informes y reportes de cumplimiento ambiental asociados a calidad del aire y emisiones/Informes Trimestrales/2025/ANUAL 2025/Anexos/A 5.3 EM PUERTO Marzo 2025.xlsx,Informes y reportes de cumplimiento ambiental asociados a calidad del aire y emisiones,Informes Trimestrales,A 5.3 EM PUERTO Marzo 2025.xlsx,xlsx,145866,0.139,Reportes de cumplimiento aire,Alta,Pendiente,
DOC-1281,antecedentes/Informes y reportes de cumplimiento ambiental asociados a calidad del aire y emisiones/Informes Trimestrales/2025/ANUAL 2025/Anexos/A 5.3 EMRP TAMA Marzo 2025.xlsx,Informes y reportes de cumplimiento ambiental asociados a calidad del aire y emisiones,Informes Trimestrales,A 5.3 EMRP TAMA Marzo 2025.xlsx,xlsx,183155,0.175,Reportes de cumplimiento aire,Alta,Pendiente,
DOC-1282,antecedentes/Informes y reportes de cumplimiento ambiental asociados a calidad del aire y emisiones/Informes Trimestrales/2025/ANUAL 2025/Anexos/A 5.4 E MP-10 CALDERA Abril 2025.xlsx,Informes y reportes de cumplimiento ambiental asociados a calidad del aire y emisiones,Informes Trimestrales,A 5.4 E MP-10 CALDERA Abril 2025.xlsx,xlsx,67438,0.064,Reportes de cumplimiento aire,Alta,Pendiente,
DOC-1283,antecedentes/Informes y reportes de cumplimiento ambiental asociados a calidad del aire y emisiones/Informes Trimestrales/2025/ANUAL 2025/Anexos/A 5.4 EM MINA Abril 2025.xlsx,Informes y reportes de cumplimiento ambiental asociados a calidad del aire y emisiones,Informes Trimestrales,A 5.4 EM MINA Abril 2025.xlsx,xlsx,150735,0.144,Reportes de cumplimiento aire,Alta,Pendiente,
DOC-1284,antecedentes/Informes y reportes de cumplimiento ambiental asociados a calidad del aire y emisiones/Informes Trimestrales/2025/ANUAL 2025/Anexos/A 5.4 EM PUERTO Abril 2025.xlsx,Informes y reportes de cumplimiento ambiental asociados a calidad del aire y emisiones,Informes Trimestrales,A 5.4 EM PUERTO Abril 2025.xlsx,xlsx,151946,0.145,Reportes de cumplimiento aire,Alta,Pendiente,
DOC-1285,antecedentes/Informes y reportes de cumplimiento ambiental asociados a calidad del aire y emisiones/Informes Trimestrales/2025/ANUAL 2025/Anexos/A 5.5 E MP-10 CALDERA Mayo 2025.xlsx,Informes y reportes de cumplimiento ambiental asociados a calidad del aire y emisiones,Informes Trimestrales,A 5.5 E MP-10 CALDERA Mayo 2025.xlsx,xlsx,67271,0.064,Reportes de cumplimiento aire,Alta,Pendiente,
DOC-1286,antecedentes/Informes y reportes de cumplimiento ambiental asociados a calidad del aire y emisiones/Informes Trimestrales/2025/ANUAL 2025/Anexos/A 5.5 EM MINA Mayo 2025.xlsx,Informes y reportes de cumplimiento ambiental asociados a calidad del aire y emisiones,Informes Trimestrales,A 5.5 EM MINA Mayo 2025.xlsx,xlsx,152083,0.145,Reportes de cumplimiento aire,Alta,Pendiente,
DOC-1287,antecedentes/Informes y reportes de cumplimiento ambiental asociados a calidad del aire y emisiones/Informes Trimestrales/2025/ANUAL 2025/Anexos/A 5.5 EM PUERTO Mayo 2025.xlsx,Informes y reportes de cumplimiento ambiental asociados a calidad del aire y emisiones,Informes Trimestrales,A 5.5 EM PUERTO Mayo 2025.xlsx,xlsx,150528,0.144,Reportes de cumplimiento aire,Alta,Pendiente,
DOC-1288,antecedentes/Informes y reportes de cumplimiento ambiental asociados a calidad del aire y emisiones/Informes Trimestrales/2025/ANUAL 2025/Anexos/A 5.6 E MP-10 CALDERA Junio 2025.xlsx,Informes y reportes de cumplimiento ambiental asociados a calidad del aire y emisiones,Informes Trimestrales,A 5.6 E MP-10 CALDERA Junio 2025.xlsx,xlsx,67885,0.065,Reportes de cumplimiento aire,Alta,Pendiente,
DOC-1289,antecedentes/Informes y reportes de cumplimiento ambiental asociados a calidad del aire y emisiones/Informes Trimestrales/2025/ANUAL 2025/Anexos/A 5.6 EM MINA Junio 2025.xlsx,Informes y reportes de cumplimiento ambiental asociados a calidad del aire y emisiones,Informes Trimestrales,A 5.6 EM MINA Junio 2025.xlsx,xlsx,152194,0.145,Reportes de cumplimiento aire,Alta,Pendiente,
DOC-1290,antecedentes/Informes y reportes de cumplimiento ambiental asociados a calidad del aire y emisiones/Informes Trimestrales/2025/ANUAL 2025/Anexos/A 5.6 EM PUERTO Junio 2025.xlsx,Informes y reportes de cumplimiento ambiental asociados a calidad del aire y emisiones,Informes Trimestrales,A 5.6 EM PUERTO Junio 2025.xlsx,xlsx,152334,0.145,Reportes de cumplimiento aire,Alta,Pendiente,
DOC-1291,antecedentes/Informes y reportes de cumplimiento ambiental asociados a calidad del aire y emisiones/Informes Trimestrales/2025/ANUAL 2025/Anexos/A 5.7 E MP-10 CALDERA Julio 2025.xlsx,Informes y reportes de cumplimiento ambiental asociados a calidad del aire y emisiones,Informes Trimestrales,A 5.7 E MP-10 CALDERA Julio 2025.xlsx,xlsx,67707,0.065,Reportes de cumplimiento aire,Alta,Pendiente,
DOC-1292,antecedentes/Informes y reportes de cumplimiento ambiental asociados a calidad del aire y emisiones/Informes Trimestrales/2025/ANUAL 2025/Anexos/A 5.7 EM MINA Julio 2025.xlsx,Informes y reportes de cumplimiento ambiental asociados a calidad del aire y emisiones,Informes Trimestrales,A 5.7 EM MINA Julio 2025.xlsx,xlsx,152131,0.145,Reportes de cumplimiento aire,Alta,Pendiente,
DOC-1293,antecedentes/Informes y reportes de cumplimiento ambiental asociados a calidad del aire y emisiones/Informes Trimestrales/2025/ANUAL 2025/Anexos/A 5.7 EM PUERTO Julio 2025.xlsx,Informes y reportes de cumplimiento ambiental asociados a calidad del aire y emisiones,Informes Trimestrales,A 5.7 EM PUERTO Julio 2025.xlsx,xlsx,152110,0.145,Reportes de cumplimiento aire,Alta,Pendiente,
DOC-1294,antecedentes/Informes y reportes de cumplimiento ambiental asociados a calidad del aire y emisiones/Informes Trimestrales/2025/ANUAL 2025/Anexos/A 5.8 E MP-10 CALDERA Agosto 2025.xlsx,Informes y reportes de cumplimiento ambiental asociados a calidad del aire y emisiones,Informes Trimestrales,A 5.8 E MP-10 CALDERA Agosto 2025.xlsx,xlsx,58127,0.055,Reportes de cumplimiento aire,Alta,Pendiente,
DOC-1295,antecedentes/Informes y reportes de cumplimiento ambiental asociados a calidad del aire y emisiones/Informes Trimestrales/2025/ANUAL 2025/Anexos/A 5.8 EM MINA Agosto 2025.xlsx,Informes y reportes de cumplimiento ambiental asociados a calidad del aire y emisiones,Informes Trimestrales,A 5.8 EM MINA Agosto 2025.xlsx,xlsx,152053,0.145,Reportes de cumplimiento aire,Alta,Pendiente,
DOC-1296,antecedentes/Informes y reportes de cumplimiento ambiental asociados a calidad del aire y emisiones/Informes Trimestrales/2025/ANUAL 2025/Anexos/A 5.8 EM PUERTO Agosto 2025.xlsx,Informes y reportes de cumplimiento ambiental asociados a calidad del aire y emisiones,Informes Trimestrales,A 5.8 EM PUERTO Agosto 2025.xlsx,xlsx,152469,0.145,Reportes de cumplimiento aire,Alta,Pendiente,
DOC-1297,antecedentes/Informes y reportes de cumplimiento ambiental asociados a calidad del aire y emisiones/Informes Trimestrales/2025/ANUAL 2025/Anexos/A 5.9 E MP-10 CALDERA Septiembre 2025.xlsx,Informes y reportes de cumplimiento ambiental asociados a calidad del aire y emisiones,Informes Trimestrales,A 5.9 E MP-10 CALDERA Septiembre 2025.xlsx,xlsx,67850,0.065,Reportes de cumplimiento aire,Alta,Pendiente,
DOC-1298,antecedentes/Informes y reportes de cumplimiento ambiental asociados a calidad del aire y emisiones/Informes Trimestrales/2025/ANUAL 2025/Anexos/A 5.9 EM MINA Septiembre 2025.xlsx,Informes y reportes de cumplimiento ambiental asociados a calidad del aire y emisiones,Informes Trimestrales,A 5.9 EM MINA Septiembre 2025.xlsx,xlsx,146767,0.140,Reportes de cumplimiento aire,Alta,Pendiente,
DOC-1299,antecedentes/Informes y reportes de cumplimiento ambiental asociados a calidad del aire y emisiones/Informes Trimestrales/2025/ANUAL 2025/Anexos/A 5.9 EM PUERTO Septiembre 2025.xlsx,Informes y reportes de cumplimiento ambiental asociados a calidad del aire y emisiones,Informes Trimestrales,A 5.9 EM PUERTO Septiembre 2025.xlsx,xlsx,151238,0.144,Reportes de cumplimiento aire,Alta,Pendiente,
DOC-1300,antecedentes/Informes y reportes de cumplimiento ambiental asociados a calidad del aire y emisiones/Informes Trimestrales/2025/ANUAL 2025/Anexos/A.3 CERTIFICADOS CALIDAD DEL AIRE.pdf,Informes y reportes de cumplimiento ambiental asociados a calidad del aire y emisiones,Informes Trimestrales,A.3 CERTIFICADOS CALIDAD DEL AIRE.pdf,pdf,10671089,10.177,Reportes de cumplimiento aire,Alta,Pendiente,
DOC-1301,antecedentes/Informes y reportes de cumplimiento ambiental asociados a calidad del aire y emisiones/Informes Trimestrales/2025/ANUAL 2025/Anexos/A.4 METEOROLOGIA.pdf,Informes y reportes de cumplimiento ambiental asociados a calidad del aire y emisiones,Informes Trimestrales,A.4 METEOROLOGIA.pdf,pdf,7146154,6.815,Reportes de cumplimiento aire,Alta,Pendiente,
DOC-1302,antecedentes/Informes y reportes de cumplimiento ambiental asociados a calidad del aire y emisiones/Informes Trimestrales/2025/ANUAL 2025/Anexos/A.6 ACREDITACIONES.pdf,Informes y reportes de cumplimiento ambiental asociados a calidad del aire y emisiones,Informes Trimestrales,A.6 ACREDITACIONES.pdf,pdf,166907,0.159,Reportes de cumplimiento aire,Alta,Pendiente,
DOC-1303,antecedentes/Informes y reportes de cumplimiento ambiental asociados a calidad del aire y emisiones/Informes Trimestrales/2025/ANUAL 2025/Anexos/A.7 MANTENCIONES.pdf,Informes y reportes de cumplimiento ambiental asociados a calidad del aire y emisiones,Informes Trimestrales,A.7 MANTENCIONES.pdf,pdf,1201530,1.146,Reportes de cumplimiento aire,Alta,Pendiente,
DOC-1304,antecedentes/Informes y reportes de cumplimiento ambiental asociados a calidad del aire y emisiones/Informes Trimestrales/2025/ANUAL 2025/Anexos/A.8 GRAFICOS HISTORICOS.pdf,Informes y reportes de cumplimiento ambiental asociados a calidad del aire y emisiones,Informes Trimestrales,A.8 GRAFICOS HISTORICOS.pdf,pdf,247895,0.236,Reportes de cumplimiento aire,Alta,Pendiente,
DOC-1305,antecedentes/Informes y reportes de cumplimiento ambiental asociados a calidad del aire y emisiones/Informes Trimestrales/2025/ANUAL 2025/Informe/Informe_CCMC_2025_vA.docx,Informes y reportes de cumplimiento ambiental asociados a calidad del aire y emisiones,Informes Trimestrales,Informe_CCMC_2025_vA.docx,docx,18082253,17.245,Reportes de cumplimiento aire,Alta,Pendiente,
DOC-1306,antecedentes/Informes y reportes de cumplimiento ambiental asociados a calidad del aire y emisiones/Informes Trimestrales/2025/ANUAL 2025/Informe/Informe_CCMC_2025_vA.pdf,Informes y reportes de cumplimiento ambiental asociados a calidad del aire y emisiones,Informes Trimestrales,Informe_CCMC_2025_vA.pdf,pdf,4751238,4.531,Reportes de cumplimiento aire,Alta,Pendiente,
DOC-1307,antecedentes/Informes y reportes de cumplimiento ambiental asociados a calidad del aire y emisiones/Informes Trimestrales/2025/ANUAL 2025/Revisión/Informe_CCMC_2025.docx,Informes y reportes de cumplimiento ambiental asociados a calidad del aire y emisiones,Informes Trimestrales,Informe_CCMC_2025.docx,docx,17891321,17.062,Reportes de cumplimiento aire,Alta,Pendiente,
DOC-1308,antecedentes/Informes y reportes de cumplimiento ambiental asociados a calidad del aire y emisiones/Informes Trimestrales/2025/ANUAL 2025/Revisión/Informe_CCMC_2025.pdf,Informes y reportes de cumplimiento ambiental asociados a calidad del aire y emisiones,Informes Trimestrales,Informe_CCMC_2025.pdf,pdf,4734132,4.515,Reportes de cumplimiento aire,Alta,Pendiente,
DOC-1309,antecedentes/Informes y reportes de cumplimiento ambiental asociados a calidad del aire y emisiones/Informes Trimestrales/2026/1T/Anexos/A 5.1 E MP-10 CALDERA Enero 2026.xlsx,Informes y reportes de cumplimiento ambiental asociados a calidad del aire y emisiones,Informes Trimestrales,A 5.1 E MP-10 CALDERA Enero 2026.xlsx,xlsx,55572,0.053,Reportes de cumplimiento aire,Alta,Pendiente,
DOC-1310,antecedentes/Informes y reportes de cumplimiento ambiental asociados a calidad del aire y emisiones/Informes Trimestrales/2026/1T/Anexos/A 5.1 EM MINA Enero 2026.xlsx,Informes y reportes de cumplimiento ambiental asociados a calidad del aire y emisiones,Informes Trimestrales,A 5.1 EM MINA Enero 2026.xlsx,xlsx,121199,0.116,Reportes de cumplimiento aire,Alta,Pendiente,
DOC-1311,antecedentes/Informes y reportes de cumplimiento ambiental asociados a calidad del aire y emisiones/Informes Trimestrales/2026/1T/Anexos/A 5.1 EM PUERTO Enero 2026.xlsx,Informes y reportes de cumplimiento ambiental asociados a calidad del aire y emisiones,Informes Trimestrales,A 5.1 EM PUERTO Enero 2026.xlsx,xlsx,120820,0.115,Reportes de cumplimiento aire,Alta,Pendiente,
DOC-1312,antecedentes/Informes y reportes de cumplimiento ambiental asociados a calidad del aire y emisiones/Informes Trimestrales/2026/1T/Anexos/A 5.2 E MP-10 CALDERA Febrero 2026.xlsx,Informes y reportes de cumplimiento ambiental asociados a calidad del aire y emisiones,Informes Trimestrales,A 5.2 E MP-10 CALDERA Febrero 2026.xlsx,xlsx,56069,0.053,Reportes de cumplimiento aire,Alta,Pendiente,
DOC-1313,antecedentes/Informes y reportes de cumplimiento ambiental asociados a calidad del aire y emisiones/Informes Trimestrales/2026/1T/Anexos/A 5.2 EM MINA Febrero 2026.xlsx,Informes y reportes de cumplimiento ambiental asociados a calidad del aire y emisiones,Informes Trimestrales,A 5.2 EM MINA Febrero 2026.xlsx,xlsx,121781,0.116,Reportes de cumplimiento aire,Alta,Pendiente,
DOC-1314,antecedentes/Informes y reportes de cumplimiento ambiental asociados a calidad del aire y emisiones/Informes Trimestrales/2026/1T/Anexos/A 5.2 EM PUERTO Febrero 2026.xlsx,Informes y reportes de cumplimiento ambiental asociados a calidad del aire y emisiones,Informes Trimestrales,A 5.2 EM PUERTO Febrero 2026.xlsx,xlsx,123833,0.118,Reportes de cumplimiento aire,Alta,Pendiente,
DOC-1315,antecedentes/Informes y reportes de cumplimiento ambiental asociados a calidad del aire y emisiones/Informes Trimestrales/2026/1T/Anexos/A 5.3 E MP-10 CALDERA Marzo 2026.xlsx,Informes y reportes de cumplimiento ambiental asociados a calidad del aire y emisiones,Informes Trimestrales,A 5.3 E MP-10 CALDERA Marzo 2026.xlsx,xlsx,56026,0.053,Reportes de cumplimiento aire,Alta,Pendiente,
DOC-1316,antecedentes/Informes y reportes de cumplimiento ambiental asociados a calidad del aire y emisiones/Informes Trimestrales/2026/1T/Anexos/A 5.3 EM MINA Marzo 2026.xlsx,Informes y reportes de cumplimiento ambiental asociados a calidad del aire y emisiones,Informes Trimestrales,A 5.3 EM MINA Marzo 2026.xlsx,xlsx,121773,0.116,Reportes de cumplimiento aire,Alta,Pendiente,
DOC-1317,antecedentes/Informes y reportes de cumplimiento ambiental asociados a calidad del aire y emisiones/Informes Trimestrales/2026/1T/Anexos/A 5.3 EM PUERTO Marzo 2026.xlsx,Informes y reportes de cumplimiento ambiental asociados a calidad del aire y emisiones,Informes Trimestrales,A 5.3 EM PUERTO Marzo 2026.xlsx,xlsx,120439,0.115,Reportes de cumplimiento aire,Alta,Pendiente,
DOC-1318,antecedentes/Informes y reportes de cumplimiento ambiental asociados a calidad del aire y emisiones/Informes Trimestrales/2026/1T/Anexos/A.1 HOJAS DE DATOS DE TERRENO MONITOREO MP10.pdf,Informes y reportes de cumplimiento ambiental asociados a calidad del aire y emisiones,Informes Trimestrales,A.1 HOJAS DE DATOS DE TERRENO MONITOREO MP10.pdf,pdf,690106,0.658,Reportes de cumplimiento aire,Alta,Pendiente,
DOC-1319,antecedentes/Informes y reportes de cumplimiento ambiental asociados a calidad del aire y emisiones/Informes Trimestrales/2026/1T/Anexos/A.2 HOJAS DE DATOS DE TERRENO MONITOREO MP2.5.pdf,Informes y reportes de cumplimiento ambiental asociados a calidad del aire y emisiones,Informes Trimestrales,A.2 HOJAS DE DATOS DE TERRENO MONITOREO MP2.5.pdf,pdf,649608,0.620,Reportes de cumplimiento aire,Alta,Pendiente,
DOC-1320,antecedentes/Informes y reportes de cumplimiento ambiental asociados a calidad del aire y emisiones/Informes Trimestrales/2026/1T/Anexos/A.3 CERTIFICADOS CALIDAD DEL AIRE.pdf,Informes y reportes de cumplimiento ambiental asociados a calidad del aire y emisiones,Informes Trimestrales,A.3 CERTIFICADOS CALIDAD DEL AIRE.pdf,pdf,2861500,2.729,Reportes de cumplimiento aire,Alta,Pendiente,
DOC-1321,antecedentes/Informes y reportes de cumplimiento ambiental asociados a calidad del aire y emisiones/Informes Trimestrales/2026/1T/Anexos/A.4 METEOROLOGIA.pdf,Informes y reportes de cumplimiento ambiental asociados a calidad del aire y emisiones,Informes Trimestrales,A.4 METEOROLOGIA.pdf,pdf,1778324,1.696,Reportes de cumplimiento aire,Alta,Pendiente,
DOC-1322,antecedentes/Informes y reportes de cumplimiento ambiental asociados a calidad del aire y emisiones/Informes Trimestrales/2026/1T/Anexos/A.6 ACREDITACIONES.pdf,Informes y reportes de cumplimiento ambiental asociados a calidad del aire y emisiones,Informes Trimestrales,A.6 ACREDITACIONES.pdf,pdf,172941,0.165,Reportes de cumplimiento aire,Alta,Pendiente,
DOC-1323,antecedentes/Informes y reportes de cumplimiento ambiental asociados a calidad del aire y emisiones/Informes Trimestrales/2026/1T/Anexos/A.7 MANTENCIONES.pdf,Informes y reportes de cumplimiento ambiental asociados a calidad del aire y emisiones,Informes Trimestrales,A.7 MANTENCIONES.pdf,pdf,973765,0.929,Reportes de cumplimiento aire,Alta,Pendiente,
DOC-1324,antecedentes/Informes y reportes de cumplimiento ambiental asociados a calidad del aire y emisiones/Informes Trimestrales/2026/1T/Informe_CCMC_1T 2026.docx,Informes y reportes de cumplimiento ambiental asociados a calidad del aire y emisiones,Informes Trimestrales,Informe_CCMC_1T 2026.docx,docx,10471388,9.986,Reportes de cumplimiento aire,Alta,Pendiente,
DOC-1325,antecedentes/Informes y reportes de cumplimiento ambiental asociados a calidad del aire y emisiones/Informes Trimestrales/2026/1T/Informe_CCMC_1T 2026.pdf,Informes y reportes de cumplimiento ambiental asociados a calidad del aire y emisiones,Informes Trimestrales,Informe_CCMC_1T 2026.pdf,pdf,2989178,2.851,Reportes de cumplimiento aire,Alta,Pendiente,
DOC-1326,antecedentes/Informes y reportes de cumplimiento ambiental asociados a calidad del aire y emisiones/Informes Trimestrales/2026/2T/Anexos/A 5.4 E MP-10 CALDERA Abril 2026.xlsx,Informes y reportes de cumplimiento ambiental asociados a calidad del aire y emisiones,Informes Trimestrales,A 5.4 E MP-10 CALDERA Abril 2026.xlsx,xlsx,56323,0.054,Reportes de cumplimiento aire,Alta,Pendiente,
DOC-1327,antecedentes/Informes y reportes de cumplimiento ambiental asociados a calidad del aire y emisiones/Informes Trimestrales/2026/2T/Anexos/A 5.4 EM MINA Abril 2026.xlsx,Informes y reportes de cumplimiento ambiental asociados a calidad del aire y emisiones,Informes Trimestrales,A 5.4 EM MINA Abril 2026.xlsx,xlsx,117592,0.112,Reportes de cumplimiento aire,Alta,Pendiente,
DOC-1328,antecedentes/Informes y reportes de cumplimiento ambiental asociados a calidad del aire y emisiones/Informes Trimestrales/2026/2T/Anexos/A 5.4 EM PUERTO Abril 2026.xlsx,Informes y reportes de cumplimiento ambiental asociados a calidad del aire y emisiones,Informes Trimestrales,A 5.4 EM PUERTO Abril 2026.xlsx,xlsx,118209,0.113,Reportes de cumplimiento aire,Alta,Pendiente,
DOC-1329,antecedentes/Informes y reportes de cumplimiento ambiental asociados a calidad del aire y emisiones/Informes Trimestrales/2026/2T/Anexos/A 5.5 E MP-10 CALDERA Mayo 2026.xlsx,Informes y reportes de cumplimiento ambiental asociados a calidad del aire y emisiones,Informes Trimestrales,A 5.5 E MP-10 CALDERA Mayo 2026.xlsx,xlsx,56002,0.053,Reportes de cumplimiento aire,Alta,Pendiente,
DOC-1330,antecedentes/Informes y reportes de cumplimiento ambiental asociados a calidad del aire y emisiones/Informes Trimestrales/2026/2T/Anexos/A 5.5 EM MINA Mayo 2026.xlsx,Informes y reportes de cumplimiento ambiental asociados a calidad del aire y emisiones,Informes Trimestrales,A 5.5 EM MINA Mayo 2026.xlsx,xlsx,120965,0.115,Reportes de cumplimiento aire,Alta,Pendiente,
DOC-1331,antecedentes/Informes y reportes de cumplimiento ambiental asociados a calidad del aire y emisiones/Informes Trimestrales/2026/2T/Anexos/A 5.5 EM PUERTO Mayo 2026.xlsx,Informes y reportes de cumplimiento ambiental asociados a calidad del aire y emisiones,Informes Trimestrales,A 5.5 EM PUERTO Mayo 2026.xlsx,xlsx,119985,0.114,Reportes de cumplimiento aire,Alta,Pendiente,
DOC-1332,antecedentes/Informes y reportes de cumplimiento ambiental asociados a calidad del aire y emisiones/Informes Trimestrales/2026/2T/Anexos/A 5.5 Formato_SEREMI SALUD_ Nantoco Mayo 2026.xlsx,Informes y reportes de cumplimiento ambiental asociados a calidad del aire y emisiones,Informes Trimestrales,A 5.5 Formato_SEREMI SALUD_ Nantoco Mayo 2026.xlsx,xlsx,93550,0.089,Reportes de cumplimiento aire,Alta,Pendiente,
DOC-1333,antecedentes/Informes y reportes de cumplimiento ambiental asociados a calidad del aire y emisiones/Informes Trimestrales/2026/2T/Anexos/A 5.6 E MP-10 CALDERA Junio 2026.xlsx,Informes y reportes de cumplimiento ambiental asociados a calidad del aire y emisiones,Informes Trimestrales,A 5.6 E MP-10 CALDERA Junio 2026.xlsx,xlsx,64246,0.061,Reportes de cumplimiento aire,Alta,Pendiente,
DOC-1334,antecedentes/Informes y reportes de cumplimiento ambiental asociados a calidad del aire y emisiones/Informes Trimestrales/2026/2T/Anexos/A 5.6 EM MINA Junio 2026.xlsx,Informes y reportes de cumplimiento ambiental asociados a calidad del aire y emisiones,Informes Trimestrales,A 5.6 EM MINA Junio 2026.xlsx,xlsx,145366,0.139,Reportes de cumplimiento aire,Alta,Pendiente,
DOC-1335,antecedentes/Informes y reportes de cumplimiento ambiental asociados a calidad del aire y emisiones/Informes Trimestrales/2026/2T/Anexos/A 5.6 EM PUERTO Junio 2026.xlsx,Informes y reportes de cumplimiento ambiental asociados a calidad del aire y emisiones,Informes Trimestrales,A 5.6 EM PUERTO Junio 2026.xlsx,xlsx,143937,0.137,Reportes de cumplimiento aire,Alta,Pendiente,
DOC-1336,antecedentes/Informes y reportes de cumplimiento ambiental asociados a calidad del aire y emisiones/Informes Trimestrales/2026/2T/Anexos/A.1 HOJAS DE DATOS DE TERRENO MONITOREO MP10.pdf,Informes y reportes de cumplimiento ambiental asociados a calidad del aire y emisiones,Informes Trimestrales,A.1 HOJAS DE DATOS DE TERRENO MONITOREO MP10.pdf,pdf,675779,0.644,Reportes de cumplimiento aire,Alta,Pendiente,
DOC-1337,antecedentes/Informes y reportes de cumplimiento ambiental asociados a calidad del aire y emisiones/Informes Trimestrales/2026/2T/Anexos/A.2 HOJAS DE DATOS DE TERRENO MONITOREO MP2.5.pdf,Informes y reportes de cumplimiento ambiental asociados a calidad del aire y emisiones,Informes Trimestrales,A.2 HOJAS DE DATOS DE TERRENO MONITOREO MP2.5.pdf,pdf,638402,0.609,Reportes de cumplimiento aire,Alta,Pendiente,
DOC-1338,antecedentes/Informes y reportes de cumplimiento ambiental asociados a calidad del aire y emisiones/Informes Trimestrales/2026/2T/Anexos/A.3 CERTIFICADOS CALIDAD DEL AIRE.pdf,Informes y reportes de cumplimiento ambiental asociados a calidad del aire y emisiones,Informes Trimestrales,A.3 CERTIFICADOS CALIDAD DEL AIRE.pdf,pdf,2700697,2.576,Reportes de cumplimiento aire,Alta,Pendiente,
DOC-1339,antecedentes/Informes y reportes de cumplimiento ambiental asociados a calidad del aire y emisiones/Informes Trimestrales/2026/2T/Anexos/A.4 METEOROLOGIA.pdf,Informes y reportes de cumplimiento ambiental asociados a calidad del aire y emisiones,Informes Trimestrales,A.4 METEOROLOGIA.pdf,pdf,1748444,1.667,Reportes de cumplimiento aire,Alta,Pendiente,
DOC-1340,antecedentes/Informes y reportes de cumplimiento ambiental asociados a calidad del aire y emisiones/Informes Trimestrales/2026/2T/Anexos/A.6 ACREDITACIONES.pdf,Informes y reportes de cumplimiento ambiental asociados a calidad del aire y emisiones,Informes Trimestrales,A.6 ACREDITACIONES.pdf,pdf,166379,0.159,Reportes de cumplimiento aire,Alta,Pendiente,
DOC-1341,antecedentes/Informes y reportes de cumplimiento ambiental asociados a calidad del aire y emisiones/Informes Trimestrales/2026/2T/Anexos/A.7 MANTENCIONES.pdf,Informes y reportes de cumplimiento ambiental asociados a calidad del aire y emisiones,Informes Trimestrales,A.7 MANTENCIONES.pdf,pdf,974478,0.929,Reportes de cumplimiento aire,Alta,Pendiente,
DOC-1342,antecedentes/Informes y reportes de cumplimiento ambiental asociados a calidad del aire y emisiones/Informes Trimestrales/2026/2T/Informe_CCMC_2T 2026.docx,Informes y reportes de cumplimiento ambiental asociados a calidad del aire y emisiones,Informes Trimestrales,Informe_CCMC_2T 2026.docx,docx,11449577,10.919,Reportes de cumplimiento aire,Alta,Pendiente,
DOC-1343,antecedentes/Informes y reportes de cumplimiento ambiental asociados a calidad del aire y emisiones/Informes Trimestrales/2026/2T/Informe_CCMC_2T 2026_MDS.docx,Informes y reportes de cumplimiento ambiental asociados a calidad del aire y emisiones,Informes Trimestrales,Informe_CCMC_2T 2026_MDS.docx,docx,11449954,10.920,Reportes de cumplimiento aire,Alta,Pendiente,
DOC-1344,antecedentes/Informes y reportes de cumplimiento ambiental asociados a calidad del aire y emisiones/Informes Trimestrales/2026/2T/Informe_CCMC_2T 2026_vA 1.docx,Informes y reportes de cumplimiento ambiental asociados a calidad del aire y emisiones,Informes Trimestrales,Informe_CCMC_2T 2026_vA 1.docx,docx,11408387,10.880,Reportes de cumplimiento aire,Alta,Pendiente,
DOC-1345,antecedentes/Informes y reportes de cumplimiento ambiental asociados a calidad del aire y emisiones/Informes Trimestrales/2026/2T/Informe_CCMC_2T 2026_vA 1.pdf,Informes y reportes de cumplimiento ambiental asociados a calidad del aire y emisiones,Informes Trimestrales,Informe_CCMC_2T 2026_vA 1.pdf,pdf,3803797,3.628,Reportes de cumplimiento aire,Alta,Pendiente,
DOC-1346,antecedentes/Medidas Prov/1.1 N12 Excel Seguimiento Correos Respaldo Conexión Estación EMRP TAMA a Sinca.pdf,Medidas Prov,,1.1 N12 Excel Seguimiento Correos Respaldo Conexión Estación EMRP TAMA a Sinca.pdf,pdf,3697347,3.526,Medidas provisionales / programas control emisiones,Alta,Pendiente,
DOC-1347,antecedentes/Medidas Prov/1.1 N13 Entrega datos Discretos Históricos CCMC.pdf,Medidas Prov,,1.1 N13 Entrega datos Discretos Históricos CCMC.pdf,pdf,664855,0.634,Medidas provisionales / programas control emisiones,Alta,Pendiente,
DOC-1348,antecedentes/Medidas Prov/1.1 N13 Entrega datos Discretos Históricos CCMO.pdf,Medidas Prov,,1.1 N13 Entrega datos Discretos Históricos CCMO.pdf,pdf,563446,0.537,Medidas provisionales / programas control emisiones,Alta,Pendiente,
DOC-1349,antecedentes/Medidas Prov/CCMC/Anexo 1 Kmz DR y DAL/Cancha de Emergencia.kmz,Medidas Prov,CCMC,Cancha de Emergencia.kmz,kmz,727,0.001,Medidas provisionales / programas control emisiones,Alta,Pendiente,
DOC-1350,antecedentes/Medidas Prov/CCMC/Anexo 1 Kmz DR y DAL/DR Candelaria.kmz,Medidas Prov,CCMC,DR Candelaria.kmz,kmz,817,0.001,Medidas provisionales / programas control emisiones,Alta,Pendiente,
DOC-1351,antecedentes/Medidas Prov/CCMC/Anexo 1 Kmz DR y DAL/DR Los Diques.kmz,Medidas Prov,CCMC,DR Los Diques.kmz,kmz,814,0.001,Medidas provisionales / programas control emisiones,Alta,Pendiente,
DOC-1352,antecedentes/Medidas Prov/CCMC/Anexo 1 Kmz DR y DAL/Tranque San Esteban 1.kmz,Medidas Prov,CCMC,Tranque San Esteban 1.kmz,kmz,825,0.001,Medidas provisionales / programas control emisiones,Alta,Pendiente,
DOC-1353,antecedentes/Medidas Prov/CCMC/Anexo 1 Kmz DR y DAL/Tranque San Esteban 2.kmz,Medidas Prov,CCMC,Tranque San Esteban 2.kmz,kmz,825,0.001,Medidas provisionales / programas control emisiones,Alta,Pendiente,
DOC-1354,antecedentes/Medidas Prov/CCMC/Anexo 2 Certificado Laboratorio Producto Supresor Dustag RDT3000/Evaluación de Desempeño DUSTAG RDT 3000 NCh 3266.pdf,Medidas Prov,CCMC,Evaluación de Desempeño DUSTAG RDT 3000 NCh 3266.pdf,pdf,9285242,8.855,Medidas provisionales / programas control emisiones,Alta,Pendiente,
DOC-1355,antecedentes/Medidas Prov/CCMC/Anexo 3 Informe Eficiencia control emisiones caminos con Bischofita/Informe Mediciones en Camino CCMC_2S24_Vf + firmas.pdf,Medidas Prov,CCMC,Informe Mediciones en Camino CCMC_2S24_Vf + firmas.pdf,pdf,1453751,1.386,Medidas provisionales / programas control emisiones,Alta,Pendiente,
DOC-1356,"antecedentes/Medidas Prov/CCMC/Anexo 4 Documentos de Cierre Tranques San Esteban 1 y 2/1. RCA 133-2015, SEA, Proyecto Candelaria 2030.pdf",Medidas Prov,CCMC,"1. RCA 133-2015, SEA, Proyecto Candelaria 2030.pdf",pdf,3795385,3.620,Medidas provisionales / programas control emisiones,Alta,Pendiente,
DOC-1357,"antecedentes/Medidas Prov/CCMC/Anexo 4 Documentos de Cierre Tranques San Esteban 1 y 2/2. RCA 95-2003, COREMA Atacama, Tranque de Relaves.pdf",Medidas Prov,CCMC,"2. RCA 95-2003, COREMA Atacama, Tranque de Relaves.pdf",pdf,1239896,1.182,Medidas provisionales / programas control emisiones,Alta,Pendiente,
DOC-1358,"antecedentes/Medidas Prov/CCMC/Anexo 4 Documentos de Cierre Tranques San Esteban 1 y 2/3. Res.  838-2012, SNGM, Plan de Cierre de San Esteban.pdf",Medidas Prov,CCMC,"3. Res.  838-2012, SNGM, Plan de Cierre de San Esteban.pdf",pdf,359434,0.343,Medidas provisionales / programas control emisiones,Alta,Pendiente,
DOC-1359,"antecedentes/Medidas Prov/CCMC/Anexo 4 Documentos de Cierre Tranques San Esteban 1 y 2/4. RCA 202303101169, SEA, Proyecto Optimización y Continu.pdf",Medidas Prov,CCMC,"4. RCA 202303101169, SEA, Proyecto Optimización y Continu.pdf",pdf,5723354,5.458,Medidas provisionales / programas control emisiones,Alta,Pendiente,
DOC-1360,antecedentes/Medidas Prov/CCMC/Anexo 5 Caminos Plan Operacional de Prevención y Vigilancia/Ruta Open Pit (Aptas).kmz,Medidas Prov,CCMC,Ruta Open Pit (Aptas).kmz,kmz,4923,0.005,Medidas provisionales / programas control emisiones,Alta,Pendiente,
DOC-1361,antecedentes/Medidas Prov/CCMC/Anexo 5 Caminos Plan Operacional de Prevención y Vigilancia/Rutas CCMC industriales CCMC (No aptas).kmz,Medidas Prov,CCMC,Rutas CCMC industriales CCMC (No aptas).kmz,kmz,5905,0.006,Medidas provisionales / programas control emisiones,Alta,Pendiente,
DOC-1362,antecedentes/Medidas Prov/CCMC/Anexo 5 Caminos Plan Operacional de Prevención y Vigilancia/Rutas DR Los Diques (Aptas).kmz,Medidas Prov,CCMC,Rutas DR Los Diques (Aptas).kmz,kmz,1333,0.001,Medidas provisionales / programas control emisiones,Alta,Pendiente,
DOC-1363,antecedentes/Medidas Prov/CCMC/Anexo 5 Caminos Plan Operacional de Prevención y Vigilancia/Rutas Open Pit (No aptas).kmz,Medidas Prov,CCMC,Rutas Open Pit (No aptas).kmz,kmz,3526,0.003,Medidas provisionales / programas control emisiones,Alta,Pendiente,
DOC-1364,antecedentes/Medidas Prov/CCMC/Informe Medidas Provisionales SEREMI MA CCMC 1_firmado.pdf,Medidas Prov,CCMC,Informe Medidas Provisionales SEREMI MA CCMC 1_firmado.pdf,pdf,728158,0.694,Medidas provisionales / programas control emisiones,Alta,Pendiente,
DOC-1365,antecedentes/Medidas Prov/CCMC/Obs/ANEXO A/Informe Mediciones en Camino CCMC_2S24_Vf + firmas.pdf,Medidas Prov,CCMC,Informe Mediciones en Camino CCMC_2S24_Vf + firmas.pdf,pdf,1453751,1.386,Medidas provisionales / programas control emisiones,Alta,Pendiente,
DOC-1366,antecedentes/Medidas Prov/CCMC/Obs/ANEXO A/Informe_Caminos 1S 2025 CCMC_v1.2.pdf,Medidas Prov,CCMC,Informe_Caminos 1S 2025 CCMC_v1.2.pdf,pdf,1524988,1.454,Medidas provisionales / programas control emisiones,Alta,Pendiente,
DOC-1367,antecedentes/Medidas Prov/CCMC/Obs/ANEXO B/Otorgamiento de poderes CCMC.pdf,Medidas Prov,CCMC,Otorgamiento de poderes CCMC.pdf,pdf,10528950,10.041,Medidas provisionales / programas control emisiones,Alta,Pendiente,
DOC-1368,antecedentes/Medidas Prov/CCMC/Obs/Informe Respuesta observaciones Programa control emisiones CCMC.pdf,Medidas Prov,CCMC,Informe Respuesta observaciones Programa control emisiones CCMC.pdf,pdf,708520,0.676,Medidas provisionales / programas control emisiones,Alta,Pendiente,
DOC-1369,antecedentes/Medidas Prov/CCMC/Obs/Observaciones Programa Control Candelaria.pdf,Medidas Prov,CCMC,Observaciones Programa Control Candelaria.pdf,pdf,271049,0.258,Medidas provisionales / programas control emisiones,Alta,Pendiente,
DOC-1370,antecedentes/Medidas Prov/CCMC/Obs/Ord 902_05.02.2026_ ObsSEREMI MMA_CCMC digital.php.pdf,Medidas Prov,CCMC,Ord 902_05.02.2026_ ObsSEREMI MMA_CCMC digital.php.pdf,pdf,641613,0.612,Medidas provisionales / programas control emisiones,Alta,Pendiente,
DOC-1371,antecedentes/Medidas Prov/CCMC/Obs2/Anexo 1 Kmz DR y DAL/Cancha de Emergencia.kmz,Medidas Prov,CCMC,Cancha de Emergencia.kmz,kmz,727,0.001,Medidas provisionales / programas control emisiones,Alta,Pendiente,
DOC-1372,antecedentes/Medidas Prov/CCMC/Obs2/Anexo 1 Kmz DR y DAL/DR Candelaria.kmz,Medidas Prov,CCMC,DR Candelaria.kmz,kmz,817,0.001,Medidas provisionales / programas control emisiones,Alta,Pendiente,
DOC-1373,antecedentes/Medidas Prov/CCMC/Obs2/Anexo 1 Kmz DR y DAL/DR Los Diques.kmz,Medidas Prov,CCMC,DR Los Diques.kmz,kmz,814,0.001,Medidas provisionales / programas control emisiones,Alta,Pendiente,
DOC-1374,antecedentes/Medidas Prov/CCMC/Obs2/Anexo 1 Kmz DR y DAL/Tranque San Esteban 1.kmz,Medidas Prov,CCMC,Tranque San Esteban 1.kmz,kmz,825,0.001,Medidas provisionales / programas control emisiones,Alta,Pendiente,
DOC-1375,antecedentes/Medidas Prov/CCMC/Obs2/Anexo 1 Kmz DR y DAL/Tranque San Esteban 2.kmz,Medidas Prov,CCMC,Tranque San Esteban 2.kmz,kmz,825,0.001,Medidas provisionales / programas control emisiones,Alta,Pendiente,
DOC-1376,antecedentes/Medidas Prov/CCMC/Obs2/Anexo 2 Certificado Laboratorio Producto Supresor Dustag RDT3000/Evaluación de Desempeño DUSTAG RDT 3000 NCh 3266.pdf,Medidas Prov,CCMC,Evaluación de Desempeño DUSTAG RDT 3000 NCh 3266.pdf,pdf,9285242,8.855,Medidas provisionales / programas control emisiones,Alta,Pendiente,
DOC-1377,antecedentes/Medidas Prov/CCMC/Obs2/Anexo 3 Informe Eficiencia control emisiones caminos con Bischofita/Informe Mediciones en Camino CCMC_2S24_Vf + firmas.pdf,Medidas Prov,CCMC,Informe Mediciones en Camino CCMC_2S24_Vf + firmas.pdf,pdf,1453751,1.386,Medidas provisionales / programas control emisiones,Alta,Pendiente,
DOC-1378,antecedentes/Medidas Prov/CCMC/Obs2/Anexo 3 Informe Eficiencia control emisiones caminos con Bischofita/Informe_Caminos 1S 2025 CCMC_v1.2.pdf,Medidas Prov,CCMC,Informe_Caminos 1S 2025 CCMC_v1.2.pdf,pdf,1524988,1.454,Medidas provisionales / programas control emisiones,Alta,Pendiente,
DOC-1379,"antecedentes/Medidas Prov/CCMC/Obs2/Anexo 4 Documentos de Cierre Tranques San Esteban 1 y 2/1. RCA 133-2015, SEA, Proyecto Candelaria 2030.pdf",Medidas Prov,CCMC,"1. RCA 133-2015, SEA, Proyecto Candelaria 2030.pdf",pdf,3795385,3.620,Medidas provisionales / programas control emisiones,Alta,Pendiente,
DOC-1380,"antecedentes/Medidas Prov/CCMC/Obs2/Anexo 4 Documentos de Cierre Tranques San Esteban 1 y 2/2. RCA 95-2003, COREMA Atacama, Tranque de Relaves.pdf",Medidas Prov,CCMC,"2. RCA 95-2003, COREMA Atacama, Tranque de Relaves.pdf",pdf,1239896,1.182,Medidas provisionales / programas control emisiones,Alta,Pendiente,
DOC-1381,"antecedentes/Medidas Prov/CCMC/Obs2/Anexo 4 Documentos de Cierre Tranques San Esteban 1 y 2/3. Res.  838-2012, SNGM, Plan de Cierre de San Esteban.pdf",Medidas Prov,CCMC,"3. Res.  838-2012, SNGM, Plan de Cierre de San Esteban.pdf",pdf,359434,0.343,Medidas provisionales / programas control emisiones,Alta,Pendiente,
DOC-1382,"antecedentes/Medidas Prov/CCMC/Obs2/Anexo 4 Documentos de Cierre Tranques San Esteban 1 y 2/4. RCA 202303101169, SEA, Proyecto Optimización y Continu.pdf",Medidas Prov,CCMC,"4. RCA 202303101169, SEA, Proyecto Optimización y Continu.pdf",pdf,5723354,5.458,Medidas provisionales / programas control emisiones,Alta,Pendiente,
DOC-1383,antecedentes/Medidas Prov/CCMC/Obs2/Anexo 5 Caminos Plan Operacional de Prevención y Vigilancia/Ruta Open Pit (Aptas).kmz,Medidas Prov,CCMC,Ruta Open Pit (Aptas).kmz,kmz,4923,0.005,Medidas provisionales / programas control emisiones,Alta,Pendiente,
DOC-1384,antecedentes/Medidas Prov/CCMC/Obs2/Anexo 5 Caminos Plan Operacional de Prevención y Vigilancia/Rutas CCMC industriales CCMC (No aptas).kmz,Medidas Prov,CCMC,Rutas CCMC industriales CCMC (No aptas).kmz,kmz,5905,0.006,Medidas provisionales / programas control emisiones,Alta,Pendiente,
DOC-1385,antecedentes/Medidas Prov/CCMC/Obs2/Anexo 5 Caminos Plan Operacional de Prevención y Vigilancia/Rutas DR Los Diques (Aptas).kmz,Medidas Prov,CCMC,Rutas DR Los Diques (Aptas).kmz,kmz,1333,0.001,Medidas provisionales / programas control emisiones,Alta,Pendiente,
DOC-1386,antecedentes/Medidas Prov/CCMC/Obs2/Anexo 5 Caminos Plan Operacional de Prevención y Vigilancia/Rutas Open Pit (No aptas).kmz,Medidas Prov,CCMC,Rutas Open Pit (No aptas).kmz,kmz,3526,0.003,Medidas provisionales / programas control emisiones,Alta,Pendiente,
DOC-1387,antecedentes/Medidas Prov/CCMC/Obs2/Anexo 6 Poderes/Otorgamiento de poderes CCMC.pdf,Medidas Prov,CCMC,Otorgamiento de poderes CCMC.pdf,pdf,10528950,10.041,Medidas provisionales / programas control emisiones,Alta,Pendiente,
DOC-1388,antecedentes/Medidas Prov/CCMC/Obs2/Informe Medidas Provisionales SEREMI MA CCMC.pdf,Medidas Prov,CCMC,Informe Medidas Provisionales SEREMI MA CCMC.pdf,pdf,1170274,1.116,Medidas provisionales / programas control emisiones,Alta,Pendiente,
DOC-1389,antecedentes/Medidas Prov/CCMC/Obs2/Ord. 1582_ envia observaciones programa Control digital.php.pdf,Medidas Prov,CCMC,Ord. 1582_ envia observaciones programa Control digital.php.pdf,pdf,261719,0.250,Medidas provisionales / programas control emisiones,Alta,Pendiente,
DOC-1390,antecedentes/Medidas Prov/CCMC/Ord. N°1859 informa no mas observaciones PCE SCM Candelaria digital.php.pdf (SECURED).pdf,Medidas Prov,CCMC,Ord. N°1859 informa no mas observaciones PCE SCM Candelaria digital.php.pdf (SECURED).pdf,pdf,254528,0.243,Medidas provisionales / programas control emisiones,Alta,Pendiente,
DOC-1391,antecedentes/Medidas Prov/CCMO/Anexo 1 kmz DR y DAL/Cancha Auxiliar.kmz,Medidas Prov,CCMO,Cancha Auxiliar.kmz,kmz,809,0.001,Medidas provisionales / programas control emisiones,Alta,Pendiente,
DOC-1392,antecedentes/Medidas Prov/CCMO/Anexo 1 kmz DR y DAL/Stock Chancado PAC.kmz,Medidas Prov,CCMO,Stock Chancado PAC.kmz,kmz,714,0.001,Medidas provisionales / programas control emisiones,Alta,Pendiente,
DOC-1393,antecedentes/Medidas Prov/CCMO/Anexo 1 kmz DR y DAL/Tranque 3.kmz,Medidas Prov,CCMO,Tranque 3.kmz,kmz,705,0.001,Medidas provisionales / programas control emisiones,Alta,Pendiente,
DOC-1394,antecedentes/Medidas Prov/CCMO/Anexo 1 kmz DR y DAL/Tranque 4.kmz,Medidas Prov,CCMO,Tranque 4.kmz,kmz,704,0.001,Medidas provisionales / programas control emisiones,Alta,Pendiente,
DOC-1395,antecedentes/Medidas Prov/CCMO/Anexo 1 kmz DR y DAL/Tranque 5.kmz,Medidas Prov,CCMO,Tranque 5.kmz,kmz,701,0.001,Medidas provisionales / programas control emisiones,Alta,Pendiente,
DOC-1396,antecedentes/Medidas Prov/CCMO/Anexo 1 kmz DR y DAL/Tranque 6.kmz,Medidas Prov,CCMO,Tranque 6.kmz,kmz,701,0.001,Medidas provisionales / programas control emisiones,Alta,Pendiente,
DOC-1397,antecedentes/Medidas Prov/CCMO/Anexo 1 kmz DR y DAL/Tranque 8.kmz,Medidas Prov,CCMO,Tranque 8.kmz,kmz,803,0.001,Medidas provisionales / programas control emisiones,Alta,Pendiente,
DOC-1398,antecedentes/Medidas Prov/CCMO/Anexo 1 kmz DR y DAL/Tranques 1 y 2.kmz,Medidas Prov,CCMO,Tranques 1 y 2.kmz,kmz,708,0.001,Medidas provisionales / programas control emisiones,Alta,Pendiente,
DOC-1399,antecedentes/Medidas Prov/CCMO/Anexo 2 Documentos Cierre Tranques/1. Res 522-1998 Sernageomin Plan de Cierre y Abandono Tranque 8.pdf,Medidas Prov,CCMO,1. Res 522-1998 Sernageomin Plan de Cierre y Abandono Tranque 8.pdf,pdf,228886,0.218,Medidas provisionales / programas control emisiones,Alta,Pendiente,
DOC-1400,antecedentes/Medidas Prov/CCMO/Anexo 2 Documentos Cierre Tranques/2.  RCA 228-2007 Mejoramiento Ambiental Seis Tranques de Relaves.pdf,Medidas Prov,CCMO,2.  RCA 228-2007 Mejoramiento Ambiental Seis Tranques de Relaves.pdf,pdf,164713,0.157,Medidas provisionales / programas control emisiones,Alta,Pendiente,
DOC-1401,antecedentes/Medidas Prov/CCMO/Anexo 2 Documentos Cierre Tranques/3.  Res 251-2008  SERNAGEOMIN Plan de Cierre Tranques 1 al 6.pdf,Medidas Prov,CCMO,3.  Res 251-2008  SERNAGEOMIN Plan de Cierre Tranques 1 al 6.pdf,pdf,870501,0.830,Medidas provisionales / programas control emisiones,Alta,Pendiente,
DOC-1402,antecedentes/Medidas Prov/CCMO/Anexo 2 Documentos Cierre Tranques/4. Res 28-1972 SERNAGEOMIN Construir y Operar Tranque 8.pdf,Medidas Prov,CCMO,4. Res 28-1972 SERNAGEOMIN Construir y Operar Tranque 8.pdf,pdf,29713,0.028,Medidas provisionales / programas control emisiones,Alta,Pendiente,
DOC-1403,antecedentes/Medidas Prov/CCMO/Anexo 2 Documentos Cierre Tranques/5. Res 1202-1991 Sernageomin Construcción y Operación Tranque 8 Ampliación.pdf,Medidas Prov,CCMO,5. Res 1202-1991 Sernageomin Construcción y Operación Tranque 8 Ampliación.pdf,pdf,61042,0.058,Medidas provisionales / programas control emisiones,Alta,Pendiente,
DOC-1404,antecedentes/Medidas Prov/CCMO/Anexo 3 Caminos Plan Operacional de Prevención y Vigilancia/Rutas PAC PPyVE Aumento Riego (Aptas).kmz,Medidas Prov,CCMO,Rutas PAC PPyVE Aumento Riego (Aptas).kmz,kmz,2987,0.003,Medidas provisionales / programas control emisiones,Alta,Pendiente,
DOC-1405,antecedentes/Medidas Prov/CCMO/Anexo 3 Caminos Plan Operacional de Prevención y Vigilancia/Rutas Santos PPyVE (No aptas).kmz,Medidas Prov,CCMO,Rutas Santos PPyVE (No aptas).kmz,kmz,5466,0.005,Medidas provisionales / programas control emisiones,Alta,Pendiente,
DOC-1406,antecedentes/Medidas Prov/CCMO/Informe Medidas Provisionales SEREMI MA CCMOS_firmado.pdf,Medidas Prov,CCMO,Informe Medidas Provisionales SEREMI MA CCMOS_firmado.pdf,pdf,1013832,0.967,Medidas provisionales / programas control emisiones,Alta,Pendiente,
DOC-1407,antecedentes/Medidas Prov/CCMO/Obs/Informe Respuesta observaciones Programa control emisiones CCMO.pdf,Medidas Prov,CCMO,Informe Respuesta observaciones Programa control emisiones CCMO.pdf,pdf,844874,0.806,Medidas provisionales / programas control emisiones,Alta,Pendiente,
DOC-1408,antecedentes/Medidas Prov/CCMO/Obs/Observaciones Programa de Control Ojos del Salado.pdf,Medidas Prov,CCMO,Observaciones Programa de Control Ojos del Salado.pdf,pdf,422716,0.403,Medidas provisionales / programas control emisiones,Alta,Pendiente,
DOC-1409,antecedentes/Medidas Prov/CCMO/Obs/Ord 903_05.01.2026_ SEREMI MMA Ojos Salado digital.php.pdf,Medidas Prov,CCMO,Ord 903_05.01.2026_ SEREMI MMA Ojos Salado digital.php.pdf,pdf,642064,0.612,Medidas provisionales / programas control emisiones,Alta,Pendiente,
DOC-1410,antecedentes/Medidas Prov/CCMO/Obs/Otorgamiento de poderes CCMO.pdf,Medidas Prov,CCMO,Otorgamiento de poderes CCMO.pdf,pdf,10495817,10.010,Medidas provisionales / programas control emisiones,Alta,Pendiente,
DOC-1411,antecedentes/Medidas Prov/CCMO/Obs2/Anexo 1 kmz DR y DAL/Cancha Auxiliar.kmz,Medidas Prov,CCMO,Cancha Auxiliar.kmz,kmz,809,0.001,Medidas provisionales / programas control emisiones,Alta,Pendiente,
DOC-1412,antecedentes/Medidas Prov/CCMO/Obs2/Anexo 1 kmz DR y DAL/Stock Chancado PAC.kmz,Medidas Prov,CCMO,Stock Chancado PAC.kmz,kmz,714,0.001,Medidas provisionales / programas control emisiones,Alta,Pendiente,
DOC-1413,antecedentes/Medidas Prov/CCMO/Obs2/Anexo 1 kmz DR y DAL/Tranque 3.kmz,Medidas Prov,CCMO,Tranque 3.kmz,kmz,705,0.001,Medidas provisionales / programas control emisiones,Alta,Pendiente,
DOC-1414,antecedentes/Medidas Prov/CCMO/Obs2/Anexo 1 kmz DR y DAL/Tranque 4.kmz,Medidas Prov,CCMO,Tranque 4.kmz,kmz,704,0.001,Medidas provisionales / programas control emisiones,Alta,Pendiente,
DOC-1415,antecedentes/Medidas Prov/CCMO/Obs2/Anexo 1 kmz DR y DAL/Tranque 5.kmz,Medidas Prov,CCMO,Tranque 5.kmz,kmz,701,0.001,Medidas provisionales / programas control emisiones,Alta,Pendiente,
DOC-1416,antecedentes/Medidas Prov/CCMO/Obs2/Anexo 1 kmz DR y DAL/Tranque 6.kmz,Medidas Prov,CCMO,Tranque 6.kmz,kmz,701,0.001,Medidas provisionales / programas control emisiones,Alta,Pendiente,
DOC-1417,antecedentes/Medidas Prov/CCMO/Obs2/Anexo 1 kmz DR y DAL/Tranque 8.kmz,Medidas Prov,CCMO,Tranque 8.kmz,kmz,803,0.001,Medidas provisionales / programas control emisiones,Alta,Pendiente,
DOC-1418,antecedentes/Medidas Prov/CCMO/Obs2/Anexo 1 kmz DR y DAL/Tranques 1 y 2.kmz,Medidas Prov,CCMO,Tranques 1 y 2.kmz,kmz,708,0.001,Medidas provisionales / programas control emisiones,Alta,Pendiente,
DOC-1419,antecedentes/Medidas Prov/CCMO/Obs2/Anexo 2 Documentos Cierre Tranques/1. Res 522-1998 Sernageomin Plan de Cierre y Abandono Tranque 8.pdf,Medidas Prov,CCMO,1. Res 522-1998 Sernageomin Plan de Cierre y Abandono Tranque 8.pdf,pdf,228886,0.218,Medidas provisionales / programas control emisiones,Alta,Pendiente,
DOC-1420,antecedentes/Medidas Prov/CCMO/Obs2/Anexo 2 Documentos Cierre Tranques/2.  RCA 228-2007 Mejoramiento Ambiental Seis Tranques de Relaves.pdf,Medidas Prov,CCMO,2.  RCA 228-2007 Mejoramiento Ambiental Seis Tranques de Relaves.pdf,pdf,164713,0.157,Medidas provisionales / programas control emisiones,Alta,Pendiente,
DOC-1421,antecedentes/Medidas Prov/CCMO/Obs2/Anexo 2 Documentos Cierre Tranques/3.  Res 251-2008  SERNAGEOMIN Plan de Cierre Tranques 1 al 6.pdf,Medidas Prov,CCMO,3.  Res 251-2008  SERNAGEOMIN Plan de Cierre Tranques 1 al 6.pdf,pdf,870501,0.830,Medidas provisionales / programas control emisiones,Alta,Pendiente,
DOC-1422,antecedentes/Medidas Prov/CCMO/Obs2/Anexo 2 Documentos Cierre Tranques/4. Res 28-1972 SERNAGEOMIN Construir y Operar Tranque 8.pdf,Medidas Prov,CCMO,4. Res 28-1972 SERNAGEOMIN Construir y Operar Tranque 8.pdf,pdf,29713,0.028,Medidas provisionales / programas control emisiones,Alta,Pendiente,
DOC-1423,antecedentes/Medidas Prov/CCMO/Obs2/Anexo 2 Documentos Cierre Tranques/5. Res 1202-1991 Sernageomin Construcción y Operación Tranque 8 Ampliación.pdf,Medidas Prov,CCMO,5. Res 1202-1991 Sernageomin Construcción y Operación Tranque 8 Ampliación.pdf,pdf,61042,0.058,Medidas provisionales / programas control emisiones,Alta,Pendiente,
DOC-1424,antecedentes/Medidas Prov/CCMO/Obs2/Anexo 3 Caminos Plan Operacional de Prevención y Vigilancia/Rutas PAC PPyVE Aumento Riego (Aptas).kmz,Medidas Prov,CCMO,Rutas PAC PPyVE Aumento Riego (Aptas).kmz,kmz,2987,0.003,Medidas provisionales / programas control emisiones,Alta,Pendiente,
DOC-1425,antecedentes/Medidas Prov/CCMO/Obs2/Anexo 3 Caminos Plan Operacional de Prevención y Vigilancia/Rutas Santos PPyVE (No aptas).kmz,Medidas Prov,CCMO,Rutas Santos PPyVE (No aptas).kmz,kmz,5466,0.005,Medidas provisionales / programas control emisiones,Alta,Pendiente,
DOC-1426,antecedentes/Medidas Prov/CCMO/Obs2/Anexo 4 Caminos a Asfaltar/Caminos Interior Santos.kmz,Medidas Prov,CCMO,Caminos Interior Santos.kmz,kmz,1880,0.002,Medidas provisionales / programas control emisiones,Alta,Pendiente,
DOC-1427,antecedentes/Medidas Prov/CCMO/Obs2/Anexo 4 Caminos a Asfaltar/Planta PAC.kmz,Medidas Prov,CCMO,Planta PAC.kmz,kmz,904,0.001,Medidas provisionales / programas control emisiones,Alta,Pendiente,
DOC-1428,antecedentes/Medidas Prov/CCMO/Obs2/Anexo 5 Poderes/Otorgamiento de poderes CCMO.pdf,Medidas Prov,CCMO,Otorgamiento de poderes CCMO.pdf,pdf,10495817,10.010,Medidas provisionales / programas control emisiones,Alta,Pendiente,
DOC-1429,antecedentes/Medidas Prov/CCMO/Obs2/Informe Medidas Provisionales SEREMI MA CCMOS.pdf,Medidas Prov,CCMO,Informe Medidas Provisionales SEREMI MA CCMOS.pdf,pdf,1571593,1.499,Medidas provisionales / programas control emisiones,Alta,Pendiente,
DOC-1430,antecedentes/Medidas Prov/CCMO/Obs2/Ord. 1583 SEREMI MMA envía Observaciones digital.php.pdf,Medidas Prov,CCMO,Ord. 1583 SEREMI MMA envía Observaciones digital.php.pdf,pdf,257807,0.246,Medidas provisionales / programas control emisiones,Alta,Pendiente,
DOC-1431,antecedentes/Medidas Prov/CCMO/Ord 1857 informa no mas observaciones PCE Ojos del Salado digital.php.pdf (SECURED).pdf,Medidas Prov,CCMO,Ord 1857 informa no mas observaciones PCE Ojos del Salado digital.php.pdf (SECURED).pdf,pdf,255488,0.244,Medidas provisionales / programas control emisiones,Alta,Pendiente,
DOC-1432,antecedentes/Medidas Prov/Decreto-15_18-OCT-2021.pdf,Medidas Prov,,Decreto-15_18-OCT-2021.pdf,pdf,136079,0.130,Medidas provisionales / programas control emisiones,Alta,Pendiente,
DOC-1433,antecedentes/Medidas Prov/Resolucion-4612-EXENTA_07-AGO-2025.pdf,Medidas Prov,,Resolucion-4612-EXENTA_07-AGO-2025.pdf,pdf,125867,0.120,Medidas provisionales / programas control emisiones,Alta,Pendiente,
DOC-1434,antecedentes/Obligaciones RCA/2040/PPT Candelaria - Obs críticas - Área Mina vf (21-08-2023) (1).pptx,Obligaciones RCA,2040,PPT Candelaria - Obs críticas - Área Mina vf (21-08-2023) (1).pptx,pptx,8235680,7.854,Obligaciones RCA / observaciones criticas,Alta,Pendiente,
DOC-1435,antecedentes/Obligaciones RCA/2040/PPT Candelaria - Obs críticas - Área Puerto vf (21-08-2023).pptx,Obligaciones RCA,2040,PPT Candelaria - Obs críticas - Área Puerto vf (21-08-2023).pptx,pptx,1549213,1.477,Obligaciones RCA / observaciones criticas,Alta,Pendiente,
DOC-1436,antecedentes/Otros/Res 1056.pdf,Otros,,Res 1056.pdf,pdf,90470765,86.280,Complementario,Media,Pendiente,
DOC-1437,antecedentes/Otros/Resolución Aprueba  PCTP Candelaria  RPC-57.1_4524 (1).pdf,Otros,,Resolución Aprueba  PCTP Candelaria  RPC-57.1_4524 (1).pdf,pdf,2590283,2.470,Complementario,Media,Pendiente,
DOC-1438,antecedentes/Planes de seguimiento ambiental asociados al componente aire/Resolucion-4612-EXENTA_07-AGO-2025.pdf,Planes de seguimiento ambiental asociados al componente aire,,Resolucion-4612-EXENTA_07-AGO-2025.pdf,pdf,124853,0.119,Planes de seguimiento aire,Alta,Pendiente,
DOC-1439,antecedentes/Presentaciones/Steerco MPS/10.09.25_Steerco MPS.pptx,Presentaciones,Steerco MPS,10.09.25_Steerco MPS.pptx,pptx,57655853,54.985,Presentaciones gestion / seguimiento interno,Media,Pendiente,
DOC-1440,antecedentes/Presentaciones/Steerco MPS/29.07.25 Steerco MPS.pptx,Presentaciones,Steerco MPS,29.07.25 Steerco MPS.pptx,pptx,111070402,105.925,Presentaciones gestion / seguimiento interno,Media,Pendiente,
DOC-1441,antecedentes/Presentaciones/Steerco MPS/MAJulio2026.pptx,Presentaciones,Steerco MPS,MAJulio2026.pptx,pptx,240531256,229.388,Presentaciones gestion / seguimiento interno,Media,Pendiente,
DOC-1442,antecedentes/Presentaciones/Steerco MPS/Steerco Gestion Emisiones Junio 2026.pptx,Presentaciones,Steerco MPS,Steerco Gestion Emisiones Junio 2026.pptx,pptx,55753415,53.171,Presentaciones gestion / seguimiento interno,Media,Pendiente,
DOC-1443,antecedentes/Presentaciones/Steerco MPS/Steerco Gestion Emisiones Sep 2026.pptx,Presentaciones,Steerco MPS,Steerco Gestion Emisiones Sep 2026.pptx,pptx,50736019,48.386,Presentaciones gestion / seguimiento interno,Media,Pendiente,
DOC-1444,antecedentes/Presentaciones/Taller/Status Calidad Aire.pptx,Presentaciones,Taller,Status Calidad Aire.pptx,pptx,13036902,12.433,Presentaciones gestion / seguimiento interno,Media,Pendiente,
DOC-1445,antecedentes/Presentaciones/Taller/Taller Gestion Emisiones_inprog.pptx,Presentaciones,Taller,Taller Gestion Emisiones_inprog.pptx,pptx,123010288,117.312,Presentaciones gestion / seguimiento interno,Media,Pendiente,
